--
-- PostgreSQL database dump
--

\restrict aQGB285nvv33nb2iKsUqDQI6DjBcfZ4BQhH5UyxyIKeRPJ8zXaxzPUDytMxcaQI

-- Dumped from database version 13.23 (Debian 13.23-1.pgdg13+1)
-- Dumped by pg_dump version 13.23 (Debian 13.23-1.pgdg13+1)

SET statement_timeout = 0;
SET lock_timeout = 0;
SET idle_in_transaction_session_timeout = 0;
SET client_encoding = 'UTF8';
SET standard_conforming_strings = on;
SELECT pg_catalog.set_config('search_path', '', false);
SET check_function_bodies = false;
SET xmloption = content;
SET client_min_messages = warning;
SET row_security = off;

SET default_tablespace = '';

SET default_table_access_method = heap;

--
-- Name: auth_group; Type: TABLE; Schema: public; Owner: postgres
--

CREATE TABLE public.auth_group (
    id integer NOT NULL,
    name character varying(150) NOT NULL
);


ALTER TABLE public.auth_group OWNER TO postgres;

--
-- Name: auth_group_id_seq; Type: SEQUENCE; Schema: public; Owner: postgres
--

ALTER TABLE public.auth_group ALTER COLUMN id ADD GENERATED BY DEFAULT AS IDENTITY (
    SEQUENCE NAME public.auth_group_id_seq
    START WITH 1
    INCREMENT BY 1
    NO MINVALUE
    NO MAXVALUE
    CACHE 1
);


--
-- Name: auth_group_permissions; Type: TABLE; Schema: public; Owner: postgres
--

CREATE TABLE public.auth_group_permissions (
    id bigint NOT NULL,
    group_id integer NOT NULL,
    permission_id integer NOT NULL
);


ALTER TABLE public.auth_group_permissions OWNER TO postgres;

--
-- Name: auth_group_permissions_id_seq; Type: SEQUENCE; Schema: public; Owner: postgres
--

ALTER TABLE public.auth_group_permissions ALTER COLUMN id ADD GENERATED BY DEFAULT AS IDENTITY (
    SEQUENCE NAME public.auth_group_permissions_id_seq
    START WITH 1
    INCREMENT BY 1
    NO MINVALUE
    NO MAXVALUE
    CACHE 1
);


--
-- Name: auth_permission; Type: TABLE; Schema: public; Owner: postgres
--

CREATE TABLE public.auth_permission (
    id integer NOT NULL,
    name character varying(255) NOT NULL,
    content_type_id integer NOT NULL,
    codename character varying(100) NOT NULL
);


ALTER TABLE public.auth_permission OWNER TO postgres;

--
-- Name: auth_permission_id_seq; Type: SEQUENCE; Schema: public; Owner: postgres
--

ALTER TABLE public.auth_permission ALTER COLUMN id ADD GENERATED BY DEFAULT AS IDENTITY (
    SEQUENCE NAME public.auth_permission_id_seq
    START WITH 1
    INCREMENT BY 1
    NO MINVALUE
    NO MAXVALUE
    CACHE 1
);


--
-- Name: django_admin_log; Type: TABLE; Schema: public; Owner: postgres
--

CREATE TABLE public.django_admin_log (
    id integer NOT NULL,
    action_time timestamp with time zone NOT NULL,
    object_id text,
    object_repr character varying(200) NOT NULL,
    action_flag smallint NOT NULL,
    change_message text NOT NULL,
    content_type_id integer,
    user_id bigint NOT NULL,
    CONSTRAINT django_admin_log_action_flag_check CHECK ((action_flag >= 0))
);


ALTER TABLE public.django_admin_log OWNER TO postgres;

--
-- Name: django_admin_log_id_seq; Type: SEQUENCE; Schema: public; Owner: postgres
--

ALTER TABLE public.django_admin_log ALTER COLUMN id ADD GENERATED BY DEFAULT AS IDENTITY (
    SEQUENCE NAME public.django_admin_log_id_seq
    START WITH 1
    INCREMENT BY 1
    NO MINVALUE
    NO MAXVALUE
    CACHE 1
);


--
-- Name: django_content_type; Type: TABLE; Schema: public; Owner: postgres
--

CREATE TABLE public.django_content_type (
    id integer NOT NULL,
    app_label character varying(100) NOT NULL,
    model character varying(100) NOT NULL
);


ALTER TABLE public.django_content_type OWNER TO postgres;

--
-- Name: django_content_type_id_seq; Type: SEQUENCE; Schema: public; Owner: postgres
--

ALTER TABLE public.django_content_type ALTER COLUMN id ADD GENERATED BY DEFAULT AS IDENTITY (
    SEQUENCE NAME public.django_content_type_id_seq
    START WITH 1
    INCREMENT BY 1
    NO MINVALUE
    NO MAXVALUE
    CACHE 1
);


--
-- Name: django_migrations; Type: TABLE; Schema: public; Owner: postgres
--

CREATE TABLE public.django_migrations (
    id bigint NOT NULL,
    app character varying(255) NOT NULL,
    name character varying(255) NOT NULL,
    applied timestamp with time zone NOT NULL
);


ALTER TABLE public.django_migrations OWNER TO postgres;

--
-- Name: django_migrations_id_seq; Type: SEQUENCE; Schema: public; Owner: postgres
--

ALTER TABLE public.django_migrations ALTER COLUMN id ADD GENERATED BY DEFAULT AS IDENTITY (
    SEQUENCE NAME public.django_migrations_id_seq
    START WITH 1
    INCREMENT BY 1
    NO MINVALUE
    NO MAXVALUE
    CACHE 1
);


--
-- Name: django_session; Type: TABLE; Schema: public; Owner: postgres
--

CREATE TABLE public.django_session (
    session_key character varying(40) NOT NULL,
    session_data text NOT NULL,
    expire_date timestamp with time zone NOT NULL
);


ALTER TABLE public.django_session OWNER TO postgres;

--
-- Name: main_seosettings; Type: TABLE; Schema: public; Owner: postgres
--

CREATE TABLE public.main_seosettings (
    id bigint NOT NULL,
    meta_tags text NOT NULL,
    counters text NOT NULL
);


ALTER TABLE public.main_seosettings OWNER TO postgres;

--
-- Name: main_seosettings_id_seq; Type: SEQUENCE; Schema: public; Owner: postgres
--

ALTER TABLE public.main_seosettings ALTER COLUMN id ADD GENERATED BY DEFAULT AS IDENTITY (
    SEQUENCE NAME public.main_seosettings_id_seq
    START WITH 1
    INCREMENT BY 1
    NO MINVALUE
    NO MAXVALUE
    CACHE 1
);


--
-- Name: management_node_controlunit; Type: TABLE; Schema: public; Owner: postgres
--

CREATE TABLE public.management_node_controlunit (
    id bigint NOT NULL,
    designation character varying(255) NOT NULL,
    diameter numeric(10,1) NOT NULL,
    pressure_loss numeric(15,15) NOT NULL,
    control_unit_name_id bigint NOT NULL,
    installation_type character varying(50) NOT NULL
);


ALTER TABLE public.management_node_controlunit OWNER TO postgres;

--
-- Name: management_node_controlunit_id_seq; Type: SEQUENCE; Schema: public; Owner: postgres
--

ALTER TABLE public.management_node_controlunit ALTER COLUMN id ADD GENERATED BY DEFAULT AS IDENTITY (
    SEQUENCE NAME public.management_node_controlunit_id_seq
    START WITH 1
    INCREMENT BY 1
    NO MINVALUE
    NO MAXVALUE
    CACHE 1
);


--
-- Name: management_node_controlunitname; Type: TABLE; Schema: public; Owner: postgres
--

CREATE TABLE public.management_node_controlunitname (
    id bigint NOT NULL,
    name character varying(255) NOT NULL
);


ALTER TABLE public.management_node_controlunitname OWNER TO postgres;

--
-- Name: management_node_controlunitname_id_seq; Type: SEQUENCE; Schema: public; Owner: postgres
--

ALTER TABLE public.management_node_controlunitname ALTER COLUMN id ADD GENERATED BY DEFAULT AS IDENTITY (
    SEQUENCE NAME public.management_node_controlunitname_id_seq
    START WITH 1
    INCREMENT BY 1
    NO MINVALUE
    NO MAXVALUE
    CACHE 1
);


--
-- Name: python_logmessage; Type: TABLE; Schema: public; Owner: postgres
--

CREATE TABLE public.python_logmessage (
    id bigint NOT NULL,
    message character varying(300) NOT NULL,
    log_date timestamp with time zone NOT NULL
);


ALTER TABLE public.python_logmessage OWNER TO postgres;

--
-- Name: python_logmessage_id_seq; Type: SEQUENCE; Schema: public; Owner: postgres
--

ALTER TABLE public.python_logmessage ALTER COLUMN id ADD GENERATED BY DEFAULT AS IDENTITY (
    SEQUENCE NAME public.python_logmessage_id_seq
    START WITH 1
    INCREMENT BY 1
    NO MINVALUE
    NO MAXVALUE
    CACHE 1
);


--
-- Name: python_otv; Type: TABLE; Schema: public; Owner: postgres
--

CREATE TABLE public.python_otv (
    id bigint NOT NULL,
    distance double precision NOT NULL,
    speed integer NOT NULL,
    n_vetk integer NOT NULL,
    n_otv integer NOT NULL,
    d1 double precision NOT NULL,
    d2 double precision NOT NULL,
    d3 double precision NOT NULL,
    d4 double precision NOT NULL,
    d5 double precision NOT NULL,
    d6 double precision NOT NULL,
    d7 double precision NOT NULL,
    d8 double precision NOT NULL,
    d9 double precision NOT NULL,
    d10 double precision NOT NULL,
    d11 double precision NOT NULL,
    d12 double precision NOT NULL,
    d13 double precision NOT NULL,
    d14 double precision NOT NULL,
    d15 double precision NOT NULL,
    d16 double precision NOT NULL,
    d17 double precision NOT NULL,
    d18 double precision NOT NULL,
    d19 double precision NOT NULL,
    d20 double precision NOT NULL,
    d21 double precision NOT NULL,
    "Max_L_C" integer NOT NULL,
    "Max_L_B" integer NOT NULL,
    "Max_L_A" integer NOT NULL,
    "Max_L2_C" integer NOT NULL,
    "Max_L2_B" integer NOT NULL,
    "Max_L2_A" integer NOT NULL,
    "q_A" integer NOT NULL,
    "q_B" integer NOT NULL,
    "q_C" integer NOT NULL,
    vers integer NOT NULL
);


ALTER TABLE public.python_otv OWNER TO postgres;

--
-- Name: python_otv_id_seq; Type: SEQUENCE; Schema: public; Owner: postgres
--

ALTER TABLE public.python_otv ALTER COLUMN id ADD GENERATED BY DEFAULT AS IDENTITY (
    SEQUENCE NAME public.python_otv_id_seq
    START WITH 1
    INCREMENT BY 1
    NO MINVALUE
    NO MAXVALUE
    CACHE 1
);


--
-- Name: sprinkler_sprinkler; Type: TABLE; Schema: public; Owner: postgres
--

CREATE TABLE public.sprinkler_sprinkler (
    id bigint NOT NULL,
    name character varying(500) NOT NULL,
    diameter numeric(5,2),
    mu numeric(5,3),
    "Pmax" numeric(5,3),
    "Pmin" numeric(5,3),
    k0 numeric(5,4),
    k1 numeric(5,4),
    k2 numeric(5,4),
    k3 numeric(5,4),
    k4 numeric(5,4),
    k5 numeric(5,4),
    otv_type character varying(50) NOT NULL,
    "intensity_Pmax" numeric(8,5),
    "intensity_Pmin" numeric(8,5),
    groups character varying(255)[],
    "S" numeric(5,1),
    thermal_lock character varying(100) NOT NULL,
    mounting_position character varying(100) NOT NULL,
    "K" numeric(6,3),
    k6 numeric(5,4),
    k7 numeric(5,4)
);


ALTER TABLE public.sprinkler_sprinkler OWNER TO postgres;

--
-- Name: sprinkler_sprinkler_id_seq; Type: SEQUENCE; Schema: public; Owner: postgres
--

ALTER TABLE public.sprinkler_sprinkler ALTER COLUMN id ADD GENERATED BY DEFAULT AS IDENTITY (
    SEQUENCE NAME public.sprinkler_sprinkler_id_seq
    START WITH 1
    INCREMENT BY 1
    NO MINVALUE
    NO MAXVALUE
    CACHE 1
);


--
-- Name: tubes_tubetype; Type: TABLE; Schema: public; Owner: postgres
--

CREATE TABLE public.tubes_tubetype (
    id bigint NOT NULL,
    name character varying(255) NOT NULL
);


ALTER TABLE public.tubes_tubetype OWNER TO postgres;

--
-- Name: tubes_tubetype_id_seq; Type: SEQUENCE; Schema: public; Owner: postgres
--

ALTER TABLE public.tubes_tubetype ALTER COLUMN id ADD GENERATED BY DEFAULT AS IDENTITY (
    SEQUENCE NAME public.tubes_tubetype_id_seq
    START WITH 1
    INCREMENT BY 1
    NO MINVALUE
    NO MAXVALUE
    CACHE 1
);


--
-- Name: tubes_type; Type: TABLE; Schema: public; Owner: postgres
--

CREATE TABLE public.tubes_type (
    id bigint NOT NULL,
    nom_size numeric(10,1) NOT NULL,
    ext_size numeric(10,1) NOT NULL,
    thickness numeric(10,1) NOT NULL,
    k_t numeric(15,4) NOT NULL,
    tube_type_id bigint NOT NULL
);


ALTER TABLE public.tubes_type OWNER TO postgres;

--
-- Name: tubes_type_id_seq; Type: SEQUENCE; Schema: public; Owner: postgres
--

ALTER TABLE public.tubes_type ALTER COLUMN id ADD GENERATED BY DEFAULT AS IDENTITY (
    SEQUENCE NAME public.tubes_type_id_seq
    START WITH 1
    INCREMENT BY 1
    NO MINVALUE
    NO MAXVALUE
    CACHE 1
);


--
-- Name: users_calculateresult; Type: TABLE; Schema: public; Owner: postgres
--

CREATE TABLE public.users_calculateresult (
    id uuid NOT NULL,
    created_at timestamp with time zone NOT NULL,
    data jsonb NOT NULL,
    user_id bigint
);


ALTER TABLE public.users_calculateresult OWNER TO postgres;

--
-- Name: users_user; Type: TABLE; Schema: public; Owner: postgres
--

CREATE TABLE public.users_user (
    id bigint NOT NULL,
    password character varying(128) NOT NULL,
    last_login timestamp with time zone,
    is_superuser boolean NOT NULL,
    username character varying(150) NOT NULL,
    email character varying(254) NOT NULL,
    is_staff boolean NOT NULL,
    is_active boolean NOT NULL,
    date_joined timestamp with time zone NOT NULL,
    first_name character varying(100),
    last_name character varying(100),
    parent_name character varying(100)
);


ALTER TABLE public.users_user OWNER TO postgres;

--
-- Name: users_user_groups; Type: TABLE; Schema: public; Owner: postgres
--

CREATE TABLE public.users_user_groups (
    id bigint NOT NULL,
    user_id bigint NOT NULL,
    group_id integer NOT NULL
);


ALTER TABLE public.users_user_groups OWNER TO postgres;

--
-- Name: users_user_groups_id_seq; Type: SEQUENCE; Schema: public; Owner: postgres
--

ALTER TABLE public.users_user_groups ALTER COLUMN id ADD GENERATED BY DEFAULT AS IDENTITY (
    SEQUENCE NAME public.users_user_groups_id_seq
    START WITH 1
    INCREMENT BY 1
    NO MINVALUE
    NO MAXVALUE
    CACHE 1
);


--
-- Name: users_user_id_seq; Type: SEQUENCE; Schema: public; Owner: postgres
--

ALTER TABLE public.users_user ALTER COLUMN id ADD GENERATED BY DEFAULT AS IDENTITY (
    SEQUENCE NAME public.users_user_id_seq
    START WITH 1
    INCREMENT BY 1
    NO MINVALUE
    NO MAXVALUE
    CACHE 1
);


--
-- Name: users_user_user_permissions; Type: TABLE; Schema: public; Owner: postgres
--

CREATE TABLE public.users_user_user_permissions (
    id bigint NOT NULL,
    user_id bigint NOT NULL,
    permission_id integer NOT NULL
);


ALTER TABLE public.users_user_user_permissions OWNER TO postgres;

--
-- Name: users_user_user_permissions_id_seq; Type: SEQUENCE; Schema: public; Owner: postgres
--

ALTER TABLE public.users_user_user_permissions ALTER COLUMN id ADD GENERATED BY DEFAULT AS IDENTITY (
    SEQUENCE NAME public.users_user_user_permissions_id_seq
    START WITH 1
    INCREMENT BY 1
    NO MINVALUE
    NO MAXVALUE
    CACHE 1
);


--
-- Data for Name: auth_group; Type: TABLE DATA; Schema: public; Owner: postgres
--

COPY public.auth_group (id, name) FROM stdin;
\.


--
-- Data for Name: auth_group_permissions; Type: TABLE DATA; Schema: public; Owner: postgres
--

COPY public.auth_group_permissions (id, group_id, permission_id) FROM stdin;
\.


--
-- Data for Name: auth_permission; Type: TABLE DATA; Schema: public; Owner: postgres
--

COPY public.auth_permission (id, name, content_type_id, codename) FROM stdin;
1	Can add log entry	1	add_logentry
2	Can change log entry	1	change_logentry
3	Can delete log entry	1	delete_logentry
4	Can view log entry	1	view_logentry
5	Can add permission	2	add_permission
6	Can change permission	2	change_permission
7	Can delete permission	2	delete_permission
8	Can view permission	2	view_permission
9	Can add group	3	add_group
10	Can change group	3	change_group
11	Can delete group	3	delete_group
12	Can view group	3	view_group
13	Can add content type	4	add_contenttype
14	Can change content type	4	change_contenttype
15	Can delete content type	4	delete_contenttype
16	Can view content type	4	view_contenttype
17	Can add session	5	add_session
18	Can change session	5	change_session
19	Can delete session	5	delete_session
20	Can view session	5	view_session
21	Can add Группа	6	add_usergroup
22	Can change Группа	6	change_usergroup
23	Can delete Группа	6	delete_usergroup
24	Can view Группа	6	view_usergroup
25	Can add Пользователь	7	add_user
26	Can change Пользователь	7	change_user
27	Can delete Пользователь	7	delete_user
28	Can view Пользователь	7	view_user
29	Can add Ороситель	8	add_sprinkler
30	Can change Ороситель	8	change_sprinkler
31	Can delete Ороситель	8	delete_sprinkler
32	Can view Ороситель	8	view_sprinkler
33	Can add Настройки SEO	9	add_seosettings
34	Can change Настройки SEO	9	change_seosettings
35	Can delete Настройки SEO	9	delete_seosettings
36	Can view Настройки SEO	9	view_seosettings
37	Can add type	10	add_type
38	Can change type	10	change_type
39	Can delete type	10	delete_type
40	Can view type	10	view_type
41	Can add tube type	11	add_tubetype
42	Can change tube type	11	change_tubetype
43	Can delete tube type	11	delete_tubetype
44	Can view tube type	11	view_tubetype
45	Can add control unit name	12	add_controlunitname
46	Can change control unit name	12	change_controlunitname
47	Can delete control unit name	12	delete_controlunitname
48	Can view control unit name	12	view_controlunitname
49	Can add control unit	13	add_controlunit
50	Can change control unit	13	change_controlunit
51	Can delete control unit	13	delete_controlunit
52	Can view control unit	13	view_controlunit
53	Can add Результат расчета	14	add_calculateresult
54	Can change Результат расчета	14	change_calculateresult
55	Can delete Результат расчета	14	delete_calculateresult
56	Can view Результат расчета	14	view_calculateresult
57	Can add otv	15	add_otv
58	Can change otv	15	change_otv
59	Can delete otv	15	delete_otv
60	Can view otv	15	view_otv
\.


--
-- Data for Name: django_admin_log; Type: TABLE DATA; Schema: public; Owner: postgres
--

COPY public.django_admin_log (id, action_time, object_id, object_repr, action_flag, change_message, content_type_id, user_id) FROM stdin;
1	2024-08-09 00:57:15.020752+00	17	Sprinkler object (17)	2	[{"changed": {"fields": ["\\u0422\\u0438\\u043f \\u041e\\u0422\\u0412"]}}]	8	1
2	2024-08-09 00:57:15.103019+00	18	Sprinkler object (18)	2	[{"changed": {"fields": ["\\u0422\\u0438\\u043f \\u041e\\u0422\\u0412"]}}]	8	1
3	2024-08-09 00:57:15.112624+00	19	Sprinkler object (19)	2	[{"changed": {"fields": ["\\u0422\\u0438\\u043f \\u041e\\u0422\\u0412"]}}]	8	1
4	2024-08-09 00:57:15.11942+00	20	Sprinkler object (20)	2	[{"changed": {"fields": ["\\u0422\\u0438\\u043f \\u041e\\u0422\\u0412"]}}]	8	1
5	2024-08-09 01:01:19.939549+00	65	Sprinkler object (65)	2	[{"changed": {"fields": ["\\u0422\\u0438\\u043f \\u041e\\u0422\\u0412"]}}]	8	1
6	2024-08-09 01:01:19.943172+00	67	Sprinkler object (67)	2	[{"changed": {"fields": ["\\u0422\\u0438\\u043f \\u041e\\u0422\\u0412"]}}]	8	1
7	2024-08-09 01:01:19.94644+00	68	Sprinkler object (68)	2	[{"changed": {"fields": ["\\u0422\\u0438\\u043f \\u041e\\u0422\\u0412", "\\u041c\\u0438\\u043d. \\u0440\\u0430\\u0431\\u043e\\u0447\\u0435\\u0435 \\u0434\\u0430\\u0432\\u043b\\u0435\\u043d\\u0438\\u0435, \\u041c\\u041f\\u0430"]}}]	8	1
8	2024-08-09 01:01:19.949295+00	71	Sprinkler object (71)	2	[{"changed": {"fields": ["\\u0422\\u0438\\u043f \\u041e\\u0422\\u0412"]}}]	8	1
9	2024-08-09 01:01:19.952474+00	73	Sprinkler object (73)	2	[{"changed": {"fields": ["\\u041a\\u043e\\u044d\\u0444\\u0444\\u0438\\u0446\\u0438\\u0435\\u043d\\u0442 k5", "\\u041a\\u043e\\u044d\\u0444\\u0444\\u0438\\u0446\\u0438\\u0435\\u043d\\u0442 k4", "\\u041a\\u043e\\u044d\\u0444\\u0444\\u0438\\u0446\\u0438\\u0435\\u043d\\u0442 k3", "\\u041a\\u043e\\u044d\\u0444\\u0444\\u0438\\u0446\\u0438\\u0435\\u043d\\u0442 k2", "\\u041a\\u043e\\u044d\\u0444\\u0444\\u0438\\u0446\\u0438\\u0435\\u043d\\u0442 k1", "\\u041a\\u043e\\u044d\\u0444\\u0444\\u0438\\u0446\\u0438\\u0435\\u043d\\u0442 k0"]}}]	8	1
10	2024-08-09 01:03:23.209719+00	69	Sprinkler object (69)	2	[{"changed": {"fields": ["\\u041a\\u043e\\u044d\\u0444\\u0444\\u0438\\u0446\\u0438\\u0435\\u043d\\u0442 k5", "\\u041a\\u043e\\u044d\\u0444\\u0444\\u0438\\u0446\\u0438\\u0435\\u043d\\u0442 k4", "\\u041a\\u043e\\u044d\\u0444\\u0444\\u0438\\u0446\\u0438\\u0435\\u043d\\u0442 k3", "\\u041a\\u043e\\u044d\\u0444\\u0444\\u0438\\u0446\\u0438\\u0435\\u043d\\u0442 k2", "\\u041a\\u043e\\u044d\\u0444\\u0444\\u0438\\u0446\\u0438\\u0435\\u043d\\u0442 k1", "\\u041a\\u043e\\u044d\\u0444\\u0444\\u0438\\u0446\\u0438\\u0435\\u043d\\u0442 k0"]}}]	8	1
11	2024-08-09 01:03:23.21361+00	74	Sprinkler object (74)	2	[{"changed": {"fields": ["\\u0422\\u0438\\u043f \\u041e\\u0422\\u0412", "\\u041c\\u0438\\u043d. \\u0440\\u0430\\u0431\\u043e\\u0447\\u0435\\u0435 \\u0434\\u0430\\u0432\\u043b\\u0435\\u043d\\u0438\\u0435, \\u041c\\u041f\\u0430"]}}]	8	1
12	2024-08-09 01:10:26.683318+00	29	Sprinkler object (29)	2	[{"changed": {"fields": ["\\u0422\\u0438\\u043f \\u041e\\u0422\\u0412", "\\u041c\\u0438\\u043d. \\u0440\\u0430\\u0431\\u043e\\u0447\\u0435\\u0435 \\u0434\\u0430\\u0432\\u043b\\u0435\\u043d\\u0438\\u0435, \\u041c\\u041f\\u0430"]}}]	8	1
13	2024-08-09 01:10:26.687656+00	78	Sprinkler object (78)	2	[{"changed": {"fields": ["\\u0422\\u0438\\u043f \\u041e\\u0422\\u0412", "\\u041c\\u0438\\u043d. \\u0440\\u0430\\u0431\\u043e\\u0447\\u0435\\u0435 \\u0434\\u0430\\u0432\\u043b\\u0435\\u043d\\u0438\\u0435, \\u041c\\u041f\\u0430"]}}]	8	1
14	2024-08-09 01:11:32.100781+00	79	Sprinkler object (79)	1	[{"added": {}}]	8	1
15	2024-08-09 01:12:21.467535+00	80	Sprinkler object (80)	1	[{"added": {}}]	8	1
16	2024-08-09 01:12:56.897088+00	81	Sprinkler object (81)	1	[{"added": {}}]	8	1
17	2024-08-09 01:13:30.551602+00	82	Sprinkler object (82)	1	[{"added": {}}]	8	1
18	2024-08-09 01:15:02.986105+00	31	Sprinkler object (31)	2	[{"changed": {"fields": ["\\u0422\\u0438\\u043f \\u041e\\u0422\\u0412", "\\u041c\\u0438\\u043d. \\u0440\\u0430\\u0431\\u043e\\u0447\\u0435\\u0435 \\u0434\\u0430\\u0432\\u043b\\u0435\\u043d\\u0438\\u0435, \\u041c\\u041f\\u0430"]}}]	8	1
19	2024-08-09 01:15:52.994416+00	83	Sprinkler object (83)	1	[{"added": {}}]	8	1
20	2024-08-09 01:19:57.816142+00	34	Sprinkler object (34)	2	[{"changed": {"fields": ["\\u0422\\u0438\\u043f \\u041e\\u0422\\u0412", "\\u041c\\u0438\\u043d. \\u0440\\u0430\\u0431\\u043e\\u0447\\u0435\\u0435 \\u0434\\u0430\\u0432\\u043b\\u0435\\u043d\\u0438\\u0435, \\u041c\\u041f\\u0430"]}}]	8	1
21	2024-08-09 01:22:07.547072+00	35	Sprinkler object (35)	2	[{"changed": {"fields": ["\\u0422\\u0438\\u043f \\u041e\\u0422\\u0412"]}}]	8	1
22	2024-08-09 01:22:59.780226+00	35	Sprinkler object (35)	2	[{"changed": {"fields": ["\\u0422\\u0438\\u043f \\u041e\\u0422\\u0412", "\\u041a\\u043e\\u044d\\u0444\\u0444\\u0438\\u0446\\u0438\\u0435\\u043d\\u0442 k3", "\\u041a\\u043e\\u044d\\u0444\\u0444\\u0438\\u0446\\u0438\\u0435\\u043d\\u0442 k2", "\\u041a\\u043e\\u044d\\u0444\\u0444\\u0438\\u0446\\u0438\\u0435\\u043d\\u0442 k1", "\\u041a\\u043e\\u044d\\u0444\\u0444\\u0438\\u0446\\u0438\\u0435\\u043d\\u0442 k0"]}}]	8	1
23	2024-08-09 01:23:22.641457+00	36	Sprinkler object (36)	2	[{"changed": {"fields": ["\\u0422\\u0438\\u043f \\u041e\\u0422\\u0412"]}}]	8	1
24	2024-08-09 01:24:01.427454+00	36	Sprinkler object (36)	2	[{"changed": {"fields": ["\\u0422\\u0438\\u043f \\u041e\\u0422\\u0412", "\\u041a\\u043e\\u044d\\u0444\\u0444\\u0438\\u0446\\u0438\\u0435\\u043d\\u0442 k3", "\\u041a\\u043e\\u044d\\u0444\\u0444\\u0438\\u0446\\u0438\\u0435\\u043d\\u0442 k2", "\\u041a\\u043e\\u044d\\u0444\\u0444\\u0438\\u0446\\u0438\\u0435\\u043d\\u0442 k1", "\\u041a\\u043e\\u044d\\u0444\\u0444\\u0438\\u0446\\u0438\\u0435\\u043d\\u0442 k0"]}}]	8	1
25	2024-08-09 01:24:57.903945+00	37	Sprinkler object (37)	2	[{"changed": {"fields": ["\\u0422\\u0438\\u043f \\u041e\\u0422\\u0412"]}}]	8	1
26	2024-08-09 01:25:38.841427+00	37	Sprinkler object (37)	2	[{"changed": {"fields": ["\\u0422\\u0438\\u043f \\u041e\\u0422\\u0412", "\\u041a\\u043e\\u044d\\u0444\\u0444\\u0438\\u0446\\u0438\\u0435\\u043d\\u0442 k3", "\\u041a\\u043e\\u044d\\u0444\\u0444\\u0438\\u0446\\u0438\\u0435\\u043d\\u0442 k2", "\\u041a\\u043e\\u044d\\u0444\\u0444\\u0438\\u0446\\u0438\\u0435\\u043d\\u0442 k1", "\\u041a\\u043e\\u044d\\u0444\\u0444\\u0438\\u0446\\u0438\\u0435\\u043d\\u0442 k0"]}}]	8	1
27	2024-08-09 01:25:38.844506+00	90	Sprinkler object (90)	2	[{"changed": {"fields": ["\\u041c\\u0438\\u043d. \\u0440\\u0430\\u0431\\u043e\\u0447\\u0435\\u0435 \\u0434\\u0430\\u0432\\u043b\\u0435\\u043d\\u0438\\u0435, \\u041c\\u041f\\u0430"]}}]	8	1
28	2024-08-09 01:26:08.74889+00	38	Sprinkler object (38)	2	[{"changed": {"fields": ["\\u0422\\u0438\\u043f \\u041e\\u0422\\u0412"]}}]	8	1
29	2024-08-09 01:26:45.39562+00	38	Sprinkler object (38)	2	[{"changed": {"fields": ["\\u0422\\u0438\\u043f \\u041e\\u0422\\u0412", "\\u041a\\u043e\\u044d\\u0444\\u0444\\u0438\\u0446\\u0438\\u0435\\u043d\\u0442 k3", "\\u041a\\u043e\\u044d\\u0444\\u0444\\u0438\\u0446\\u0438\\u0435\\u043d\\u0442 k2", "\\u041a\\u043e\\u044d\\u0444\\u0444\\u0438\\u0446\\u0438\\u0435\\u043d\\u0442 k1", "\\u041a\\u043e\\u044d\\u0444\\u0444\\u0438\\u0446\\u0438\\u0435\\u043d\\u0442 k0"]}}]	8	1
30	2024-08-09 01:26:45.399326+00	91	Sprinkler object (91)	2	[{"changed": {"fields": ["\\u041c\\u0438\\u043d. \\u0440\\u0430\\u0431\\u043e\\u0447\\u0435\\u0435 \\u0434\\u0430\\u0432\\u043b\\u0435\\u043d\\u0438\\u0435, \\u041c\\u041f\\u0430"]}}]	8	1
31	2024-08-09 01:27:43.210547+00	39	Sprinkler object (39)	2	[{"changed": {"fields": ["\\u0422\\u0438\\u043f \\u041e\\u0422\\u0412", "\\u041c\\u0438\\u043d. \\u0440\\u0430\\u0431\\u043e\\u0447\\u0435\\u0435 \\u0434\\u0430\\u0432\\u043b\\u0435\\u043d\\u0438\\u0435, \\u041c\\u041f\\u0430"]}}]	8	1
32	2024-08-09 01:29:23.517262+00	39	Sprinkler object (39)	2	[{"changed": {"fields": ["\\u0422\\u0438\\u043f \\u041e\\u0422\\u0412"]}}]	8	1
33	2024-08-09 01:29:23.524162+00	92	Sprinkler object (92)	2	[{"changed": {"fields": ["\\u0422\\u0438\\u043f \\u041e\\u0422\\u0412"]}}]	8	1
79	2024-08-14 05:24:16.515492+00	107	СУУ-15	1	[{"added": {}}]	8	3
34	2024-08-09 01:29:57.638151+00	39	Sprinkler object (39)	2	[{"changed": {"fields": ["\\u041c\\u0438\\u043d. \\u0440\\u0430\\u0431\\u043e\\u0447\\u0435\\u0435 \\u0434\\u0430\\u0432\\u043b\\u0435\\u043d\\u0438\\u0435, \\u041c\\u041f\\u0430", "\\u041a\\u043e\\u044d\\u0444\\u0444\\u0438\\u0446\\u0438\\u0435\\u043d\\u0442 k3", "\\u041a\\u043e\\u044d\\u0444\\u0444\\u0438\\u0446\\u0438\\u0435\\u043d\\u0442 k2", "\\u041a\\u043e\\u044d\\u0444\\u0444\\u0438\\u0446\\u0438\\u0435\\u043d\\u0442 k1", "\\u041a\\u043e\\u044d\\u0444\\u0444\\u0438\\u0446\\u0438\\u0435\\u043d\\u0442 k0"]}}]	8	1
35	2024-08-09 01:29:57.641877+00	92	Sprinkler object (92)	2	[{"changed": {"fields": ["\\u041a\\u043e\\u044d\\u0444\\u0444\\u0438\\u0446\\u0438\\u0435\\u043d\\u0442 k3", "\\u041a\\u043e\\u044d\\u0444\\u0444\\u0438\\u0446\\u0438\\u0435\\u043d\\u0442 k2", "\\u041a\\u043e\\u044d\\u0444\\u0444\\u0438\\u0446\\u0438\\u0435\\u043d\\u0442 k1", "\\u041a\\u043e\\u044d\\u0444\\u0444\\u0438\\u0446\\u0438\\u0435\\u043d\\u0442 k0"]}}]	8	1
36	2024-08-09 01:30:09.134845+00	92	Sprinkler object (92)	2	[{"changed": {"fields": ["\\u041c\\u0438\\u043d. \\u0440\\u0430\\u0431\\u043e\\u0447\\u0435\\u0435 \\u0434\\u0430\\u0432\\u043b\\u0435\\u043d\\u0438\\u0435, \\u041c\\u041f\\u0430"]}}]	8	1
37	2024-08-09 01:31:04.69463+00	40	Sprinkler object (40)	2	[{"changed": {"fields": ["\\u0422\\u0438\\u043f \\u041e\\u0422\\u0412"]}}]	8	1
38	2024-08-09 01:31:23.347772+00	40	Sprinkler object (40)	2	[{"changed": {"fields": ["\\u0422\\u0438\\u043f \\u041e\\u0422\\u0412"]}}]	8	1
39	2024-08-09 01:31:51.199382+00	96	Sprinkler object (96)	2	[{"changed": {"fields": ["\\u0422\\u0438\\u043f \\u041e\\u0422\\u0412"]}}]	8	1
40	2024-08-09 01:32:06.580165+00	40	Sprinkler object (40)	2	[{"changed": {"fields": ["\\u041c\\u0438\\u043d. \\u0440\\u0430\\u0431\\u043e\\u0447\\u0435\\u0435 \\u0434\\u0430\\u0432\\u043b\\u0435\\u043d\\u0438\\u0435, \\u041c\\u041f\\u0430"]}}]	8	1
41	2024-08-09 01:32:06.583382+00	96	Sprinkler object (96)	2	[{"changed": {"fields": ["\\u041c\\u0438\\u043d. \\u0440\\u0430\\u0431\\u043e\\u0447\\u0435\\u0435 \\u0434\\u0430\\u0432\\u043b\\u0435\\u043d\\u0438\\u0435, \\u041c\\u041f\\u0430"]}}]	8	1
42	2024-08-09 01:32:57.326934+00	40	Sprinkler object (40)	2	[{"changed": {"fields": ["\\u041a\\u043e\\u044d\\u0444\\u0444\\u0438\\u0446\\u0438\\u0435\\u043d\\u0442 k3", "\\u041a\\u043e\\u044d\\u0444\\u0444\\u0438\\u0446\\u0438\\u0435\\u043d\\u0442 k2", "\\u041a\\u043e\\u044d\\u0444\\u0444\\u0438\\u0446\\u0438\\u0435\\u043d\\u0442 k1", "\\u041a\\u043e\\u044d\\u0444\\u0444\\u0438\\u0446\\u0438\\u0435\\u043d\\u0442 k0"]}}]	8	1
43	2024-08-09 01:32:57.330442+00	96	Sprinkler object (96)	2	[{"changed": {"fields": ["\\u041a\\u043e\\u044d\\u0444\\u0444\\u0438\\u0446\\u0438\\u0435\\u043d\\u0442 k3", "\\u041a\\u043e\\u044d\\u0444\\u0444\\u0438\\u0446\\u0438\\u0435\\u043d\\u0442 k2", "\\u041a\\u043e\\u044d\\u0444\\u0444\\u0438\\u0446\\u0438\\u0435\\u043d\\u0442 k1", "\\u041a\\u043e\\u044d\\u0444\\u0444\\u0438\\u0446\\u0438\\u0435\\u043d\\u0442 k0"]}}]	8	1
44	2024-08-09 02:32:45.594487+00	98	Sprinkler object (98)	2	[{"changed": {"fields": ["\\u041c\\u0438\\u043d. \\u0440\\u0430\\u0431\\u043e\\u0447\\u0435\\u0435 \\u0434\\u0430\\u0432\\u043b\\u0435\\u043d\\u0438\\u0435, \\u041c\\u041f\\u0430"]}}]	8	1
45	2024-08-09 02:33:16.3833+00	23	Sprinkler object (23)	2	[{"changed": {"fields": ["\\u041a\\u043e\\u044d\\u0444\\u0444\\u0438\\u0446\\u0438\\u0435\\u043d\\u0442 k5", "\\u041a\\u043e\\u044d\\u0444\\u0444\\u0438\\u0446\\u0438\\u0435\\u043d\\u0442 k4", "\\u041a\\u043e\\u044d\\u0444\\u0444\\u0438\\u0446\\u0438\\u0435\\u043d\\u0442 k3", "\\u041a\\u043e\\u044d\\u0444\\u0444\\u0438\\u0446\\u0438\\u0435\\u043d\\u0442 k2", "\\u041a\\u043e\\u044d\\u0444\\u0444\\u0438\\u0446\\u0438\\u0435\\u043d\\u0442 k1", "\\u041a\\u043e\\u044d\\u0444\\u0444\\u0438\\u0446\\u0438\\u0435\\u043d\\u0442 k0"]}}]	8	1
46	2024-08-09 02:33:16.388809+00	98	Sprinkler object (98)	2	[{"changed": {"fields": ["\\u0422\\u0438\\u043f \\u041e\\u0422\\u0412"]}}]	8	1
47	2024-08-09 02:40:53.584103+00	2	None None	1	[{"added": {}}]	7	1
48	2024-08-09 02:41:27.244409+00	2	None None	3		7	1
49	2024-08-14 03:40:52.582803+00	79	SU-К80	2	[{"changed": {"fields": ["\\u041a\\u043e\\u044d\\u0444\\u0444\\u0438\\u0446\\u0438\\u0435\\u043d\\u0442 k5", "\\u041a\\u043e\\u044d\\u0444\\u0444\\u0438\\u0446\\u0438\\u0435\\u043d\\u0442 k4", "\\u041a\\u043e\\u044d\\u0444\\u0444\\u0438\\u0446\\u0438\\u0435\\u043d\\u0442 k3", "\\u041a\\u043e\\u044d\\u0444\\u0444\\u0438\\u0446\\u0438\\u0435\\u043d\\u0442 k2", "\\u041a\\u043e\\u044d\\u0444\\u0444\\u0438\\u0446\\u0438\\u0435\\u043d\\u0442 k1", "\\u041a\\u043e\\u044d\\u0444\\u0444\\u0438\\u0446\\u0438\\u0435\\u043d\\u0442 k0"]}}]	8	3
50	2024-08-14 03:40:52.920678+00	80	SSU-К80	2	[{"changed": {"fields": ["\\u041a\\u043e\\u044d\\u0444\\u0444\\u0438\\u0446\\u0438\\u0435\\u043d\\u0442 k5", "\\u041a\\u043e\\u044d\\u0444\\u0444\\u0438\\u0446\\u0438\\u0435\\u043d\\u0442 k4", "\\u041a\\u043e\\u044d\\u0444\\u0444\\u0438\\u0446\\u0438\\u0435\\u043d\\u0442 k3", "\\u041a\\u043e\\u044d\\u0444\\u0444\\u0438\\u0446\\u0438\\u0435\\u043d\\u0442 k2", "\\u041a\\u043e\\u044d\\u0444\\u0444\\u0438\\u0446\\u0438\\u0435\\u043d\\u0442 k1", "\\u041a\\u043e\\u044d\\u0444\\u0444\\u0438\\u0446\\u0438\\u0435\\u043d\\u0442 k0"]}}]	8	3
51	2024-08-14 04:44:51.334163+00	84	SSU-К115	2	[{"changed": {"fields": ["\\u041a\\u043e\\u044d\\u0444\\u0444\\u0438\\u0446\\u0438\\u0435\\u043d\\u0442 k5", "\\u041a\\u043e\\u044d\\u0444\\u0444\\u0438\\u0446\\u0438\\u0435\\u043d\\u0442 k4", "\\u041a\\u043e\\u044d\\u0444\\u0444\\u0438\\u0446\\u0438\\u0435\\u043d\\u0442 k3", "\\u041a\\u043e\\u044d\\u0444\\u0444\\u0438\\u0446\\u0438\\u0435\\u043d\\u0442 k2", "\\u041a\\u043e\\u044d\\u0444\\u0444\\u0438\\u0446\\u0438\\u0435\\u043d\\u0442 k1", "\\u041a\\u043e\\u044d\\u0444\\u0444\\u0438\\u0446\\u0438\\u0435\\u043d\\u0442 k0"]}}]	8	3
52	2024-08-14 04:48:51.098513+00	82	SSP-К80	2	[{"changed": {"fields": ["\\u041a\\u043e\\u044d\\u0444\\u0444\\u0438\\u0446\\u0438\\u0435\\u043d\\u0442 k5", "\\u041a\\u043e\\u044d\\u0444\\u0444\\u0438\\u0446\\u0438\\u0435\\u043d\\u0442 k4", "\\u041a\\u043e\\u044d\\u0444\\u0444\\u0438\\u0446\\u0438\\u0435\\u043d\\u0442 k3", "\\u041a\\u043e\\u044d\\u0444\\u0444\\u0438\\u0446\\u0438\\u0435\\u043d\\u0442 k2", "\\u041a\\u043e\\u044d\\u0444\\u0444\\u0438\\u0446\\u0438\\u0435\\u043d\\u0442 k1", "\\u041a\\u043e\\u044d\\u0444\\u0444\\u0438\\u0446\\u0438\\u0435\\u043d\\u0442 k0"]}}]	8	3
53	2024-08-14 04:49:40.390025+00	33	SSP-К80	3		8	3
54	2024-08-14 04:50:01.763162+00	82	SSP-К80	3		8	3
55	2024-08-14 04:50:23.070753+00	81	SP-К80	2	[{"changed": {"fields": ["\\u041a\\u043e\\u044d\\u0444\\u0444\\u0438\\u0446\\u0438\\u0435\\u043d\\u0442 k5", "\\u041a\\u043e\\u044d\\u0444\\u0444\\u0438\\u0446\\u0438\\u0435\\u043d\\u0442 k4", "\\u041a\\u043e\\u044d\\u0444\\u0444\\u0438\\u0446\\u0438\\u0435\\u043d\\u0442 k3", "\\u041a\\u043e\\u044d\\u0444\\u0444\\u0438\\u0446\\u0438\\u0435\\u043d\\u0442 k2", "\\u041a\\u043e\\u044d\\u0444\\u0444\\u0438\\u0446\\u0438\\u0435\\u043d\\u0442 k1", "\\u041a\\u043e\\u044d\\u0444\\u0444\\u0438\\u0446\\u0438\\u0435\\u043d\\u0442 k0"]}}]	8	3
56	2024-08-14 04:51:51.384186+00	99	SP-К80	1	[{"added": {}}]	8	3
57	2024-08-14 04:52:04.857635+00	100	SSP-К80	1	[{"added": {}}]	8	3
58	2024-08-14 04:53:06.888814+00	99	SP-К80	2	[{"changed": {"fields": ["\\u041a\\u043e\\u044d\\u0444\\u0444\\u0438\\u0446\\u0438\\u0435\\u043d\\u0442 k5", "\\u041a\\u043e\\u044d\\u0444\\u0444\\u0438\\u0446\\u0438\\u0435\\u043d\\u0442 k4", "\\u041a\\u043e\\u044d\\u0444\\u0444\\u0438\\u0446\\u0438\\u0435\\u043d\\u0442 k3", "\\u041a\\u043e\\u044d\\u0444\\u0444\\u0438\\u0446\\u0438\\u0435\\u043d\\u0442 k2", "\\u041a\\u043e\\u044d\\u0444\\u0444\\u0438\\u0446\\u0438\\u0435\\u043d\\u0442 k1", "\\u041a\\u043e\\u044d\\u0444\\u0444\\u0438\\u0446\\u0438\\u0435\\u043d\\u0442 k0"]}}]	8	3
80	2024-08-14 05:24:52.928492+00	108	СУУ-К160	1	[{"added": {}}]	8	3
81	2024-08-14 05:25:18.020793+00	25	СУУ-К160	2	[{"changed": {"fields": ["\\u0422\\u0438\\u043f \\u041e\\u0422\\u0412"]}}]	8	3
289	2025-07-06 04:55:27.197783+00	2	Стальные электросварные по ГОСТ 10704 DN 20	1	[{"added": {}}]	10	4
59	2024-08-14 04:53:06.940445+00	100	SSP-К80	2	[{"changed": {"fields": ["\\u041c\\u0438\\u043d. \\u0440\\u0430\\u0431\\u043e\\u0447\\u0435\\u0435 \\u0434\\u0430\\u0432\\u043b\\u0435\\u043d\\u0438\\u0435, \\u041c\\u041f\\u0430", "\\u041c\\u0430\\u043a\\u0441. \\u0440\\u0430\\u0431\\u043e\\u0447\\u0435\\u0435 \\u0434\\u0430\\u0432\\u043b\\u0435\\u043d\\u0438\\u0435, \\u041c\\u041f\\u0430", "\\u041a\\u043e\\u044d\\u0444\\u0444\\u0438\\u0446\\u0438\\u0435\\u043d\\u0442 k5", "\\u041a\\u043e\\u044d\\u0444\\u0444\\u0438\\u0446\\u0438\\u0435\\u043d\\u0442 k4", "\\u041a\\u043e\\u044d\\u0444\\u0444\\u0438\\u0446\\u0438\\u0435\\u043d\\u0442 k3", "\\u041a\\u043e\\u044d\\u0444\\u0444\\u0438\\u0446\\u0438\\u0435\\u043d\\u0442 k2", "\\u041a\\u043e\\u044d\\u0444\\u0444\\u0438\\u0446\\u0438\\u0435\\u043d\\u0442 k1", "\\u041a\\u043e\\u044d\\u0444\\u0444\\u0438\\u0446\\u0438\\u0435\\u043d\\u0442 k0"]}}]	8	3
60	2024-08-14 05:09:41.697081+00	53	ДВВ-8	3		8	3
61	2024-08-14 05:12:42.416389+00	101	ДВН-8	1	[{"added": {}}]	8	3
62	2024-08-14 05:12:56.242244+00	101	ДВН-8	2	[{"changed": {"fields": ["\\u041c\\u0438\\u043d. \\u0440\\u0430\\u0431\\u043e\\u0447\\u0435\\u0435 \\u0434\\u0430\\u0432\\u043b\\u0435\\u043d\\u0438\\u0435, \\u041c\\u041f\\u0430", "\\u041c\\u0430\\u043a\\u0441. \\u0440\\u0430\\u0431\\u043e\\u0447\\u0435\\u0435 \\u0434\\u0430\\u0432\\u043b\\u0435\\u043d\\u0438\\u0435, \\u041c\\u041f\\u0430", "\\u041a\\u043e\\u044d\\u0444\\u0444\\u0438\\u0446\\u0438\\u0435\\u043d\\u0442 k2", "\\u041a\\u043e\\u044d\\u0444\\u0444\\u0438\\u0446\\u0438\\u0435\\u043d\\u0442 k1", "\\u041a\\u043e\\u044d\\u0444\\u0444\\u0438\\u0446\\u0438\\u0435\\u043d\\u0442 k0"]}}]	8	3
63	2024-08-14 05:13:00.292418+00	101	ДВН-8	2	[{"changed": {"fields": ["\\u041a\\u043e\\u044d\\u0444\\u0444\\u0438\\u0446\\u0438\\u0435\\u043d\\u0442 k5", "\\u041a\\u043e\\u044d\\u0444\\u0444\\u0438\\u0446\\u0438\\u0435\\u043d\\u0442 k4", "\\u041a\\u043e\\u044d\\u0444\\u0444\\u0438\\u0446\\u0438\\u0435\\u043d\\u0442 k3"]}}]	8	3
64	2024-08-14 05:16:24.234391+00	102	СОБР-17	1	[{"added": {}}]	8	3
65	2024-08-14 05:16:40.474052+00	102	СОБР-17-Н	2	[{"changed": {"fields": ["\\u041d\\u0430\\u0437\\u0432\\u0430\\u043d\\u0438\\u0435"]}}]	8	3
66	2024-08-14 05:17:10.892426+00	102	СОБР-17-Н	2	[{"changed": {"fields": ["\\u041c\\u0438\\u043d. \\u0440\\u0430\\u0431\\u043e\\u0447\\u0435\\u0435 \\u0434\\u0430\\u0432\\u043b\\u0435\\u043d\\u0438\\u0435, \\u041c\\u041f\\u0430", "\\u041c\\u0430\\u043a\\u0441. \\u0440\\u0430\\u0431\\u043e\\u0447\\u0435\\u0435 \\u0434\\u0430\\u0432\\u043b\\u0435\\u043d\\u0438\\u0435, \\u041c\\u041f\\u0430", "\\u041a\\u043e\\u044d\\u0444\\u0444\\u0438\\u0446\\u0438\\u0435\\u043d\\u0442 k5", "\\u041a\\u043e\\u044d\\u0444\\u0444\\u0438\\u0446\\u0438\\u0435\\u043d\\u0442 k4", "\\u041a\\u043e\\u044d\\u0444\\u0444\\u0438\\u0446\\u0438\\u0435\\u043d\\u0442 k3", "\\u041a\\u043e\\u044d\\u0444\\u0444\\u0438\\u0446\\u0438\\u0435\\u043d\\u0442 k2", "\\u041a\\u043e\\u044d\\u0444\\u0444\\u0438\\u0446\\u0438\\u0435\\u043d\\u0442 k1", "\\u041a\\u043e\\u044d\\u0444\\u0444\\u0438\\u0446\\u0438\\u0435\\u043d\\u0442 k0"]}}]	8	3
67	2024-08-14 05:17:21.718678+00	103	СОБР-17-В	1	[{"added": {}}]	8	3
68	2024-08-14 05:17:49.362382+00	103	СОБР-17-В	2	[{"changed": {"fields": ["\\u041c\\u0438\\u043d. \\u0440\\u0430\\u0431\\u043e\\u0447\\u0435\\u0435 \\u0434\\u0430\\u0432\\u043b\\u0435\\u043d\\u0438\\u0435, \\u041c\\u041f\\u0430", "\\u041c\\u0430\\u043a\\u0441. \\u0440\\u0430\\u0431\\u043e\\u0447\\u0435\\u0435 \\u0434\\u0430\\u0432\\u043b\\u0435\\u043d\\u0438\\u0435, \\u041c\\u041f\\u0430", "\\u041a\\u043e\\u044d\\u0444\\u0444\\u0438\\u0446\\u0438\\u0435\\u043d\\u0442 k5", "\\u041a\\u043e\\u044d\\u0444\\u0444\\u0438\\u0446\\u0438\\u0435\\u043d\\u0442 k4", "\\u041a\\u043e\\u044d\\u0444\\u0444\\u0438\\u0446\\u0438\\u0435\\u043d\\u0442 k3", "\\u041a\\u043e\\u044d\\u0444\\u0444\\u0438\\u0446\\u0438\\u0435\\u043d\\u0442 k2", "\\u041a\\u043e\\u044d\\u0444\\u0444\\u0438\\u0446\\u0438\\u0435\\u043d\\u0442 k1", "\\u041a\\u043e\\u044d\\u0444\\u0444\\u0438\\u0446\\u0438\\u0435\\u043d\\u0442 k0"]}}]	8	3
69	2024-08-14 05:18:06.052055+00	104	СОБР-25-Н	1	[{"added": {}}]	8	3
70	2024-08-14 05:18:11.213943+00	105	СОБР-25-В	1	[{"added": {}}]	8	3
71	2024-08-14 05:19:00.92881+00	104	СОБР-25-Н	2	[{"changed": {"fields": ["\\u041c\\u0438\\u043d. \\u0440\\u0430\\u0431\\u043e\\u0447\\u0435\\u0435 \\u0434\\u0430\\u0432\\u043b\\u0435\\u043d\\u0438\\u0435, \\u041c\\u041f\\u0430", "\\u041c\\u0430\\u043a\\u0441. \\u0440\\u0430\\u0431\\u043e\\u0447\\u0435\\u0435 \\u0434\\u0430\\u0432\\u043b\\u0435\\u043d\\u0438\\u0435, \\u041c\\u041f\\u0430", "\\u041a\\u043e\\u044d\\u0444\\u0444\\u0438\\u0446\\u0438\\u0435\\u043d\\u0442 k5", "\\u041a\\u043e\\u044d\\u0444\\u0444\\u0438\\u0446\\u0438\\u0435\\u043d\\u0442 k4", "\\u041a\\u043e\\u044d\\u0444\\u0444\\u0438\\u0446\\u0438\\u0435\\u043d\\u0442 k3", "\\u041a\\u043e\\u044d\\u0444\\u0444\\u0438\\u0446\\u0438\\u0435\\u043d\\u0442 k2", "\\u041a\\u043e\\u044d\\u0444\\u0444\\u0438\\u0446\\u0438\\u0435\\u043d\\u0442 k1", "\\u041a\\u043e\\u044d\\u0444\\u0444\\u0438\\u0446\\u0438\\u0435\\u043d\\u0442 k0"]}}]	8	3
72	2024-08-14 05:19:00.944548+00	105	СОБР-25-В	2	[{"changed": {"fields": ["\\u041c\\u0438\\u043d. \\u0440\\u0430\\u0431\\u043e\\u0447\\u0435\\u0435 \\u0434\\u0430\\u0432\\u043b\\u0435\\u043d\\u0438\\u0435, \\u041c\\u041f\\u0430", "\\u041c\\u0430\\u043a\\u0441. \\u0440\\u0430\\u0431\\u043e\\u0447\\u0435\\u0435 \\u0434\\u0430\\u0432\\u043b\\u0435\\u043d\\u0438\\u0435, \\u041c\\u041f\\u0430", "\\u041a\\u043e\\u044d\\u0444\\u0444\\u0438\\u0446\\u0438\\u0435\\u043d\\u0442 k5", "\\u041a\\u043e\\u044d\\u0444\\u0444\\u0438\\u0446\\u0438\\u0435\\u043d\\u0442 k4", "\\u041a\\u043e\\u044d\\u0444\\u0444\\u0438\\u0446\\u0438\\u0435\\u043d\\u0442 k3", "\\u041a\\u043e\\u044d\\u0444\\u0444\\u0438\\u0446\\u0438\\u0435\\u043d\\u0442 k2", "\\u041a\\u043e\\u044d\\u0444\\u0444\\u0438\\u0446\\u0438\\u0435\\u043d\\u0442 k1", "\\u041a\\u043e\\u044d\\u0444\\u0444\\u0438\\u0446\\u0438\\u0435\\u043d\\u0442 k0"]}}]	8	3
73	2024-08-14 05:20:55.152858+00	70	ДУУ-К80	2	[{"changed": {"fields": ["\\u041a\\u043e\\u044d\\u0444\\u0444\\u0438\\u0446\\u0438\\u0435\\u043d\\u0442 k5", "\\u041a\\u043e\\u044d\\u0444\\u0444\\u0438\\u0446\\u0438\\u0435\\u043d\\u0442 k4", "\\u041a\\u043e\\u044d\\u0444\\u0444\\u0438\\u0446\\u0438\\u0435\\u043d\\u0442 k3", "\\u041a\\u043e\\u044d\\u0444\\u0444\\u0438\\u0446\\u0438\\u0435\\u043d\\u0442 k2", "\\u041a\\u043e\\u044d\\u0444\\u0444\\u0438\\u0446\\u0438\\u0435\\u043d\\u0442 k1", "\\u041a\\u043e\\u044d\\u0444\\u0444\\u0438\\u0446\\u0438\\u0435\\u043d\\u0442 k0"]}}]	8	3
74	2024-08-14 05:21:16.281833+00	21	СУУ-К80	2	[{"changed": {"fields": ["\\u0422\\u0438\\u043f \\u041e\\u0422\\u0412"]}}]	8	3
75	2024-08-14 05:21:22.95775+00	106	СУУ-К80	1	[{"added": {}}]	8	3
76	2024-08-14 05:21:35.936215+00	106	СУУ-К80	2	[{"changed": {"fields": ["\\u041c\\u0438\\u043d. \\u0440\\u0430\\u0431\\u043e\\u0447\\u0435\\u0435 \\u0434\\u0430\\u0432\\u043b\\u0435\\u043d\\u0438\\u0435, \\u041c\\u041f\\u0430", "\\u041c\\u0430\\u043a\\u0441. \\u0440\\u0430\\u0431\\u043e\\u0447\\u0435\\u0435 \\u0434\\u0430\\u0432\\u043b\\u0435\\u043d\\u0438\\u0435, \\u041c\\u041f\\u0430", "\\u041a\\u043e\\u044d\\u0444\\u0444\\u0438\\u0446\\u0438\\u0435\\u043d\\u0442 k5", "\\u041a\\u043e\\u044d\\u0444\\u0444\\u0438\\u0446\\u0438\\u0435\\u043d\\u0442 k4", "\\u041a\\u043e\\u044d\\u0444\\u0444\\u0438\\u0446\\u0438\\u0435\\u043d\\u0442 k3", "\\u041a\\u043e\\u044d\\u0444\\u0444\\u0438\\u0446\\u0438\\u0435\\u043d\\u0442 k2", "\\u041a\\u043e\\u044d\\u0444\\u0444\\u0438\\u0446\\u0438\\u0435\\u043d\\u0442 k1", "\\u041a\\u043e\\u044d\\u0444\\u0444\\u0438\\u0446\\u0438\\u0435\\u043d\\u0442 k0"]}}]	8	3
77	2024-08-14 05:23:25.514249+00	72	ДУУ-К115	2	[{"changed": {"fields": ["\\u041a\\u043e\\u044d\\u0444\\u0444\\u0438\\u0446\\u0438\\u0435\\u043d\\u0442 k5", "\\u041a\\u043e\\u044d\\u0444\\u0444\\u0438\\u0446\\u0438\\u0435\\u043d\\u0442 k4", "\\u041a\\u043e\\u044d\\u0444\\u0444\\u0438\\u0446\\u0438\\u0435\\u043d\\u0442 k3", "\\u041a\\u043e\\u044d\\u0444\\u0444\\u0438\\u0446\\u0438\\u0435\\u043d\\u0442 k2", "\\u041a\\u043e\\u044d\\u0444\\u0444\\u0438\\u0446\\u0438\\u0435\\u043d\\u0442 k1", "\\u041a\\u043e\\u044d\\u0444\\u0444\\u0438\\u0446\\u0438\\u0435\\u043d\\u0442 k0"]}}]	8	3
78	2024-08-14 05:24:09.282085+00	24	СУУ-15	2	[{"changed": {"fields": ["\\u0422\\u0438\\u043f \\u041e\\u0422\\u0412"]}}]	8	3
82	2024-08-14 05:25:18.025363+00	108	СУУ-К160	2	[{"changed": {"fields": ["\\u041c\\u0438\\u043d. \\u0440\\u0430\\u0431\\u043e\\u0447\\u0435\\u0435 \\u0434\\u0430\\u0432\\u043b\\u0435\\u043d\\u0438\\u0435, \\u041c\\u041f\\u0430", "\\u041c\\u0430\\u043a\\u0441. \\u0440\\u0430\\u0431\\u043e\\u0447\\u0435\\u0435 \\u0434\\u0430\\u0432\\u043b\\u0435\\u043d\\u0438\\u0435, \\u041c\\u041f\\u0430", "\\u041a\\u043e\\u044d\\u0444\\u0444\\u0438\\u0446\\u0438\\u0435\\u043d\\u0442 k5", "\\u041a\\u043e\\u044d\\u0444\\u0444\\u0438\\u0446\\u0438\\u0435\\u043d\\u0442 k4", "\\u041a\\u043e\\u044d\\u0444\\u0444\\u0438\\u0446\\u0438\\u0435\\u043d\\u0442 k3", "\\u041a\\u043e\\u044d\\u0444\\u0444\\u0438\\u0446\\u0438\\u0435\\u043d\\u0442 k2", "\\u041a\\u043e\\u044d\\u0444\\u0444\\u0438\\u0446\\u0438\\u0435\\u043d\\u0442 k1", "\\u041a\\u043e\\u044d\\u0444\\u0444\\u0438\\u0446\\u0438\\u0435\\u043d\\u0442 k0"]}}]	8	3
83	2024-08-14 05:26:41.371752+00	22	СУУ-12	2	[{"changed": {"fields": ["\\u041a\\u043e\\u044d\\u0444\\u0444\\u0438\\u0446\\u0438\\u0435\\u043d\\u0442 k5", "\\u041a\\u043e\\u044d\\u0444\\u0444\\u0438\\u0446\\u0438\\u0435\\u043d\\u0442 k4", "\\u041a\\u043e\\u044d\\u0444\\u0444\\u0438\\u0446\\u0438\\u0435\\u043d\\u0442 k3", "\\u041a\\u043e\\u044d\\u0444\\u0444\\u0438\\u0446\\u0438\\u0435\\u043d\\u0442 k2", "\\u041a\\u043e\\u044d\\u0444\\u0444\\u0438\\u0446\\u0438\\u0435\\u043d\\u0442 k1", "\\u041a\\u043e\\u044d\\u0444\\u0444\\u0438\\u0446\\u0438\\u0435\\u043d\\u0442 k0"]}}]	8	3
84	2024-08-14 05:26:41.376346+00	66	ДУУ-12	2	[{"changed": {"fields": ["\\u041a\\u043e\\u044d\\u0444\\u0444\\u0438\\u0446\\u0438\\u0435\\u043d\\u0442 k5", "\\u041a\\u043e\\u044d\\u0444\\u0444\\u0438\\u0446\\u0438\\u0435\\u043d\\u0442 k4", "\\u041a\\u043e\\u044d\\u0444\\u0444\\u0438\\u0446\\u0438\\u0435\\u043d\\u0442 k3", "\\u041a\\u043e\\u044d\\u0444\\u0444\\u0438\\u0446\\u0438\\u0435\\u043d\\u0442 k2", "\\u041a\\u043e\\u044d\\u0444\\u0444\\u0438\\u0446\\u0438\\u0435\\u043d\\u0442 k1", "\\u041a\\u043e\\u044d\\u0444\\u0444\\u0438\\u0446\\u0438\\u0435\\u043d\\u0442 k0"]}}]	8	3
85	2024-08-14 05:26:49.085539+00	109	СУУ-12	1	[{"added": {}}]	8	3
86	2024-08-14 05:27:17.700031+00	71	ДУУ-12	2	[{"changed": {"fields": ["\\u041c\\u0438\\u043d. \\u0440\\u0430\\u0431\\u043e\\u0447\\u0435\\u0435 \\u0434\\u0430\\u0432\\u043b\\u0435\\u043d\\u0438\\u0435, \\u041c\\u041f\\u0430"]}}]	8	3
87	2024-08-14 05:27:17.70384+00	109	СУУ-12	2	[{"changed": {"fields": ["\\u041c\\u0438\\u043d. \\u0440\\u0430\\u0431\\u043e\\u0447\\u0435\\u0435 \\u0434\\u0430\\u0432\\u043b\\u0435\\u043d\\u0438\\u0435, \\u041c\\u041f\\u0430", "\\u041c\\u0430\\u043a\\u0441. \\u0440\\u0430\\u0431\\u043e\\u0447\\u0435\\u0435 \\u0434\\u0430\\u0432\\u043b\\u0435\\u043d\\u0438\\u0435, \\u041c\\u041f\\u0430", "\\u041a\\u043e\\u044d\\u0444\\u0444\\u0438\\u0446\\u0438\\u0435\\u043d\\u0442 k5", "\\u041a\\u043e\\u044d\\u0444\\u0444\\u0438\\u0446\\u0438\\u0435\\u043d\\u0442 k4", "\\u041a\\u043e\\u044d\\u0444\\u0444\\u0438\\u0446\\u0438\\u0435\\u043d\\u0442 k3", "\\u041a\\u043e\\u044d\\u0444\\u0444\\u0438\\u0446\\u0438\\u0435\\u043d\\u0442 k2", "\\u041a\\u043e\\u044d\\u0444\\u0444\\u0438\\u0446\\u0438\\u0435\\u043d\\u0442 k1", "\\u041a\\u043e\\u044d\\u0444\\u0444\\u0438\\u0446\\u0438\\u0435\\u043d\\u0442 k0"]}}]	8	3
88	2024-08-14 05:27:44.129549+00	25	СУУ-К160	2	[{"changed": {"fields": ["\\u041c\\u0438\\u043d. \\u0440\\u0430\\u0431\\u043e\\u0447\\u0435\\u0435 \\u0434\\u0430\\u0432\\u043b\\u0435\\u043d\\u0438\\u0435, \\u041c\\u041f\\u0430"]}}]	8	3
89	2024-08-14 05:34:58.103104+00	83	SU-К115	2	[{"changed": {"fields": ["\\u041a\\u043e\\u044d\\u0444\\u0444\\u0438\\u0446\\u0438\\u0435\\u043d\\u0442 k5", "\\u041a\\u043e\\u044d\\u0444\\u0444\\u0438\\u0446\\u0438\\u0435\\u043d\\u0442 k4", "\\u041a\\u043e\\u044d\\u0444\\u0444\\u0438\\u0446\\u0438\\u0435\\u043d\\u0442 k3", "\\u041a\\u043e\\u044d\\u0444\\u0444\\u0438\\u0446\\u0438\\u0435\\u043d\\u0442 k2", "\\u041a\\u043e\\u044d\\u0444\\u0444\\u0438\\u0446\\u0438\\u0435\\u043d\\u0442 k1", "\\u041a\\u043e\\u044d\\u0444\\u0444\\u0438\\u0446\\u0438\\u0435\\u043d\\u0442 k0"]}}]	8	3
90	2024-08-18 03:17:36.458134+00	107	СУУ-15	2	[{"changed": {"fields": ["\\u041c\\u0438\\u043d. \\u0440\\u0430\\u0431\\u043e\\u0447\\u0435\\u0435 \\u0434\\u0430\\u0432\\u043b\\u0435\\u043d\\u0438\\u0435, \\u041c\\u041f\\u0430", "\\u041c\\u0430\\u043a\\u0441. \\u0440\\u0430\\u0431\\u043e\\u0447\\u0435\\u0435 \\u0434\\u0430\\u0432\\u043b\\u0435\\u043d\\u0438\\u0435, \\u041c\\u041f\\u0430", "\\u041a\\u043e\\u044d\\u0444\\u0444\\u0438\\u0446\\u0438\\u0435\\u043d\\u0442 k5", "\\u041a\\u043e\\u044d\\u0444\\u0444\\u0438\\u0446\\u0438\\u0435\\u043d\\u0442 k4", "\\u041a\\u043e\\u044d\\u0444\\u0444\\u0438\\u0446\\u0438\\u0435\\u043d\\u0442 k3", "\\u041a\\u043e\\u044d\\u0444\\u0444\\u0438\\u0446\\u0438\\u0435\\u043d\\u0442 k2", "\\u041a\\u043e\\u044d\\u0444\\u0444\\u0438\\u0446\\u0438\\u0435\\u043d\\u0442 k1", "\\u041a\\u043e\\u044d\\u0444\\u0444\\u0438\\u0446\\u0438\\u0435\\u043d\\u0442 k0"]}}]	8	3
91	2024-08-18 05:41:09.774111+00	67	ДУУ-К115	2	[{"changed": {"fields": ["\\u041c\\u0438\\u043d. \\u0440\\u0430\\u0431\\u043e\\u0447\\u0435\\u0435 \\u0434\\u0430\\u0432\\u043b\\u0435\\u043d\\u0438\\u0435, \\u041c\\u041f\\u0430"]}}]	8	3
92	2024-08-25 02:25:48.097712+00	9	СВН-8	3		8	1
93	2024-08-25 02:25:57.504289+00	1	СВВ-8	3		8	1
94	2024-08-25 02:26:07.341713+00	10	СВН-К57	3		8	1
95	2024-08-25 02:26:16.339452+00	2	СВВ-К57	3		8	1
96	2024-08-25 02:26:26.310622+00	101	ДВН-8	3		8	1
97	2024-08-25 02:26:35.725702+00	45	ДВВ-8	3		8	1
98	2024-08-25 02:26:45.136393+00	54	ДВН-К57	3		8	1
99	2024-08-25 02:26:55.418655+00	46	ДВВ-К57	3		8	1
100	2024-08-25 12:15:44.475873+00	15	СВН-15	2	[{"changed": {"fields": ["\\u0413\\u0440\\u0443\\u043f\\u043f\\u044b \\u043f\\u043e\\u043c\\u0435\\u0449\\u0435\\u043d\\u0438\\u0439"]}}]	8	1
101	2024-08-25 12:15:44.479822+00	16	СВН-К160	2	[{"changed": {"fields": ["\\u0413\\u0440\\u0443\\u043f\\u043f\\u044b \\u043f\\u043e\\u043c\\u0435\\u0449\\u0435\\u043d\\u0438\\u0439"]}}]	8	1
102	2024-08-25 12:15:44.482988+00	56	СВН-10	2	[{"changed": {"fields": ["\\u0413\\u0440\\u0443\\u043f\\u043f\\u044b \\u043f\\u043e\\u043c\\u0435\\u0449\\u0435\\u043d\\u0438\\u0439"]}}]	8	1
103	2024-08-25 12:15:44.486445+00	58	СВН-К80	2	[{"changed": {"fields": ["\\u0413\\u0440\\u0443\\u043f\\u043f\\u044b \\u043f\\u043e\\u043c\\u0435\\u0449\\u0435\\u043d\\u0438\\u0439"]}}]	8	1
104	2024-08-25 12:15:44.489423+00	59	СВН-12	2	[{"changed": {"fields": ["\\u0413\\u0440\\u0443\\u043f\\u043f\\u044b \\u043f\\u043e\\u043c\\u0435\\u0449\\u0435\\u043d\\u0438\\u0439"]}}]	8	1
105	2024-08-25 12:15:44.492309+00	61	СВН-К115	2	[{"changed": {"fields": ["\\u0413\\u0440\\u0443\\u043f\\u043f\\u044b \\u043f\\u043e\\u043c\\u0435\\u0449\\u0435\\u043d\\u0438\\u0439"]}}]	8	1
106	2024-08-25 12:16:02.450649+00	3	СВВ-10	2	[{"changed": {"fields": ["\\u0413\\u0440\\u0443\\u043f\\u043f\\u044b \\u043f\\u043e\\u043c\\u0435\\u0449\\u0435\\u043d\\u0438\\u0439"]}}]	8	1
107	2024-08-25 12:16:02.455682+00	4	СВВ-К80	2	[{"changed": {"fields": ["\\u0413\\u0440\\u0443\\u043f\\u043f\\u044b \\u043f\\u043e\\u043c\\u0435\\u0449\\u0435\\u043d\\u0438\\u0439"]}}]	8	1
108	2024-08-25 12:16:02.462805+00	5	СВВ-12	2	[{"changed": {"fields": ["\\u0413\\u0440\\u0443\\u043f\\u043f\\u044b \\u043f\\u043e\\u043c\\u0435\\u0449\\u0435\\u043d\\u0438\\u0439"]}}]	8	1
109	2024-08-25 12:16:02.473092+00	6	СВВ-К115	2	[{"changed": {"fields": ["\\u0413\\u0440\\u0443\\u043f\\u043f\\u044b \\u043f\\u043e\\u043c\\u0435\\u0449\\u0435\\u043d\\u0438\\u0439"]}}]	8	1
110	2024-08-25 12:16:02.486044+00	7	СВВ-15	2	[{"changed": {"fields": ["\\u0413\\u0440\\u0443\\u043f\\u043f\\u044b \\u043f\\u043e\\u043c\\u0435\\u0449\\u0435\\u043d\\u0438\\u0439"]}}]	8	1
111	2024-08-25 12:16:02.495206+00	8	СВВ-К160	2	[{"changed": {"fields": ["\\u0413\\u0440\\u0443\\u043f\\u043f\\u044b \\u043f\\u043e\\u043c\\u0435\\u0449\\u0435\\u043d\\u0438\\u0439"]}}]	8	1
112	2024-08-25 12:16:10.117885+00	26	СВУ-8	2	[{"changed": {"fields": ["\\u0413\\u0440\\u0443\\u043f\\u043f\\u044b \\u043f\\u043e\\u043c\\u0435\\u0449\\u0435\\u043d\\u0438\\u0439"]}}]	8	1
113	2024-08-25 12:16:10.126069+00	27	СВУ-К57	2	[{"changed": {"fields": ["\\u0413\\u0440\\u0443\\u043f\\u043f\\u044b \\u043f\\u043e\\u043c\\u0435\\u0449\\u0435\\u043d\\u0438\\u0439"]}}]	8	1
114	2024-08-25 12:16:10.14671+00	28	СВУ-10	2	[{"changed": {"fields": ["\\u0413\\u0440\\u0443\\u043f\\u043f\\u044b \\u043f\\u043e\\u043c\\u0435\\u0449\\u0435\\u043d\\u0438\\u0439"]}}]	8	1
115	2024-08-25 12:16:21.364482+00	30	SSP-К80	2	[{"changed": {"fields": ["\\u0413\\u0440\\u0443\\u043f\\u043f\\u044b \\u043f\\u043e\\u043c\\u0435\\u0449\\u0435\\u043d\\u0438\\u0439"]}}]	8	1
116	2024-08-25 12:16:21.373436+00	32	SSP-К115	2	[{"changed": {"fields": ["\\u0413\\u0440\\u0443\\u043f\\u043f\\u044b \\u043f\\u043e\\u043c\\u0435\\u0449\\u0435\\u043d\\u0438\\u0439"]}}]	8	1
117	2024-08-25 12:16:21.376585+00	34	SSP-К115	2	[{"changed": {"fields": ["\\u0413\\u0440\\u0443\\u043f\\u043f\\u044b \\u043f\\u043e\\u043c\\u0435\\u0449\\u0435\\u043d\\u0438\\u0439"]}}]	8	1
118	2024-08-25 12:16:21.390566+00	100	SSP-К80	2	[{"changed": {"fields": ["\\u0413\\u0440\\u0443\\u043f\\u043f\\u044b \\u043f\\u043e\\u043c\\u0435\\u0449\\u0435\\u043d\\u0438\\u0439"]}}]	8	1
119	2024-08-25 12:16:31.133819+00	29	SSU-К80	2	[{"changed": {"fields": ["\\u0413\\u0440\\u0443\\u043f\\u043f\\u044b \\u043f\\u043e\\u043c\\u0435\\u0449\\u0435\\u043d\\u0438\\u0439"]}}]	8	1
120	2024-08-25 12:16:31.137349+00	31	SSU-К115	2	[{"changed": {"fields": ["\\u0413\\u0440\\u0443\\u043f\\u043f\\u044b \\u043f\\u043e\\u043c\\u0435\\u0449\\u0435\\u043d\\u0438\\u0439"]}}]	8	1
121	2024-08-25 12:16:31.140984+00	80	SSU-К80	2	[{"changed": {"fields": ["\\u0413\\u0440\\u0443\\u043f\\u043f\\u044b \\u043f\\u043e\\u043c\\u0435\\u0449\\u0435\\u043d\\u0438\\u0439"]}}]	8	1
122	2024-08-25 12:16:31.143655+00	84	SSU-К115	2	[{"changed": {"fields": ["\\u0413\\u0440\\u0443\\u043f\\u043f\\u044b \\u043f\\u043e\\u043c\\u0435\\u0449\\u0435\\u043d\\u0438\\u0439"]}}]	8	1
123	2024-08-25 12:16:45.252776+00	81	SP-К80	2	[{"changed": {"fields": ["\\u0413\\u0440\\u0443\\u043f\\u043f\\u044b \\u043f\\u043e\\u043c\\u0435\\u0449\\u0435\\u043d\\u0438\\u0439"]}}]	8	1
124	2024-08-25 12:16:45.258077+00	86	SP-К115	2	[{"changed": {"fields": ["\\u0413\\u0440\\u0443\\u043f\\u043f\\u044b \\u043f\\u043e\\u043c\\u0435\\u0449\\u0435\\u043d\\u0438\\u0439"]}}]	8	1
125	2024-08-25 12:16:45.268006+00	87	SP-К115	2	[{"changed": {"fields": ["\\u0413\\u0440\\u0443\\u043f\\u043f\\u044b \\u043f\\u043e\\u043c\\u0435\\u0449\\u0435\\u043d\\u0438\\u0439"]}}]	8	1
126	2024-08-25 12:16:45.280544+00	99	SP-К80	2	[{"changed": {"fields": ["\\u0413\\u0440\\u0443\\u043f\\u043f\\u044b \\u043f\\u043e\\u043c\\u0435\\u0449\\u0435\\u043d\\u0438\\u0439"]}}]	8	1
127	2024-08-25 12:16:53.487462+00	78	SU-К80	2	[{"changed": {"fields": ["\\u0413\\u0440\\u0443\\u043f\\u043f\\u044b \\u043f\\u043e\\u043c\\u0435\\u0449\\u0435\\u043d\\u0438\\u0439"]}}]	8	1
128	2024-08-25 12:16:53.491552+00	79	SU-К80	2	[{"changed": {"fields": ["\\u0413\\u0440\\u0443\\u043f\\u043f\\u044b \\u043f\\u043e\\u043c\\u0435\\u0449\\u0435\\u043d\\u0438\\u0439"]}}]	8	1
129	2024-08-25 12:16:53.494974+00	83	SU-К115	2	[{"changed": {"fields": ["\\u0413\\u0440\\u0443\\u043f\\u043f\\u044b \\u043f\\u043e\\u043c\\u0435\\u0449\\u0435\\u043d\\u0438\\u0439"]}}]	8	1
130	2024-08-25 12:16:53.500453+00	85	SU-К115	2	[{"changed": {"fields": ["\\u0413\\u0440\\u0443\\u043f\\u043f\\u044b \\u043f\\u043e\\u043c\\u0435\\u0449\\u0435\\u043d\\u0438\\u0439"]}}]	8	1
131	2024-08-25 12:17:53.935916+00	21	СУУ-К80	2	[{"changed": {"fields": ["\\u0413\\u0440\\u0443\\u043f\\u043f\\u044b \\u043f\\u043e\\u043c\\u0435\\u0449\\u0435\\u043d\\u0438\\u0439"]}}]	8	1
132	2024-08-25 12:17:53.939816+00	22	СУУ-12	2	[{"changed": {"fields": ["\\u0413\\u0440\\u0443\\u043f\\u043f\\u044b \\u043f\\u043e\\u043c\\u0435\\u0449\\u0435\\u043d\\u0438\\u0439"]}}]	8	1
133	2024-08-25 12:17:53.943686+00	23	СУУ-К115	2	[{"changed": {"fields": ["\\u0413\\u0440\\u0443\\u043f\\u043f\\u044b \\u043f\\u043e\\u043c\\u0435\\u0449\\u0435\\u043d\\u0438\\u0439"]}}]	8	1
134	2024-08-25 12:17:53.948965+00	24	СУУ-15	2	[{"changed": {"fields": ["\\u0413\\u0440\\u0443\\u043f\\u043f\\u044b \\u043f\\u043e\\u043c\\u0435\\u0449\\u0435\\u043d\\u0438\\u0439"]}}]	8	1
135	2024-08-25 12:17:53.951802+00	25	СУУ-К160	2	[{"changed": {"fields": ["\\u0413\\u0440\\u0443\\u043f\\u043f\\u044b \\u043f\\u043e\\u043c\\u0435\\u0449\\u0435\\u043d\\u0438\\u0439"]}}]	8	1
136	2024-08-25 12:17:53.955395+00	98	СУУ-К115	2	[{"changed": {"fields": ["\\u0413\\u0440\\u0443\\u043f\\u043f\\u044b \\u043f\\u043e\\u043c\\u0435\\u0449\\u0435\\u043d\\u0438\\u0439"]}}]	8	1
137	2024-08-25 12:17:53.961233+00	106	СУУ-К80	2	[{"changed": {"fields": ["\\u0413\\u0440\\u0443\\u043f\\u043f\\u044b \\u043f\\u043e\\u043c\\u0435\\u0449\\u0435\\u043d\\u0438\\u0439"]}}]	8	1
138	2024-08-25 12:17:53.964344+00	107	СУУ-15	2	[{"changed": {"fields": ["\\u0413\\u0440\\u0443\\u043f\\u043f\\u044b \\u043f\\u043e\\u043c\\u0435\\u0449\\u0435\\u043d\\u0438\\u0439"]}}]	8	1
139	2024-08-25 12:17:53.968174+00	108	СУУ-К160	2	[{"changed": {"fields": ["\\u0413\\u0440\\u0443\\u043f\\u043f\\u044b \\u043f\\u043e\\u043c\\u0435\\u0449\\u0435\\u043d\\u0438\\u0439"]}}]	8	1
140	2024-08-25 12:17:53.971314+00	109	СУУ-12	2	[{"changed": {"fields": ["\\u0413\\u0440\\u0443\\u043f\\u043f\\u044b \\u043f\\u043e\\u043c\\u0435\\u0449\\u0435\\u043d\\u0438\\u0439"]}}]	8	1
141	2024-08-25 12:18:12.486802+00	17	СОБР-17-Н	2	[{"changed": {"fields": ["\\u0413\\u0440\\u0443\\u043f\\u043f\\u044b \\u043f\\u043e\\u043c\\u0435\\u0449\\u0435\\u043d\\u0438\\u0439"]}}]	8	1
142	2024-08-25 12:18:12.490957+00	18	СОБР-17-В	2	[{"changed": {"fields": ["\\u0413\\u0440\\u0443\\u043f\\u043f\\u044b \\u043f\\u043e\\u043c\\u0435\\u0449\\u0435\\u043d\\u0438\\u0439"]}}]	8	1
143	2024-08-25 12:18:12.49452+00	19	СОБР-25-Н	2	[{"changed": {"fields": ["\\u0413\\u0440\\u0443\\u043f\\u043f\\u044b \\u043f\\u043e\\u043c\\u0435\\u0449\\u0435\\u043d\\u0438\\u0439"]}}]	8	1
144	2024-08-25 12:18:12.49772+00	20	СОБР-25-В	2	[{"changed": {"fields": ["\\u0413\\u0440\\u0443\\u043f\\u043f\\u044b \\u043f\\u043e\\u043c\\u0435\\u0449\\u0435\\u043d\\u0438\\u0439"]}}]	8	1
145	2024-08-25 12:18:12.505329+00	102	СОБР-17-Н	2	[{"changed": {"fields": ["\\u0413\\u0440\\u0443\\u043f\\u043f\\u044b \\u043f\\u043e\\u043c\\u0435\\u0449\\u0435\\u043d\\u0438\\u0439"]}}]	8	1
146	2024-08-25 12:18:12.508539+00	103	СОБР-17-В	2	[{"changed": {"fields": ["\\u0413\\u0440\\u0443\\u043f\\u043f\\u044b \\u043f\\u043e\\u043c\\u0435\\u0449\\u0435\\u043d\\u0438\\u0439"]}}]	8	1
147	2024-08-25 12:18:12.511264+00	104	СОБР-25-Н	2	[{"changed": {"fields": ["\\u0413\\u0440\\u0443\\u043f\\u043f\\u044b \\u043f\\u043e\\u043c\\u0435\\u0449\\u0435\\u043d\\u0438\\u0439"]}}]	8	1
148	2024-08-25 12:18:12.513964+00	105	СОБР-25-В	2	[{"changed": {"fields": ["\\u0413\\u0440\\u0443\\u043f\\u043f\\u044b \\u043f\\u043e\\u043c\\u0435\\u0449\\u0435\\u043d\\u0438\\u0439"]}}]	8	1
149	2024-08-25 12:18:49.453773+00	40	СУН-К200	2	[{"changed": {"fields": ["\\u0413\\u0440\\u0443\\u043f\\u043f\\u044b \\u043f\\u043e\\u043c\\u0435\\u0449\\u0435\\u043d\\u0438\\u0439"]}}]	8	1
150	2024-08-25 12:18:49.46337+00	95	СУН-К200	2	[{"changed": {"fields": ["\\u0413\\u0440\\u0443\\u043f\\u043f\\u044b \\u043f\\u043e\\u043c\\u0435\\u0449\\u0435\\u043d\\u0438\\u0439"]}}]	8	1
151	2024-08-25 12:19:07.60646+00	11	СВК-10	2	[{"changed": {"fields": ["\\u0413\\u0440\\u0443\\u043f\\u043f\\u044b \\u043f\\u043e\\u043c\\u0435\\u0449\\u0435\\u043d\\u0438\\u0439"]}}]	8	1
152	2024-08-25 12:19:07.615728+00	12	СВК-К80	2	[{"changed": {"fields": ["\\u0413\\u0440\\u0443\\u043f\\u043f\\u044b \\u043f\\u043e\\u043c\\u0435\\u0449\\u0435\\u043d\\u0438\\u0439"]}}]	8	1
287	2025-07-06 04:54:14.429214+00	2	Стальные водогазопроводные по ГОСТ 3262	1	[{"added": {}}]	11	4
153	2024-08-25 12:19:07.622612+00	13	СВК-12	2	[{"changed": {"fields": ["\\u0413\\u0440\\u0443\\u043f\\u043f\\u044b \\u043f\\u043e\\u043c\\u0435\\u0449\\u0435\\u043d\\u0438\\u0439"]}}]	8	1
154	2024-08-25 12:19:07.625468+00	14	СВК-К115	2	[{"changed": {"fields": ["\\u0413\\u0440\\u0443\\u043f\\u043f\\u044b \\u043f\\u043e\\u043c\\u0435\\u0449\\u0435\\u043d\\u0438\\u0439"]}}]	8	1
155	2024-08-25 12:19:30.41568+00	41	ССН-12	2	[{"changed": {"fields": ["\\u0413\\u0440\\u0443\\u043f\\u043f\\u044b \\u043f\\u043e\\u043c\\u0435\\u0449\\u0435\\u043d\\u0438\\u0439"]}}]	8	1
156	2024-08-25 12:19:30.429254+00	42	ССН-15	2	[{"changed": {"fields": ["\\u0413\\u0440\\u0443\\u043f\\u043f\\u044b \\u043f\\u043e\\u043c\\u0435\\u0449\\u0435\\u043d\\u0438\\u0439"]}}]	8	1
157	2024-08-25 12:19:39.159897+00	43	ССВ-12	2	[{"changed": {"fields": ["\\u0413\\u0440\\u0443\\u043f\\u043f\\u044b \\u043f\\u043e\\u043c\\u0435\\u0449\\u0435\\u043d\\u0438\\u0439"]}}]	8	1
158	2024-08-25 12:19:39.163865+00	44	ССВ-15	2	[{"changed": {"fields": ["\\u0413\\u0440\\u0443\\u043f\\u043f\\u044b \\u043f\\u043e\\u043c\\u0435\\u0449\\u0435\\u043d\\u0438\\u0439"]}}]	8	1
159	2024-08-25 12:20:03.780752+00	37	ОЦ-9	2	[{"changed": {"fields": ["\\u0413\\u0440\\u0443\\u043f\\u043f\\u044b \\u043f\\u043e\\u043c\\u0435\\u0449\\u0435\\u043d\\u0438\\u0439"]}}]	8	1
160	2024-08-25 12:20:03.787748+00	38	ОЦ-12	2	[{"changed": {"fields": ["\\u0413\\u0440\\u0443\\u043f\\u043f\\u044b \\u043f\\u043e\\u043c\\u0435\\u0449\\u0435\\u043d\\u0438\\u0439"]}}]	8	1
161	2024-08-25 12:20:03.791018+00	90	ОЦ-9	2	[{"changed": {"fields": ["\\u0413\\u0440\\u0443\\u043f\\u043f\\u044b \\u043f\\u043e\\u043c\\u0435\\u0449\\u0435\\u043d\\u0438\\u0439"]}}]	8	1
162	2024-08-25 12:20:03.795699+00	91	ОЦ-12	2	[{"changed": {"fields": ["\\u0413\\u0440\\u0443\\u043f\\u043f\\u044b \\u043f\\u043e\\u043c\\u0435\\u0449\\u0435\\u043d\\u0438\\u0439"]}}]	8	1
163	2024-08-25 12:20:11.084647+00	35	ОЭ-16	2	[{"changed": {"fields": ["\\u0413\\u0440\\u0443\\u043f\\u043f\\u044b \\u043f\\u043e\\u043c\\u0435\\u0449\\u0435\\u043d\\u0438\\u0439"]}}]	8	1
164	2024-08-25 12:20:11.088727+00	36	ОЭ-25	2	[{"changed": {"fields": ["\\u0413\\u0440\\u0443\\u043f\\u043f\\u044b \\u043f\\u043e\\u043c\\u0435\\u0449\\u0435\\u043d\\u0438\\u0439"]}}]	8	1
165	2024-08-25 12:20:11.100157+00	88	ОЭ-16	2	[{"changed": {"fields": ["\\u0413\\u0440\\u0443\\u043f\\u043f\\u044b \\u043f\\u043e\\u043c\\u0435\\u0449\\u0435\\u043d\\u0438\\u0439"]}}]	8	1
166	2024-08-25 12:20:11.102955+00	89	ОЭ-25	2	[{"changed": {"fields": ["\\u0413\\u0440\\u0443\\u043f\\u043f\\u044b \\u043f\\u043e\\u043c\\u0435\\u0449\\u0435\\u043d\\u0438\\u0439"]}}]	8	1
167	2024-08-25 12:21:13.282938+00	39	СУВ-К200	2	[{"changed": {"fields": ["\\u0413\\u0440\\u0443\\u043f\\u043f\\u044b \\u043f\\u043e\\u043c\\u0435\\u0449\\u0435\\u043d\\u0438\\u0439"]}}]	8	1
168	2024-08-27 03:19:34.588061+00	55	ДВН-10	2	[{"changed": {"fields": ["\\u0413\\u0440\\u0443\\u043f\\u043f\\u044b \\u043f\\u043e\\u043c\\u0435\\u0449\\u0435\\u043d\\u0438\\u0439"]}}]	8	1
169	2024-08-27 03:19:34.952956+00	57	ДВН-К80	2	[{"changed": {"fields": ["\\u0413\\u0440\\u0443\\u043f\\u043f\\u044b \\u043f\\u043e\\u043c\\u0435\\u0449\\u0435\\u043d\\u0438\\u0439"]}}]	8	1
170	2024-08-27 03:19:34.956922+00	60	ДВН-12	2	[{"changed": {"fields": ["\\u0413\\u0440\\u0443\\u043f\\u043f\\u044b \\u043f\\u043e\\u043c\\u0435\\u0449\\u0435\\u043d\\u0438\\u0439"]}}]	8	1
171	2024-08-27 03:19:34.960573+00	62	ДВН-К115	2	[{"changed": {"fields": ["\\u0413\\u0440\\u0443\\u043f\\u043f\\u044b \\u043f\\u043e\\u043c\\u0435\\u0449\\u0435\\u043d\\u0438\\u0439"]}}]	8	1
172	2024-08-27 03:19:34.965881+00	63	ДВН-15	2	[{"changed": {"fields": ["\\u0413\\u0440\\u0443\\u043f\\u043f\\u044b \\u043f\\u043e\\u043c\\u0435\\u0449\\u0435\\u043d\\u0438\\u0439"]}}]	8	1
173	2024-08-27 03:19:34.968981+00	64	ДВН-К160	2	[{"changed": {"fields": ["\\u0413\\u0440\\u0443\\u043f\\u043f\\u044b \\u043f\\u043e\\u043c\\u0435\\u0449\\u0435\\u043d\\u0438\\u0439"]}}]	8	1
174	2024-08-27 03:19:58.880921+00	47	ДВВ-10	2	[{"changed": {"fields": ["\\u0413\\u0440\\u0443\\u043f\\u043f\\u044b \\u043f\\u043e\\u043c\\u0435\\u0449\\u0435\\u043d\\u0438\\u0439"]}}]	8	1
175	2024-08-27 03:19:58.884559+00	48	ДВВ-К80	2	[{"changed": {"fields": ["\\u0413\\u0440\\u0443\\u043f\\u043f\\u044b \\u043f\\u043e\\u043c\\u0435\\u0449\\u0435\\u043d\\u0438\\u0439"]}}]	8	1
176	2024-08-27 03:19:58.887913+00	49	ДВВ-12	2	[{"changed": {"fields": ["\\u0413\\u0440\\u0443\\u043f\\u043f\\u044b \\u043f\\u043e\\u043c\\u0435\\u0449\\u0435\\u043d\\u0438\\u0439"]}}]	8	1
177	2024-08-27 03:19:58.890727+00	50	ДВВ-К115	2	[{"changed": {"fields": ["\\u0413\\u0440\\u0443\\u043f\\u043f\\u044b \\u043f\\u043e\\u043c\\u0435\\u0449\\u0435\\u043d\\u0438\\u0439"]}}]	8	1
178	2024-08-27 03:19:58.90357+00	51	ДВВ-15	2	[{"changed": {"fields": ["\\u0413\\u0440\\u0443\\u043f\\u043f\\u044b \\u043f\\u043e\\u043c\\u0435\\u0449\\u0435\\u043d\\u0438\\u0439"]}}]	8	1
179	2024-08-27 03:19:58.906526+00	52	ДВВ-К160	2	[{"changed": {"fields": ["\\u0413\\u0440\\u0443\\u043f\\u043f\\u044b \\u043f\\u043e\\u043c\\u0435\\u0449\\u0435\\u043d\\u0438\\u0439"]}}]	8	1
180	2024-08-27 03:20:20.605433+00	75	ДВУ-8	2	[{"changed": {"fields": ["\\u0413\\u0440\\u0443\\u043f\\u043f\\u044b \\u043f\\u043e\\u043c\\u0435\\u0449\\u0435\\u043d\\u0438\\u0439"]}}]	8	1
181	2024-08-27 03:20:20.612015+00	76	ДВУ-К57	2	[{"changed": {"fields": ["\\u0413\\u0440\\u0443\\u043f\\u043f\\u044b \\u043f\\u043e\\u043c\\u0435\\u0449\\u0435\\u043d\\u0438\\u0439"]}}]	8	1
182	2024-08-27 03:20:20.617872+00	77	ДВУ-10	2	[{"changed": {"fields": ["\\u0413\\u0440\\u0443\\u043f\\u043f\\u044b \\u043f\\u043e\\u043c\\u0435\\u0449\\u0435\\u043d\\u0438\\u0439"]}}]	8	1
183	2024-08-27 03:22:40.976819+00	65	ДУУ-К80	2	[{"changed": {"fields": ["\\u0413\\u0440\\u0443\\u043f\\u043f\\u044b \\u043f\\u043e\\u043c\\u0435\\u0449\\u0435\\u043d\\u0438\\u0439"]}}]	8	1
184	2024-08-27 03:22:40.98086+00	66	ДУУ-12	2	[{"changed": {"fields": ["\\u0413\\u0440\\u0443\\u043f\\u043f\\u044b \\u043f\\u043e\\u043c\\u0435\\u0449\\u0435\\u043d\\u0438\\u0439"]}}]	8	1
185	2024-08-27 03:22:40.98384+00	67	ДУУ-К115	2	[{"changed": {"fields": ["\\u0413\\u0440\\u0443\\u043f\\u043f\\u044b \\u043f\\u043e\\u043c\\u0435\\u0449\\u0435\\u043d\\u0438\\u0439"]}}]	8	1
186	2024-08-27 03:22:40.986808+00	68	ДУУ-15	2	[{"changed": {"fields": ["\\u0413\\u0440\\u0443\\u043f\\u043f\\u044b \\u043f\\u043e\\u043c\\u0435\\u0449\\u0435\\u043d\\u0438\\u0439"]}}]	8	1
187	2024-08-27 03:22:40.989818+00	69	ДУУ-К160	2	[{"changed": {"fields": ["\\u0413\\u0440\\u0443\\u043f\\u043f\\u044b \\u043f\\u043e\\u043c\\u0435\\u0449\\u0435\\u043d\\u0438\\u0439"]}}]	8	1
188	2024-08-27 03:22:40.992527+00	70	ДУУ-К80	2	[{"changed": {"fields": ["\\u0413\\u0440\\u0443\\u043f\\u043f\\u044b \\u043f\\u043e\\u043c\\u0435\\u0449\\u0435\\u043d\\u0438\\u0439"]}}]	8	1
189	2024-08-27 03:22:40.995378+00	71	ДУУ-12	2	[{"changed": {"fields": ["\\u0413\\u0440\\u0443\\u043f\\u043f\\u044b \\u043f\\u043e\\u043c\\u0435\\u0449\\u0435\\u043d\\u0438\\u0439"]}}]	8	1
190	2024-08-27 03:22:40.998093+00	72	ДУУ-К115	2	[{"changed": {"fields": ["\\u0413\\u0440\\u0443\\u043f\\u043f\\u044b \\u043f\\u043e\\u043c\\u0435\\u0449\\u0435\\u043d\\u0438\\u0439"]}}]	8	1
191	2024-08-27 03:22:41.005024+00	73	ДУУ-15	2	[{"changed": {"fields": ["\\u0413\\u0440\\u0443\\u043f\\u043f\\u044b \\u043f\\u043e\\u043c\\u0435\\u0449\\u0435\\u043d\\u0438\\u0439"]}}]	8	1
192	2024-08-27 03:22:41.008936+00	74	ДУУ-К160	2	[{"changed": {"fields": ["\\u0413\\u0440\\u0443\\u043f\\u043f\\u044b \\u043f\\u043e\\u043c\\u0435\\u0449\\u0435\\u043d\\u0438\\u0439"]}}]	8	1
193	2024-08-27 03:23:28.313274+00	96	ДУН-К200	2	[{"changed": {"fields": ["\\u0413\\u0440\\u0443\\u043f\\u043f\\u044b \\u043f\\u043e\\u043c\\u0435\\u0449\\u0435\\u043d\\u0438\\u0439"]}}]	8	1
194	2024-08-27 03:23:28.317304+00	97	ДУН-К200	2	[{"changed": {"fields": ["\\u0413\\u0440\\u0443\\u043f\\u043f\\u044b \\u043f\\u043e\\u043c\\u0435\\u0449\\u0435\\u043d\\u0438\\u0439"]}}]	8	1
195	2024-08-27 03:23:39.330773+00	92	ДУВ-К200	2	[{"changed": {"fields": ["\\u0413\\u0440\\u0443\\u043f\\u043f\\u044b \\u043f\\u043e\\u043c\\u0435\\u0449\\u0435\\u043d\\u0438\\u0439"]}}]	8	1
196	2024-08-27 03:23:39.334726+00	93	ДУВ-К200	2	[{"changed": {"fields": ["\\u0413\\u0440\\u0443\\u043f\\u043f\\u044b \\u043f\\u043e\\u043c\\u0435\\u0449\\u0435\\u043d\\u0438\\u0439"]}}]	8	1
197	2024-08-27 03:41:03.260114+00	94	CУВ-К200	2	[{"changed": {"fields": ["\\u0413\\u0440\\u0443\\u043f\\u043f\\u044b \\u043f\\u043e\\u043c\\u0435\\u0449\\u0435\\u043d\\u0438\\u0439"]}}]	8	1
198	2024-10-01 07:20:47.53651+00	17	СОБР-17-Н	2	[{"changed": {"fields": ["\\u041d\\u0430\\u043b\\u0438\\u0447\\u0438\\u0435 \\u0442\\u0435\\u043f\\u043b\\u043e\\u0432\\u043e\\u0433\\u043e \\u0437\\u0430\\u043c\\u043a\\u0430"]}}]	8	1
199	2024-10-01 07:20:53.217917+00	18	СОБР-17-В	2	[{"changed": {"fields": ["\\u041d\\u0430\\u043b\\u0438\\u0447\\u0438\\u0435 \\u0442\\u0435\\u043f\\u043b\\u043e\\u0432\\u043e\\u0433\\u043e \\u0437\\u0430\\u043c\\u043a\\u0430"]}}]	8	1
200	2024-10-01 07:20:57.316208+00	19	СОБР-25-Н	2	[{"changed": {"fields": ["\\u041d\\u0430\\u043b\\u0438\\u0447\\u0438\\u0435 \\u0442\\u0435\\u043f\\u043b\\u043e\\u0432\\u043e\\u0433\\u043e \\u0437\\u0430\\u043c\\u043a\\u0430"]}}]	8	1
201	2024-10-01 07:21:01.793621+00	20	СОБР-25-В	2	[{"changed": {"fields": ["\\u041d\\u0430\\u043b\\u0438\\u0447\\u0438\\u0435 \\u0442\\u0435\\u043f\\u043b\\u043e\\u0432\\u043e\\u0433\\u043e \\u0437\\u0430\\u043c\\u043a\\u0430"]}}]	8	1
202	2024-10-01 07:21:06.261977+00	103	СОБР-17-В	2	[{"changed": {"fields": ["\\u041d\\u0430\\u043b\\u0438\\u0447\\u0438\\u0435 \\u0442\\u0435\\u043f\\u043b\\u043e\\u0432\\u043e\\u0433\\u043e \\u0437\\u0430\\u043c\\u043a\\u0430"]}}]	8	1
203	2024-10-01 07:21:10.175141+00	104	СОБР-25-Н	2	[{"changed": {"fields": ["\\u041d\\u0430\\u043b\\u0438\\u0447\\u0438\\u0435 \\u0442\\u0435\\u043f\\u043b\\u043e\\u0432\\u043e\\u0433\\u043e \\u0437\\u0430\\u043c\\u043a\\u0430"]}}]	8	1
204	2024-10-01 07:21:13.933996+00	105	СОБР-25-В	2	[{"changed": {"fields": ["\\u041d\\u0430\\u043b\\u0438\\u0447\\u0438\\u0435 \\u0442\\u0435\\u043f\\u043b\\u043e\\u0432\\u043e\\u0433\\u043e \\u0437\\u0430\\u043c\\u043a\\u0430"]}}]	8	1
205	2024-10-02 03:15:20.319105+00	41	ССН-12 (S=5.3 м²)	2	[{"changed": {"fields": ["\\u041f\\u043b\\u043e\\u0449\\u0430\\u0434\\u044c \\u043e\\u0440\\u043e\\u0448\\u0435\\u043d\\u0438\\u044f, \\u043c\\u00b2"]}}]	8	1
206	2024-10-02 03:17:28.141849+00	42	ССН-15 (S=5.3 м²)	2	[{"changed": {"fields": ["\\u041f\\u043b\\u043e\\u0449\\u0430\\u0434\\u044c \\u043e\\u0440\\u043e\\u0448\\u0435\\u043d\\u0438\\u044f, \\u043c\\u00b2"]}}]	8	1
207	2024-10-02 03:21:16.824654+00	112	ССН-12 (S=3 м²)	1	[{"added": {}}]	8	1
208	2024-10-02 03:26:45.784432+00	113	ССН-15 (S=3 м²)	1	[{"added": {}}]	8	1
209	2024-10-02 03:28:31.537194+00	43	ССВ-12 (S=5.3 м²)	2	[{"changed": {"fields": ["\\u041f\\u043b\\u043e\\u0449\\u0430\\u0434\\u044c \\u043e\\u0440\\u043e\\u0448\\u0435\\u043d\\u0438\\u044f, \\u043c\\u00b2", "\\u041a\\u043e\\u044d\\u0444\\u0444\\u0438\\u0446\\u0438\\u0435\\u043d\\u0442 k0", "\\u041a\\u043e\\u044d\\u0444\\u0444\\u0438\\u0446\\u0438\\u0435\\u043d\\u0442 k1", "\\u041a\\u043e\\u044d\\u0444\\u0444\\u0438\\u0446\\u0438\\u0435\\u043d\\u0442 k2", "\\u041a\\u043e\\u044d\\u0444\\u0444\\u0438\\u0446\\u0438\\u0435\\u043d\\u0442 k3", "\\u041a\\u043e\\u044d\\u0444\\u0444\\u0438\\u0446\\u0438\\u0435\\u043d\\u0442 k4", "\\u041a\\u043e\\u044d\\u0444\\u0444\\u0438\\u0446\\u0438\\u0435\\u043d\\u0442 k5"]}}]	8	1
210	2024-10-02 03:30:10.364139+00	43	ССВ-12 (S=5.3 м²)	2	[{"changed": {"fields": ["\\u041a\\u043e\\u044d\\u0444\\u0444\\u0438\\u0446\\u0438\\u0435\\u043d\\u0442 k0", "\\u041a\\u043e\\u044d\\u0444\\u0444\\u0438\\u0446\\u0438\\u0435\\u043d\\u0442 k1", "\\u041a\\u043e\\u044d\\u0444\\u0444\\u0438\\u0446\\u0438\\u0435\\u043d\\u0442 k2", "\\u041a\\u043e\\u044d\\u0444\\u0444\\u0438\\u0446\\u0438\\u0435\\u043d\\u0442 k3", "\\u041a\\u043e\\u044d\\u0444\\u0444\\u0438\\u0446\\u0438\\u0435\\u043d\\u0442 k4", "\\u041a\\u043e\\u044d\\u0444\\u0444\\u0438\\u0446\\u0438\\u0435\\u043d\\u0442 k5"]}}]	8	1
211	2024-10-02 03:31:14.407116+00	44	ССВ-15 (S=3 м²)	2	[{"changed": {"fields": ["\\u041f\\u043b\\u043e\\u0449\\u0430\\u0434\\u044c \\u043e\\u0440\\u043e\\u0448\\u0435\\u043d\\u0438\\u044f, \\u043c\\u00b2"]}}]	8	1
212	2024-10-02 03:32:36.619844+00	114	ССВ-15 (S=3 м²)	1	[{"added": {}}]	8	1
213	2024-10-02 03:33:30.535535+00	114	ССВ-15 (S=5.3 м²)	2	[{"changed": {"fields": ["\\u041f\\u043b\\u043e\\u0449\\u0430\\u0434\\u044c \\u043e\\u0440\\u043e\\u0448\\u0435\\u043d\\u0438\\u044f, \\u043c\\u00b2", "\\u041a\\u043e\\u044d\\u0444\\u0444\\u0438\\u0446\\u0438\\u0435\\u043d\\u0442 k1", "\\u041a\\u043e\\u044d\\u0444\\u0444\\u0438\\u0446\\u0438\\u0435\\u043d\\u0442 k2", "\\u041a\\u043e\\u044d\\u0444\\u0444\\u0438\\u0446\\u0438\\u0435\\u043d\\u0442 k3"]}}]	8	1
214	2024-10-02 03:34:55.946923+00	115	ССВ-12 (S=3 м²)	1	[{"added": {}}]	8	1
215	2024-10-02 03:37:17.333482+00	17	СОБР-17-Н	2	[{"changed": {"fields": ["\\u041c\\u043e\\u043d\\u0442\\u0430\\u0436\\u043d\\u043e\\u0435 \\u043f\\u043e\\u043b\\u043e\\u0436\\u0435\\u043d\\u0438\\u0435"]}}]	8	1
216	2024-10-02 03:37:17.33941+00	18	СОБР-17-В	2	[{"changed": {"fields": ["\\u041c\\u043e\\u043d\\u0442\\u0430\\u0436\\u043d\\u043e\\u0435 \\u043f\\u043e\\u043b\\u043e\\u0436\\u0435\\u043d\\u0438\\u0435"]}}]	8	1
217	2024-10-02 03:37:17.344083+00	19	СОБР-25-Н	2	[{"changed": {"fields": ["\\u041c\\u043e\\u043d\\u0442\\u0430\\u0436\\u043d\\u043e\\u0435 \\u043f\\u043e\\u043b\\u043e\\u0436\\u0435\\u043d\\u0438\\u0435"]}}]	8	1
218	2024-10-02 03:37:17.349634+00	20	СОБР-25-В	2	[{"changed": {"fields": ["\\u041c\\u043e\\u043d\\u0442\\u0430\\u0436\\u043d\\u043e\\u0435 \\u043f\\u043e\\u043b\\u043e\\u0436\\u0435\\u043d\\u0438\\u0435"]}}]	8	1
219	2024-10-02 03:37:17.354894+00	102	СОБР-17-Н	2	[{"changed": {"fields": ["\\u041d\\u0430\\u043b\\u0438\\u0447\\u0438\\u0435 \\u0442\\u0435\\u043f\\u043b\\u043e\\u0432\\u043e\\u0433\\u043e \\u0437\\u0430\\u043c\\u043a\\u0430", "\\u041c\\u043e\\u043d\\u0442\\u0430\\u0436\\u043d\\u043e\\u0435 \\u043f\\u043e\\u043b\\u043e\\u0436\\u0435\\u043d\\u0438\\u0435"]}}]	8	1
220	2024-10-02 03:37:17.359211+00	103	СОБР-17-В	2	[{"changed": {"fields": ["\\u041c\\u043e\\u043d\\u0442\\u0430\\u0436\\u043d\\u043e\\u0435 \\u043f\\u043e\\u043b\\u043e\\u0436\\u0435\\u043d\\u0438\\u0435"]}}]	8	1
221	2024-10-02 03:37:17.363322+00	104	СОБР-25-Н	2	[{"changed": {"fields": ["\\u041c\\u043e\\u043d\\u0442\\u0430\\u0436\\u043d\\u043e\\u0435 \\u043f\\u043e\\u043b\\u043e\\u0436\\u0435\\u043d\\u0438\\u0435"]}}]	8	1
222	2024-10-02 03:37:17.367804+00	105	СОБР-25-В	2	[{"changed": {"fields": ["\\u041c\\u043e\\u043d\\u0442\\u0430\\u0436\\u043d\\u043e\\u0435 \\u043f\\u043e\\u043b\\u043e\\u0436\\u0435\\u043d\\u0438\\u0435"]}}]	8	1
223	2024-10-02 03:40:55.385871+00	15	СВН-15	2	[{"changed": {"fields": ["\\u0413\\u0440\\u0443\\u043f\\u043f\\u044b \\u043f\\u043e\\u043c\\u0435\\u0449\\u0435\\u043d\\u0438\\u0439"]}}]	8	1
224	2024-10-02 03:40:55.389402+00	16	СВН-К160	2	[{"changed": {"fields": ["\\u0413\\u0440\\u0443\\u043f\\u043f\\u044b \\u043f\\u043e\\u043c\\u0435\\u0449\\u0435\\u043d\\u0438\\u0439"]}}]	8	1
225	2024-10-02 03:40:55.400751+00	56	СВН-10	2	[{"changed": {"fields": ["\\u0413\\u0440\\u0443\\u043f\\u043f\\u044b \\u043f\\u043e\\u043c\\u0435\\u0449\\u0435\\u043d\\u0438\\u0439"]}}]	8	1
226	2024-10-02 03:40:55.40436+00	58	СВН-К80	2	[{"changed": {"fields": ["\\u0413\\u0440\\u0443\\u043f\\u043f\\u044b \\u043f\\u043e\\u043c\\u0435\\u0449\\u0435\\u043d\\u0438\\u0439"]}}]	8	1
288	2025-07-06 04:55:02.560427+00	1	Стальные электросварные по ГОСТ 10704 DN 15	1	[{"added": {}}]	10	4
227	2024-10-02 03:40:55.407985+00	59	СВН-12	2	[{"changed": {"fields": ["\\u0413\\u0440\\u0443\\u043f\\u043f\\u044b \\u043f\\u043e\\u043c\\u0435\\u0449\\u0435\\u043d\\u0438\\u0439"]}}]	8	1
228	2024-10-02 03:40:55.519729+00	61	СВН-К115	2	[{"changed": {"fields": ["\\u0413\\u0440\\u0443\\u043f\\u043f\\u044b \\u043f\\u043e\\u043c\\u0435\\u0449\\u0435\\u043d\\u0438\\u0439"]}}]	8	1
229	2024-10-02 03:41:19.723418+00	3	СВВ-10	2	[{"changed": {"fields": ["\\u0413\\u0440\\u0443\\u043f\\u043f\\u044b \\u043f\\u043e\\u043c\\u0435\\u0449\\u0435\\u043d\\u0438\\u0439"]}}]	8	1
230	2024-10-02 03:41:19.728095+00	4	СВВ-К80	2	[{"changed": {"fields": ["\\u0413\\u0440\\u0443\\u043f\\u043f\\u044b \\u043f\\u043e\\u043c\\u0435\\u0449\\u0435\\u043d\\u0438\\u0439"]}}]	8	1
231	2024-10-02 03:41:19.731075+00	5	СВВ-12	2	[{"changed": {"fields": ["\\u0413\\u0440\\u0443\\u043f\\u043f\\u044b \\u043f\\u043e\\u043c\\u0435\\u0449\\u0435\\u043d\\u0438\\u0439"]}}]	8	1
232	2024-10-02 03:41:19.733851+00	6	СВВ-К115	2	[{"changed": {"fields": ["\\u0413\\u0440\\u0443\\u043f\\u043f\\u044b \\u043f\\u043e\\u043c\\u0435\\u0449\\u0435\\u043d\\u0438\\u0439"]}}]	8	1
233	2024-10-02 03:41:19.736397+00	7	СВВ-15	2	[{"changed": {"fields": ["\\u0413\\u0440\\u0443\\u043f\\u043f\\u044b \\u043f\\u043e\\u043c\\u0435\\u0449\\u0435\\u043d\\u0438\\u0439"]}}]	8	1
234	2024-10-02 03:41:19.739774+00	8	СВВ-К160	2	[{"changed": {"fields": ["\\u0413\\u0440\\u0443\\u043f\\u043f\\u044b \\u043f\\u043e\\u043c\\u0435\\u0449\\u0435\\u043d\\u0438\\u0439"]}}]	8	1
235	2025-07-04 07:19:25.367564+00	4	None None	1	[{"added": {}}]	7	1
236	2025-07-04 08:14:03.003057+00	1	Узел управления спринклерный прямоточный с устройством задержки	1	[{"added": {}}]	12	4
237	2025-07-04 08:15:44.648014+00	2	Узел управления спринклерный водозаполненный «‎Шалтан»	1	[{"added": {}}]	12	4
238	2025-07-04 08:20:20.492722+00	3	Узел управления спринклерный воздушный  с акселератором	1	[{"added": {}}]	12	4
239	2025-07-04 08:21:00.922953+00	4	Узел управления спринклерный воздушный без акселератора	1	[{"added": {}}]	12	4
240	2025-07-04 08:21:49.780974+00	5	Узел управления «Спринт»	1	[{"added": {}}]	12	4
241	2025-07-04 08:23:08.782537+00	6	Узел управления дренчерный с комбинированным (электро- и гидро) приводом	1	[{"added": {}}]	12	4
242	2025-07-04 08:24:19.472909+00	7	Узел управления дренчерный с пневматическим приводом	1	[{"added": {}}]	12	4
243	2025-07-04 08:25:23.783792+00	8	Узел управления дренчерный с электроприводом «Малорасходный»	1	[{"added": {}}]	12	4
244	2025-07-04 08:53:45.717456+00	1	Узел управления спринклерный прямоточный с устройством задержки (УУ-С65/1,6В-ВФ.04- «Прямоточный 65»)	1	[{"added": {}}]	13	4
245	2025-07-04 08:54:29.188627+00	2	Узел управления спринклерный прямоточный с устройством задержки (УУ-С65/1,6В-ВФ.04- «Прямоточный 80»)	1	[{"added": {}}]	13	4
246	2025-07-04 08:55:23.719863+00	3	Узел управления спринклерный прямоточный с устройством задержки (УУ-С65/1,6В-ВФ.04- «Прямоточный 100»)	1	[{"added": {}}]	13	4
247	2025-07-04 08:55:56.62852+00	4	Узел управления спринклерный прямоточный с устройством задержки (УУ-С65/1,6В-ВФ.04- «Прямоточный 150»)	1	[{"added": {}}]	13	4
248	2025-07-04 08:59:18.343379+00	5	Узел управления спринклерный прямоточный с устройством задержки (УУ-С65/1,6В-ВФ.04- 01-«Прямоточный-65»)	1	[{"added": {}}]	13	4
249	2025-07-04 09:00:23.776307+00	6	Узел управления спринклерный прямоточный с устройством задержки (УУ-С65/1,6В-ВФ.04- 01-«Прямоточный-80»)	1	[{"added": {}}]	13	4
250	2025-07-04 09:00:58.063048+00	7	Узел управления спринклерный прямоточный с устройством задержки (УУ-С65/1,6В-ВФ.04- 01-«Прямоточный-100»)	1	[{"added": {}}]	13	4
251	2025-07-04 09:01:34.101356+00	8	Узел управления спринклерный прямоточный с устройством задержки (УУ-С65/1,6В-ВФ.04- 01-«Прямоточный-150»)	1	[{"added": {}}]	13	4
252	2025-07-04 09:03:01.645914+00	9	Узел управления спринклерный водозаполненный «‎Шалтан» (УУ-С65/1,6В-ВФ.04- «Шалтан»)	1	[{"added": {}}]	13	4
253	2025-07-04 09:03:21.597179+00	9	Узел управления спринклерный водозаполненный «‎Шалтан» (УУ-С65/1,6В-ВФ.04- «Шалтан»)	2	[{"changed": {"fields": ["\\u041a\\u043e\\u044d\\u0444\\u0444\\u0438\\u0446\\u0438\\u0435\\u043d\\u0442 \\u043f\\u043e\\u0442\\u0435\\u0440\\u044c \\u0434\\u0430\\u0432\\u043b\\u0435\\u043d\\u0438\\u044f"]}}]	13	4
254	2025-07-04 09:04:14.764268+00	10	Узел управления спринклерный водозаполненный «‎Шалтан» (УУ-С80/1,6В-ВФ.04- «Шалтан»)	1	[{"added": {}}]	13	4
255	2025-07-04 09:04:56.049389+00	9	Узел управления спринклерный водозаполненный «‎Шалтан» (УУ-С65/1,6В-ВФ.04- «Шалтан»)	2	[{"changed": {"fields": ["\\u041a\\u043e\\u044d\\u0444\\u0444\\u0438\\u0446\\u0438\\u0435\\u043d\\u0442 \\u043f\\u043e\\u0442\\u0435\\u0440\\u044c \\u0434\\u0430\\u0432\\u043b\\u0435\\u043d\\u0438\\u044f"]}}]	13	4
256	2025-07-04 09:05:30.395708+00	9	Узел управления спринклерный водозаполненный «‎Шалтан» (УУ-С65/1,6В-ВФ.04- «Шалтан»)	2	[{"changed": {"fields": ["\\u041a\\u043e\\u044d\\u0444\\u0444\\u0438\\u0446\\u0438\\u0435\\u043d\\u0442 \\u043f\\u043e\\u0442\\u0435\\u0440\\u044c \\u0434\\u0430\\u0432\\u043b\\u0435\\u043d\\u0438\\u044f"]}}]	13	4
257	2025-07-04 09:06:18.476493+00	11	Узел управления спринклерный водозаполненный «‎Шалтан» (УУ-С100/1,6В-ВФ.04- «Шалтан»)	1	[{"added": {}}]	13	4
258	2025-07-04 09:07:00.665508+00	12	Узел управления спринклерный водозаполненный «‎Шалтан» (УУ-С150/1,6В-ВФ.04- «Шалтан»)	1	[{"added": {}}]	13	4
259	2025-07-04 09:08:04.234553+00	13	Узел управления спринклерный водозаполненный «‎Шалтан» (УУ-С20/1,6В-ВФ.04- «Шалтан»)	1	[{"added": {}}]	13	4
260	2025-07-04 09:08:15.877331+00	12	Узел управления спринклерный водозаполненный «‎Шалтан» (УУ-С150/1,6В-ВФ.04- «Шалтан»)	2	[{"changed": {"fields": ["\\u041a\\u043e\\u044d\\u0444\\u0444\\u0438\\u0446\\u0438\\u0435\\u043d\\u0442 \\u043f\\u043e\\u0442\\u0435\\u0440\\u044c \\u0434\\u0430\\u0432\\u043b\\u0435\\u043d\\u0438\\u044f"]}}]	13	4
261	2025-07-04 09:09:48.326022+00	14	Узел управления спринклерный воздушный  с акселератором (УУ-С100/1,6Вз.04-01)	1	[{"added": {}}]	13	4
262	2025-07-04 09:10:13.65882+00	8	Узел управления спринклерный прямоточный с устройством задержки (УУ-С65/1,6В-ВФ.04-01-«Прямоточный-150»)	2	[{"changed": {"fields": ["\\u041e\\u0431\\u043e\\u0437\\u043d\\u0430\\u0447\\u0435\\u043d\\u0438\\u0435 \\u0443\\u0437\\u043b\\u0430 \\u0443\\u043f\\u0440\\u0430\\u0432\\u043b\\u0435\\u043d\\u0438\\u044f"]}}]	13	4
263	2025-07-04 09:10:13.668237+00	7	Узел управления спринклерный прямоточный с устройством задержки (УУ-С65/1,6В-ВФ.04-01-«Прямоточный-100»)	2	[{"changed": {"fields": ["\\u041e\\u0431\\u043e\\u0437\\u043d\\u0430\\u0447\\u0435\\u043d\\u0438\\u0435 \\u0443\\u0437\\u043b\\u0430 \\u0443\\u043f\\u0440\\u0430\\u0432\\u043b\\u0435\\u043d\\u0438\\u044f"]}}]	13	4
264	2025-07-04 09:10:13.68133+00	6	Узел управления спринклерный прямоточный с устройством задержки (УУ-С65/1,6В-ВФ.04-01-«Прямоточный-80»)	2	[{"changed": {"fields": ["\\u041e\\u0431\\u043e\\u0437\\u043d\\u0430\\u0447\\u0435\\u043d\\u0438\\u0435 \\u0443\\u0437\\u043b\\u0430 \\u0443\\u043f\\u0440\\u0430\\u0432\\u043b\\u0435\\u043d\\u0438\\u044f"]}}]	13	4
265	2025-07-04 09:10:13.694682+00	5	Узел управления спринклерный прямоточный с устройством задержки (УУ-С65/1,6В-ВФ.04-01-«Прямоточный-65»)	2	[{"changed": {"fields": ["\\u041e\\u0431\\u043e\\u0437\\u043d\\u0430\\u0447\\u0435\\u043d\\u0438\\u0435 \\u0443\\u0437\\u043b\\u0430 \\u0443\\u043f\\u0440\\u0430\\u0432\\u043b\\u0435\\u043d\\u0438\\u044f"]}}]	13	4
266	2025-07-04 09:10:38.192305+00	14	Узел управления спринклерный воздушный  с акселератором (УУ-С100/1,6Вз-ВФ.04-01)	2	[{"changed": {"fields": ["\\u041e\\u0431\\u043e\\u0437\\u043d\\u0430\\u0447\\u0435\\u043d\\u0438\\u0435 \\u0443\\u0437\\u043b\\u0430 \\u0443\\u043f\\u0440\\u0430\\u0432\\u043b\\u0435\\u043d\\u0438\\u044f"]}}]	13	4
267	2025-07-04 09:11:27.676072+00	15	Узел управления спринклерный воздушный  с акселератором (УУ-С150/1,6Вз.04-01)	1	[{"added": {}}]	13	4
268	2025-07-04 09:12:02.954002+00	15	Узел управления спринклерный воздушный  с акселератором (УУ-С150/1,6Вз-ВФ.04-01)	2	[{"changed": {"fields": ["\\u041e\\u0431\\u043e\\u0437\\u043d\\u0430\\u0447\\u0435\\u043d\\u0438\\u0435 \\u0443\\u0437\\u043b\\u0430 \\u0443\\u043f\\u0440\\u0430\\u0432\\u043b\\u0435\\u043d\\u0438\\u044f"]}}]	13	4
269	2025-07-04 09:12:34.895792+00	4	Узел управления спринклерный прямоточный с устройством задержки (УУ-С65/1,6В-ВФ.04-«Прямоточный 150»)	2	[{"changed": {"fields": ["\\u041e\\u0431\\u043e\\u0437\\u043d\\u0430\\u0447\\u0435\\u043d\\u0438\\u0435 \\u0443\\u0437\\u043b\\u0430 \\u0443\\u043f\\u0440\\u0430\\u0432\\u043b\\u0435\\u043d\\u0438\\u044f"]}}]	13	4
270	2025-07-04 09:12:34.903062+00	3	Узел управления спринклерный прямоточный с устройством задержки (УУ-С65/1,6В-ВФ.04-«Прямоточный 100»)	2	[{"changed": {"fields": ["\\u041e\\u0431\\u043e\\u0437\\u043d\\u0430\\u0447\\u0435\\u043d\\u0438\\u0435 \\u0443\\u0437\\u043b\\u0430 \\u0443\\u043f\\u0440\\u0430\\u0432\\u043b\\u0435\\u043d\\u0438\\u044f"]}}]	13	4
271	2025-07-04 09:12:34.907001+00	2	Узел управления спринклерный прямоточный с устройством задержки (УУ-С65/1,6В-ВФ.04-«Прямоточный 80»)	2	[{"changed": {"fields": ["\\u041e\\u0431\\u043e\\u0437\\u043d\\u0430\\u0447\\u0435\\u043d\\u0438\\u0435 \\u0443\\u0437\\u043b\\u0430 \\u0443\\u043f\\u0440\\u0430\\u0432\\u043b\\u0435\\u043d\\u0438\\u044f"]}}]	13	4
272	2025-07-04 09:12:34.911359+00	1	Узел управления спринклерный прямоточный с устройством задержки (УУ-С65/1,6В-ВФ.04-«Прямоточный 65»)	2	[{"changed": {"fields": ["\\u041e\\u0431\\u043e\\u0437\\u043d\\u0430\\u0447\\u0435\\u043d\\u0438\\u0435 \\u0443\\u0437\\u043b\\u0430 \\u0443\\u043f\\u0440\\u0430\\u0432\\u043b\\u0435\\u043d\\u0438\\u044f"]}}]	13	4
273	2025-07-04 09:13:29.72974+00	16	Узел управления спринклерный воздушный без акселератора (УУ-С100/1,6Вз-ВФ.04)	1	[{"added": {}}]	13	4
274	2025-07-04 09:14:26.695505+00	17	Узел управления спринклерный воздушный без акселератора (УУ-С150/1,6Вз-ВФ.04)	1	[{"added": {}}]	13	4
275	2025-07-04 09:16:32.870301+00	18	Узел управления «Спринт» (УУ-С100/1,6Вз(Э220)-ВФ.04 -«Спринт»)	1	[{"added": {}}]	13	4
276	2025-07-04 09:17:08.670948+00	19	Узел управления «Спринт» (УУ-С150/1,6Вз(Э220)-ВФ.04 -«Спринт»)	1	[{"added": {}}]	13	4
277	2025-07-04 09:17:19.555601+00	19	Узел управления «Спринт» (УУ-С150/1,6Вз(Э220)-ВФ.04 -«Спринт»)	2	[{"changed": {"fields": ["\\u041a\\u043e\\u044d\\u0444\\u0444\\u0438\\u0446\\u0438\\u0435\\u043d\\u0442 \\u043f\\u043e\\u0442\\u0435\\u0440\\u044c \\u0434\\u0430\\u0432\\u043b\\u0435\\u043d\\u0438\\u044f"]}}]	13	4
278	2025-07-04 09:18:59.424073+00	20	Узел управления дренчерный с комбинированным (электро- и гидро) приводом (УУ-Д100/1,6(Э24,ГО,07)-ВФ,04)	1	[{"added": {}}]	13	4
279	2025-07-04 09:19:47.999455+00	21	Узел управления дренчерный с комбинированным (электро- и гидро) приводом (УУ-Д150/1,6(Э24,ГО,07)-ВФ,04)	1	[{"added": {}}]	13	4
280	2025-07-04 09:20:50.130703+00	22	Узел управления дренчерный с пневматическим приводом (УУ-Д100/1,6(ПО,028)-ВФ,04)	1	[{"added": {}}]	13	4
281	2025-07-04 09:21:23.707149+00	23	Узел управления дренчерный с пневматическим приводом (УУ-Д150/1,6(ПО,028)-ВФ,04)	1	[{"added": {}}]	13	4
282	2025-07-04 09:23:53.921518+00	24	Узел управления дренчерный с электроприводом «Малорасходный» (УУ-Д25/1,2(Э24)-ГМ.04-«Малорасходный»)	1	[{"added": {}}]	13	4
283	2025-07-04 09:24:45.319447+00	25	Узел управления дренчерный с электроприводом «Малорасходный» (УУ-Д32/1,2(Э24)-ГМ.04-«Малорасходный»)	1	[{"added": {}}]	13	4
284	2025-07-04 09:27:09.365874+00	26	Узел управления дренчерный с электроприводом «Малорасходный» (УУ-Д40/1,2(Э24)-ГМ.04-«Малорасходный»)	1	[{"added": {}}]	13	4
285	2025-07-04 09:27:45.637298+00	27	Узел управления дренчерный с электроприводом «Малорасходный» (УУ-Д50/1,2(Э24)-ГМ.04-«Малорасходный»)	1	[{"added": {}}]	13	4
286	2025-07-06 04:54:00.155685+00	1	Стальные электросварные по ГОСТ 10704	1	[{"added": {}}]	11	4
290	2025-07-06 04:55:48.616812+00	3	Стальные электросварные по ГОСТ 10704 DN 25	1	[{"added": {}}]	10	4
291	2025-07-06 04:56:43.697818+00	4	Стальные электросварные по ГОСТ 10704 DN 32	1	[{"added": {}}]	10	4
292	2025-07-06 04:57:07.580164+00	5	Стальные электросварные по ГОСТ 10704 DN 40	1	[{"added": {}}]	10	4
293	2025-07-06 04:57:44.297756+00	6	Стальные электросварные по ГОСТ 10704 DN 50	1	[{"added": {}}]	10	4
294	2025-07-06 04:58:11.620026+00	7	Стальные электросварные по ГОСТ 10704 DN 65	1	[{"added": {}}]	10	4
295	2025-07-06 04:58:39.173714+00	8	Стальные электросварные по ГОСТ 10704 DN 80	1	[{"added": {}}]	10	4
296	2025-07-06 04:59:16.34559+00	9	Стальные электросварные по ГОСТ 10704 DN 100	1	[{"added": {}}]	10	4
297	2025-07-06 04:59:37.557871+00	10	Стальные электросварные по ГОСТ 10704 DN 100	1	[{"added": {}}]	10	4
298	2025-07-06 05:00:07.074007+00	11	Стальные электросварные по ГОСТ 10704 DN 100	1	[{"added": {}}]	10	4
299	2025-07-06 05:00:40.433181+00	12	Стальные электросварные по ГОСТ 10704 DN 125	1	[{"added": {}}]	10	4
300	2025-07-06 05:01:02.176025+00	13	Стальные электросварные по ГОСТ 10704 DN 125	1	[{"added": {}}]	10	4
301	2025-07-06 05:01:29.353159+00	14	Стальные электросварные по ГОСТ 10704 DN 150	1	[{"added": {}}]	10	4
302	2025-07-06 05:01:55.816425+00	15	Стальные электросварные по ГОСТ 10704 DN 150	1	[{"added": {}}]	10	4
303	2025-07-06 05:02:18.255216+00	16	Стальные электросварные по ГОСТ 10704 DN 200	1	[{"added": {}}]	10	4
304	2025-07-06 05:02:50.248988+00	17	Стальные электросварные по ГОСТ 10704 DN 250	1	[{"added": {}}]	10	4
305	2025-07-06 05:03:12.998805+00	18	Стальные электросварные по ГОСТ 10704 DN 300	1	[{"added": {}}]	10	4
306	2025-07-06 05:03:33.191393+00	19	Стальные электросварные по ГОСТ 10704 DN 350	1	[{"added": {}}]	10	4
307	2025-07-06 05:05:54.167036+00	20	Стальные водогазопроводные по ГОСТ 3262 DN 15	1	[{"added": {}}]	10	4
308	2025-07-06 05:06:16.517084+00	21	Стальные водогазопроводные по ГОСТ 3262 DN 20	1	[{"added": {}}]	10	4
309	2025-07-06 05:06:31.844057+00	22	Стальные водогазопроводные по ГОСТ 3262 DN 25	1	[{"added": {}}]	10	4
310	2025-07-06 05:06:52.1421+00	23	Стальные водогазопроводные по ГОСТ 3262 DN 32	1	[{"added": {}}]	10	4
311	2025-07-06 05:07:10.322368+00	24	Стальные водогазопроводные по ГОСТ 3262 DN 40	1	[{"added": {}}]	10	4
312	2025-07-06 05:07:24.787298+00	25	Стальные водогазопроводные по ГОСТ 3262 DN 50	1	[{"added": {}}]	10	4
313	2025-07-06 05:07:41.704878+00	26	Стальные водогазопроводные по ГОСТ 3262 DN 65	1	[{"added": {}}]	10	4
314	2025-07-06 05:08:05.97399+00	27	Стальные водогазопроводные по ГОСТ 3262 DN 80	1	[{"added": {}}]	10	4
315	2025-07-06 05:08:35.839334+00	28	Стальные водогазопроводные по ГОСТ 3262 DN 90	1	[{"added": {}}]	10	4
316	2025-07-06 05:08:51.784641+00	29	Стальные водогазопроводные по ГОСТ 3262 DN 100	1	[{"added": {}}]	10	4
317	2025-07-06 05:09:10.25405+00	30	Стальные водогазопроводные по ГОСТ 3262 DN 125	1	[{"added": {}}]	10	4
318	2025-07-06 05:09:25.443653+00	31	Стальные водогазопроводные по ГОСТ 3262 DN 150	1	[{"added": {}}]	10	4
319	2025-07-16 09:34:18.080109+00	3	СВВ-10	2	[{"changed": {"fields": ["\\u041a\\u043e\\u044d\\u0444\\u0444\\u0438\\u0446\\u0438\\u0435\\u043d\\u0442 \\u043f\\u0440\\u043e\\u0438\\u0437\\u0432\\u043e\\u0434\\u0438\\u0442\\u0435\\u043b\\u044c\\u043d\\u043e\\u0441\\u0442\\u0438"]}}]	8	4
320	2025-07-16 09:34:49.366311+00	4	СВВ-К80	2	[{"changed": {"fields": ["\\u041a\\u043e\\u044d\\u0444\\u0444\\u0438\\u0446\\u0438\\u0435\\u043d\\u0442 \\u043f\\u0440\\u043e\\u0438\\u0437\\u0432\\u043e\\u0434\\u0438\\u0442\\u0435\\u043b\\u044c\\u043d\\u043e\\u0441\\u0442\\u0438"]}}]	8	4
321	2025-07-16 09:36:01.100632+00	5	СВВ-12	2	[{"changed": {"fields": ["\\u041a\\u043e\\u044d\\u0444\\u0444\\u0438\\u0446\\u0438\\u0435\\u043d\\u0442 \\u043f\\u0440\\u043e\\u0438\\u0437\\u0432\\u043e\\u0434\\u0438\\u0442\\u0435\\u043b\\u044c\\u043d\\u043e\\u0441\\u0442\\u0438"]}}]	8	4
322	2025-07-16 09:36:25.049157+00	6	СВВ-К115	2	[{"changed": {"fields": ["\\u041a\\u043e\\u044d\\u0444\\u0444\\u0438\\u0446\\u0438\\u0435\\u043d\\u0442 \\u043f\\u0440\\u043e\\u0438\\u0437\\u0432\\u043e\\u0434\\u0438\\u0442\\u0435\\u043b\\u044c\\u043d\\u043e\\u0441\\u0442\\u0438"]}}]	8	4
323	2025-07-16 09:36:50.120264+00	7	СВВ-15	2	[{"changed": {"fields": ["\\u041a\\u043e\\u044d\\u0444\\u0444\\u0438\\u0446\\u0438\\u0435\\u043d\\u0442 \\u043f\\u0440\\u043e\\u0438\\u0437\\u0432\\u043e\\u0434\\u0438\\u0442\\u0435\\u043b\\u044c\\u043d\\u043e\\u0441\\u0442\\u0438"]}}]	8	4
324	2025-07-16 09:37:12.204202+00	8	СВВ-К160	2	[{"changed": {"fields": ["\\u041a\\u043e\\u044d\\u0444\\u0444\\u0438\\u0446\\u0438\\u0435\\u043d\\u0442 \\u043f\\u0440\\u043e\\u0438\\u0437\\u0432\\u043e\\u0434\\u0438\\u0442\\u0435\\u043b\\u044c\\u043d\\u043e\\u0441\\u0442\\u0438"]}}]	8	4
325	2025-07-16 09:37:43.897497+00	11	СВК-10	2	[{"changed": {"fields": ["\\u041a\\u043e\\u044d\\u0444\\u0444\\u0438\\u0446\\u0438\\u0435\\u043d\\u0442 \\u043f\\u0440\\u043e\\u0438\\u0437\\u0432\\u043e\\u0434\\u0438\\u0442\\u0435\\u043b\\u044c\\u043d\\u043e\\u0441\\u0442\\u0438"]}}]	8	4
326	2025-07-16 09:38:02.180365+00	12	СВК-К80	2	[{"changed": {"fields": ["\\u041a\\u043e\\u044d\\u0444\\u0444\\u0438\\u0446\\u0438\\u0435\\u043d\\u0442 \\u043f\\u0440\\u043e\\u0438\\u0437\\u0432\\u043e\\u0434\\u0438\\u0442\\u0435\\u043b\\u044c\\u043d\\u043e\\u0441\\u0442\\u0438"]}}]	8	4
327	2025-07-16 09:43:09.286957+00	14	СВК-К115	2	[{"changed": {"fields": ["\\u041a\\u043e\\u044d\\u0444\\u0444\\u0438\\u0446\\u0438\\u0435\\u043d\\u0442 \\u043f\\u0440\\u043e\\u0438\\u0437\\u0432\\u043e\\u0434\\u0438\\u0442\\u0435\\u043b\\u044c\\u043d\\u043e\\u0441\\u0442\\u0438"]}}]	8	4
328	2025-07-16 09:43:30.065774+00	15	СВН-15	2	[{"changed": {"fields": ["\\u041a\\u043e\\u044d\\u0444\\u0444\\u0438\\u0446\\u0438\\u0435\\u043d\\u0442 \\u043f\\u0440\\u043e\\u0438\\u0437\\u0432\\u043e\\u0434\\u0438\\u0442\\u0435\\u043b\\u044c\\u043d\\u043e\\u0441\\u0442\\u0438"]}}]	8	4
329	2025-07-16 09:43:49.590339+00	16	СВН-К160	2	[{"changed": {"fields": ["\\u041a\\u043e\\u044d\\u0444\\u0444\\u0438\\u0446\\u0438\\u0435\\u043d\\u0442 \\u043f\\u0440\\u043e\\u0438\\u0437\\u0432\\u043e\\u0434\\u0438\\u0442\\u0435\\u043b\\u044c\\u043d\\u043e\\u0441\\u0442\\u0438"]}}]	8	4
330	2025-07-16 09:44:09.050046+00	17	СОБР-17-Н	2	[{"changed": {"fields": ["\\u041a\\u043e\\u044d\\u0444\\u0444\\u0438\\u0446\\u0438\\u0435\\u043d\\u0442 \\u043f\\u0440\\u043e\\u0438\\u0437\\u0432\\u043e\\u0434\\u0438\\u0442\\u0435\\u043b\\u044c\\u043d\\u043e\\u0441\\u0442\\u0438"]}}]	8	4
331	2025-07-16 09:44:25.883242+00	18	СОБР-17-В	2	[{"changed": {"fields": ["\\u041a\\u043e\\u044d\\u0444\\u0444\\u0438\\u0446\\u0438\\u0435\\u043d\\u0442 \\u043f\\u0440\\u043e\\u0438\\u0437\\u0432\\u043e\\u0434\\u0438\\u0442\\u0435\\u043b\\u044c\\u043d\\u043e\\u0441\\u0442\\u0438"]}}]	8	4
332	2025-07-16 09:44:48.240296+00	19	СОБР-25-Н	2	[{"changed": {"fields": ["\\u041a\\u043e\\u044d\\u0444\\u0444\\u0438\\u0446\\u0438\\u0435\\u043d\\u0442 \\u043f\\u0440\\u043e\\u0438\\u0437\\u0432\\u043e\\u0434\\u0438\\u0442\\u0435\\u043b\\u044c\\u043d\\u043e\\u0441\\u0442\\u0438"]}}]	8	4
333	2025-07-16 09:45:01.086712+00	20	СОБР-25-В	2	[{"changed": {"fields": ["\\u041a\\u043e\\u044d\\u0444\\u0444\\u0438\\u0446\\u0438\\u0435\\u043d\\u0442 \\u043f\\u0440\\u043e\\u0438\\u0437\\u0432\\u043e\\u0434\\u0438\\u0442\\u0435\\u043b\\u044c\\u043d\\u043e\\u0441\\u0442\\u0438"]}}]	8	4
334	2025-07-16 09:45:46.652805+00	22	СУУ-12	2	[{"changed": {"fields": ["\\u041a\\u043e\\u044d\\u0444\\u0444\\u0438\\u0446\\u0438\\u0435\\u043d\\u0442 \\u043f\\u0440\\u043e\\u0438\\u0437\\u0432\\u043e\\u0434\\u0438\\u0442\\u0435\\u043b\\u044c\\u043d\\u043e\\u0441\\u0442\\u0438"]}}]	8	4
335	2025-07-16 09:46:06.388963+00	23	СУУ-К115	2	[{"changed": {"fields": ["\\u041a\\u043e\\u044d\\u0444\\u0444\\u0438\\u0446\\u0438\\u0435\\u043d\\u0442 \\u043f\\u0440\\u043e\\u0438\\u0437\\u0432\\u043e\\u0434\\u0438\\u0442\\u0435\\u043b\\u044c\\u043d\\u043e\\u0441\\u0442\\u0438"]}}]	8	4
336	2025-07-16 09:46:27.695638+00	24	СУУ-15	2	[{"changed": {"fields": ["\\u041a\\u043e\\u044d\\u0444\\u0444\\u0438\\u0446\\u0438\\u0435\\u043d\\u0442 \\u043f\\u0440\\u043e\\u0438\\u0437\\u0432\\u043e\\u0434\\u0438\\u0442\\u0435\\u043b\\u044c\\u043d\\u043e\\u0441\\u0442\\u0438"]}}]	8	4
337	2025-07-16 09:46:47.815938+00	25	СУУ-К160	2	[{"changed": {"fields": ["\\u041a\\u043e\\u044d\\u0444\\u0444\\u0438\\u0446\\u0438\\u0435\\u043d\\u0442 \\u043f\\u0440\\u043e\\u0438\\u0437\\u0432\\u043e\\u0434\\u0438\\u0442\\u0435\\u043b\\u044c\\u043d\\u043e\\u0441\\u0442\\u0438"]}}]	8	4
338	2025-07-16 09:47:58.320521+00	27	СВУ-К57	2	[{"changed": {"fields": ["\\u041a\\u043e\\u044d\\u0444\\u0444\\u0438\\u0446\\u0438\\u0435\\u043d\\u0442 \\u043f\\u0440\\u043e\\u0438\\u0437\\u0432\\u043e\\u0434\\u0438\\u0442\\u0435\\u043b\\u044c\\u043d\\u043e\\u0441\\u0442\\u0438"]}}]	8	4
339	2025-07-16 09:48:16.275145+00	28	СВУ-10	2	[{"changed": {"fields": ["\\u041a\\u043e\\u044d\\u0444\\u0444\\u0438\\u0446\\u0438\\u0435\\u043d\\u0442 \\u043f\\u0440\\u043e\\u0438\\u0437\\u0432\\u043e\\u0434\\u0438\\u0442\\u0435\\u043b\\u044c\\u043d\\u043e\\u0441\\u0442\\u0438"]}}]	8	4
340	2025-07-16 09:49:18.035343+00	29	SSU-К80	2	[{"changed": {"fields": ["\\u041a\\u043e\\u044d\\u0444\\u0444\\u0438\\u0446\\u0438\\u0435\\u043d\\u0442 \\u043f\\u0440\\u043e\\u0438\\u0437\\u0432\\u043e\\u0434\\u0438\\u0442\\u0435\\u043b\\u044c\\u043d\\u043e\\u0441\\u0442\\u0438"]}}]	8	4
341	2025-07-16 09:49:57.60741+00	30	SSP-К80	2	[{"changed": {"fields": ["\\u041a\\u043e\\u044d\\u0444\\u0444\\u0438\\u0446\\u0438\\u0435\\u043d\\u0442 \\u043f\\u0440\\u043e\\u0438\\u0437\\u0432\\u043e\\u0434\\u0438\\u0442\\u0435\\u043b\\u044c\\u043d\\u043e\\u0441\\u0442\\u0438"]}}]	8	4
342	2025-07-16 09:51:28.555539+00	31	SSU-К115	2	[{"changed": {"fields": ["\\u041a\\u043e\\u044d\\u0444\\u0444\\u0438\\u0446\\u0438\\u0435\\u043d\\u0442 \\u043f\\u0440\\u043e\\u0438\\u0437\\u0432\\u043e\\u0434\\u0438\\u0442\\u0435\\u043b\\u044c\\u043d\\u043e\\u0441\\u0442\\u0438"]}}]	8	4
343	2025-07-16 09:51:47.24801+00	32	SSP-К115	2	[{"changed": {"fields": ["\\u041a\\u043e\\u044d\\u0444\\u0444\\u0438\\u0446\\u0438\\u0435\\u043d\\u0442 \\u043f\\u0440\\u043e\\u0438\\u0437\\u0432\\u043e\\u0434\\u0438\\u0442\\u0435\\u043b\\u044c\\u043d\\u043e\\u0441\\u0442\\u0438"]}}]	8	4
344	2025-07-16 09:51:56.094346+00	34	SSP-К115	2	[{"changed": {"fields": ["\\u041a\\u043e\\u044d\\u0444\\u0444\\u0438\\u0446\\u0438\\u0435\\u043d\\u0442 \\u043f\\u0440\\u043e\\u0438\\u0437\\u0432\\u043e\\u0434\\u0438\\u0442\\u0435\\u043b\\u044c\\u043d\\u043e\\u0441\\u0442\\u0438"]}}]	8	4
345	2025-07-16 09:52:21.993972+00	35	ОЭ-16	2	[{"changed": {"fields": ["\\u041a\\u043e\\u044d\\u0444\\u0444\\u0438\\u0446\\u0438\\u0435\\u043d\\u0442 \\u043f\\u0440\\u043e\\u0438\\u0437\\u0432\\u043e\\u0434\\u0438\\u0442\\u0435\\u043b\\u044c\\u043d\\u043e\\u0441\\u0442\\u0438"]}}]	8	4
346	2025-07-16 09:52:41.177827+00	36	ОЭ-25	2	[{"changed": {"fields": ["\\u041a\\u043e\\u044d\\u0444\\u0444\\u0438\\u0446\\u0438\\u0435\\u043d\\u0442 \\u043f\\u0440\\u043e\\u0438\\u0437\\u0432\\u043e\\u0434\\u0438\\u0442\\u0435\\u043b\\u044c\\u043d\\u043e\\u0441\\u0442\\u0438"]}}]	8	4
347	2025-07-16 09:52:52.143867+00	37	ОЦ-9	2	[{"changed": {"fields": ["\\u041a\\u043e\\u044d\\u0444\\u0444\\u0438\\u0446\\u0438\\u0435\\u043d\\u0442 \\u043f\\u0440\\u043e\\u0438\\u0437\\u0432\\u043e\\u0434\\u0438\\u0442\\u0435\\u043b\\u044c\\u043d\\u043e\\u0441\\u0442\\u0438"]}}]	8	4
348	2025-07-16 09:53:06.059882+00	38	ОЦ-12	2	[{"changed": {"fields": ["\\u041a\\u043e\\u044d\\u0444\\u0444\\u0438\\u0446\\u0438\\u0435\\u043d\\u0442 \\u043f\\u0440\\u043e\\u0438\\u0437\\u0432\\u043e\\u0434\\u0438\\u0442\\u0435\\u043b\\u044c\\u043d\\u043e\\u0441\\u0442\\u0438"]}}]	8	4
349	2025-07-16 09:53:37.862388+00	39	СУВ-К200	2	[{"changed": {"fields": ["\\u041a\\u043e\\u044d\\u0444\\u0444\\u0438\\u0446\\u0438\\u0435\\u043d\\u0442 \\u043f\\u0440\\u043e\\u0438\\u0437\\u0432\\u043e\\u0434\\u0438\\u0442\\u0435\\u043b\\u044c\\u043d\\u043e\\u0441\\u0442\\u0438"]}}]	8	4
350	2025-07-16 09:53:54.679821+00	40	СУН-К200	2	[{"changed": {"fields": ["\\u041a\\u043e\\u044d\\u0444\\u0444\\u0438\\u0446\\u0438\\u0435\\u043d\\u0442 \\u043f\\u0440\\u043e\\u0438\\u0437\\u0432\\u043e\\u0434\\u0438\\u0442\\u0435\\u043b\\u044c\\u043d\\u043e\\u0441\\u0442\\u0438"]}}]	8	4
351	2025-07-16 09:54:25.902047+00	41	ССН-12 (S=5.3 м²)	2	[{"changed": {"fields": ["\\u041a\\u043e\\u044d\\u0444\\u0444\\u0438\\u0446\\u0438\\u0435\\u043d\\u0442 \\u043f\\u0440\\u043e\\u0438\\u0437\\u0432\\u043e\\u0434\\u0438\\u0442\\u0435\\u043b\\u044c\\u043d\\u043e\\u0441\\u0442\\u0438"]}}]	8	4
352	2025-07-16 09:55:16.426402+00	41	ССН-12 (S=5.3 м²)	2	[{"changed": {"fields": ["\\u041a\\u043e\\u044d\\u0444\\u0444\\u0438\\u0446\\u0438\\u0435\\u043d\\u0442 \\u043f\\u0440\\u043e\\u0438\\u0437\\u0432\\u043e\\u0434\\u0438\\u0442\\u0435\\u043b\\u044c\\u043d\\u043e\\u0441\\u0442\\u0438"]}}]	8	4
353	2025-07-16 09:55:28.71145+00	42	ССН-15 (S=5.3 м²)	2	[{"changed": {"fields": ["\\u041a\\u043e\\u044d\\u0444\\u0444\\u0438\\u0446\\u0438\\u0435\\u043d\\u0442 \\u043f\\u0440\\u043e\\u0438\\u0437\\u0432\\u043e\\u0434\\u0438\\u0442\\u0435\\u043b\\u044c\\u043d\\u043e\\u0441\\u0442\\u0438"]}}]	8	4
354	2025-07-16 09:55:45.111772+00	43	ССВ-12 (S=5.3 м²)	2	[{"changed": {"fields": ["\\u041a\\u043e\\u044d\\u0444\\u0444\\u0438\\u0446\\u0438\\u0435\\u043d\\u0442 \\u043f\\u0440\\u043e\\u0438\\u0437\\u0432\\u043e\\u0434\\u0438\\u0442\\u0435\\u043b\\u044c\\u043d\\u043e\\u0441\\u0442\\u0438"]}}]	8	4
355	2025-07-16 09:56:02.543596+00	44	ССВ-15 (S=3.0 м²)	2	[{"changed": {"fields": ["\\u041a\\u043e\\u044d\\u0444\\u0444\\u0438\\u0446\\u0438\\u0435\\u043d\\u0442 \\u043f\\u0440\\u043e\\u0438\\u0437\\u0432\\u043e\\u0434\\u0438\\u0442\\u0435\\u043b\\u044c\\u043d\\u043e\\u0441\\u0442\\u0438"]}}]	8	4
356	2025-07-16 09:56:27.750844+00	47	ДВВ-10	2	[{"changed": {"fields": ["\\u041a\\u043e\\u044d\\u0444\\u0444\\u0438\\u0446\\u0438\\u0435\\u043d\\u0442 \\u043f\\u0440\\u043e\\u0438\\u0437\\u0432\\u043e\\u0434\\u0438\\u0442\\u0435\\u043b\\u044c\\u043d\\u043e\\u0441\\u0442\\u0438"]}}]	8	4
357	2025-07-16 09:56:45.268619+00	48	ДВВ-К80	2	[{"changed": {"fields": ["\\u041a\\u043e\\u044d\\u0444\\u0444\\u0438\\u0446\\u0438\\u0435\\u043d\\u0442 \\u043f\\u0440\\u043e\\u0438\\u0437\\u0432\\u043e\\u0434\\u0438\\u0442\\u0435\\u043b\\u044c\\u043d\\u043e\\u0441\\u0442\\u0438"]}}]	8	4
358	2025-07-16 09:57:03.981879+00	49	ДВВ-12	2	[{"changed": {"fields": ["\\u041a\\u043e\\u044d\\u0444\\u0444\\u0438\\u0446\\u0438\\u0435\\u043d\\u0442 \\u043f\\u0440\\u043e\\u0438\\u0437\\u0432\\u043e\\u0434\\u0438\\u0442\\u0435\\u043b\\u044c\\u043d\\u043e\\u0441\\u0442\\u0438"]}}]	8	4
359	2025-07-16 09:57:20.972759+00	50	ДВВ-К115	2	[{"changed": {"fields": ["\\u041a\\u043e\\u044d\\u0444\\u0444\\u0438\\u0446\\u0438\\u0435\\u043d\\u0442 \\u043f\\u0440\\u043e\\u0438\\u0437\\u0432\\u043e\\u0434\\u0438\\u0442\\u0435\\u043b\\u044c\\u043d\\u043e\\u0441\\u0442\\u0438"]}}]	8	4
360	2025-07-16 09:57:35.079416+00	51	ДВВ-15	2	[{"changed": {"fields": ["\\u041a\\u043e\\u044d\\u0444\\u0444\\u0438\\u0446\\u0438\\u0435\\u043d\\u0442 \\u043f\\u0440\\u043e\\u0438\\u0437\\u0432\\u043e\\u0434\\u0438\\u0442\\u0435\\u043b\\u044c\\u043d\\u043e\\u0441\\u0442\\u0438"]}}]	8	4
361	2025-07-16 09:57:52.44192+00	52	ДВВ-К160	2	[{"changed": {"fields": ["\\u041a\\u043e\\u044d\\u0444\\u0444\\u0438\\u0446\\u0438\\u0435\\u043d\\u0442 \\u043f\\u0440\\u043e\\u0438\\u0437\\u0432\\u043e\\u0434\\u0438\\u0442\\u0435\\u043b\\u044c\\u043d\\u043e\\u0441\\u0442\\u0438"]}}]	8	4
362	2025-07-16 09:58:28.12465+00	55	ДВН-10	2	[{"changed": {"fields": ["\\u041a\\u043e\\u044d\\u0444\\u0444\\u0438\\u0446\\u0438\\u0435\\u043d\\u0442 \\u043f\\u0440\\u043e\\u0438\\u0437\\u0432\\u043e\\u0434\\u0438\\u0442\\u0435\\u043b\\u044c\\u043d\\u043e\\u0441\\u0442\\u0438"]}}]	8	4
363	2025-07-16 09:58:45.370535+00	56	СВН-10	2	[{"changed": {"fields": ["\\u041a\\u043e\\u044d\\u0444\\u0444\\u0438\\u0446\\u0438\\u0435\\u043d\\u0442 \\u043f\\u0440\\u043e\\u0438\\u0437\\u0432\\u043e\\u0434\\u0438\\u0442\\u0435\\u043b\\u044c\\u043d\\u043e\\u0441\\u0442\\u0438"]}}]	8	4
364	2025-07-16 09:59:03.043084+00	57	ДВН-К80	2	[{"changed": {"fields": ["\\u041a\\u043e\\u044d\\u0444\\u0444\\u0438\\u0446\\u0438\\u0435\\u043d\\u0442 \\u043f\\u0440\\u043e\\u0438\\u0437\\u0432\\u043e\\u0434\\u0438\\u0442\\u0435\\u043b\\u044c\\u043d\\u043e\\u0441\\u0442\\u0438"]}}]	8	4
365	2025-07-16 10:08:43.032627+00	58	СВН-К80	2	[{"changed": {"fields": ["\\u041a\\u043e\\u044d\\u0444\\u0444\\u0438\\u0446\\u0438\\u0435\\u043d\\u0442 \\u043f\\u0440\\u043e\\u0438\\u0437\\u0432\\u043e\\u0434\\u0438\\u0442\\u0435\\u043b\\u044c\\u043d\\u043e\\u0441\\u0442\\u0438"]}}]	8	4
366	2025-07-16 10:08:58.308012+00	59	СВН-12	2	[{"changed": {"fields": ["\\u041a\\u043e\\u044d\\u0444\\u0444\\u0438\\u0446\\u0438\\u0435\\u043d\\u0442 \\u043f\\u0440\\u043e\\u0438\\u0437\\u0432\\u043e\\u0434\\u0438\\u0442\\u0435\\u043b\\u044c\\u043d\\u043e\\u0441\\u0442\\u0438"]}}]	8	4
367	2025-07-16 10:09:19.401829+00	60	ДВН-12	2	[{"changed": {"fields": ["\\u041a\\u043e\\u044d\\u0444\\u0444\\u0438\\u0446\\u0438\\u0435\\u043d\\u0442 \\u043f\\u0440\\u043e\\u0438\\u0437\\u0432\\u043e\\u0434\\u0438\\u0442\\u0435\\u043b\\u044c\\u043d\\u043e\\u0441\\u0442\\u0438"]}}]	8	4
368	2025-07-16 10:09:38.991275+00	61	СВН-К115	2	[{"changed": {"fields": ["\\u041a\\u043e\\u044d\\u0444\\u0444\\u0438\\u0446\\u0438\\u0435\\u043d\\u0442 \\u043f\\u0440\\u043e\\u0438\\u0437\\u0432\\u043e\\u0434\\u0438\\u0442\\u0435\\u043b\\u044c\\u043d\\u043e\\u0441\\u0442\\u0438"]}}]	8	4
369	2025-07-16 10:10:09.467472+00	62	ДВН-К115	2	[{"changed": {"fields": ["\\u041a\\u043e\\u044d\\u0444\\u0444\\u0438\\u0446\\u0438\\u0435\\u043d\\u0442 \\u043f\\u0440\\u043e\\u0438\\u0437\\u0432\\u043e\\u0434\\u0438\\u0442\\u0435\\u043b\\u044c\\u043d\\u043e\\u0441\\u0442\\u0438"]}}]	8	4
370	2025-07-16 10:10:24.981328+00	63	ДВН-15	2	[{"changed": {"fields": ["\\u041a\\u043e\\u044d\\u0444\\u0444\\u0438\\u0446\\u0438\\u0435\\u043d\\u0442 \\u043f\\u0440\\u043e\\u0438\\u0437\\u0432\\u043e\\u0434\\u0438\\u0442\\u0435\\u043b\\u044c\\u043d\\u043e\\u0441\\u0442\\u0438"]}}]	8	4
371	2025-07-16 10:10:42.014+00	64	ДВН-К160	2	[{"changed": {"fields": ["\\u041a\\u043e\\u044d\\u0444\\u0444\\u0438\\u0446\\u0438\\u0435\\u043d\\u0442 \\u043f\\u0440\\u043e\\u0438\\u0437\\u0432\\u043e\\u0434\\u0438\\u0442\\u0435\\u043b\\u044c\\u043d\\u043e\\u0441\\u0442\\u0438"]}}]	8	4
372	2025-07-16 10:11:05.981087+00	65	ДУУ-К80	2	[{"changed": {"fields": ["\\u041a\\u043e\\u044d\\u0444\\u0444\\u0438\\u0446\\u0438\\u0435\\u043d\\u0442 \\u043f\\u0440\\u043e\\u0438\\u0437\\u0432\\u043e\\u0434\\u0438\\u0442\\u0435\\u043b\\u044c\\u043d\\u043e\\u0441\\u0442\\u0438"]}}]	8	4
373	2025-07-16 10:11:23.86882+00	66	ДУУ-12	2	[{"changed": {"fields": ["\\u041a\\u043e\\u044d\\u0444\\u0444\\u0438\\u0446\\u0438\\u0435\\u043d\\u0442 \\u043f\\u0440\\u043e\\u0438\\u0437\\u0432\\u043e\\u0434\\u0438\\u0442\\u0435\\u043b\\u044c\\u043d\\u043e\\u0441\\u0442\\u0438"]}}]	8	4
374	2025-07-16 10:11:47.015623+00	67	ДУУ-К115	2	[{"changed": {"fields": ["\\u041a\\u043e\\u044d\\u0444\\u0444\\u0438\\u0446\\u0438\\u0435\\u043d\\u0442 \\u043f\\u0440\\u043e\\u0438\\u0437\\u0432\\u043e\\u0434\\u0438\\u0442\\u0435\\u043b\\u044c\\u043d\\u043e\\u0441\\u0442\\u0438"]}}]	8	4
375	2025-07-16 10:12:11.107567+00	68	ДУУ-15	2	[{"changed": {"fields": ["\\u041a\\u043e\\u044d\\u0444\\u0444\\u0438\\u0446\\u0438\\u0435\\u043d\\u0442 \\u043f\\u0440\\u043e\\u0438\\u0437\\u0432\\u043e\\u0434\\u0438\\u0442\\u0435\\u043b\\u044c\\u043d\\u043e\\u0441\\u0442\\u0438"]}}]	8	4
376	2025-07-16 10:12:31.816388+00	69	ДУУ-К160	2	[{"changed": {"fields": ["\\u041a\\u043e\\u044d\\u0444\\u0444\\u0438\\u0446\\u0438\\u0435\\u043d\\u0442 \\u043f\\u0440\\u043e\\u0438\\u0437\\u0432\\u043e\\u0434\\u0438\\u0442\\u0435\\u043b\\u044c\\u043d\\u043e\\u0441\\u0442\\u0438"]}}]	8	4
377	2025-07-16 10:12:47.976195+00	70	ДУУ-К80	2	[{"changed": {"fields": ["\\u041a\\u043e\\u044d\\u0444\\u0444\\u0438\\u0446\\u0438\\u0435\\u043d\\u0442 \\u043f\\u0440\\u043e\\u0438\\u0437\\u0432\\u043e\\u0434\\u0438\\u0442\\u0435\\u043b\\u044c\\u043d\\u043e\\u0441\\u0442\\u0438"]}}]	8	4
378	2025-07-16 10:13:18.069075+00	71	ДУУ-12	2	[{"changed": {"fields": ["\\u041a\\u043e\\u044d\\u0444\\u0444\\u0438\\u0446\\u0438\\u0435\\u043d\\u0442 \\u043f\\u0440\\u043e\\u0438\\u0437\\u0432\\u043e\\u0434\\u0438\\u0442\\u0435\\u043b\\u044c\\u043d\\u043e\\u0441\\u0442\\u0438"]}}]	8	4
379	2025-07-16 10:13:33.809181+00	72	ДУУ-К115	2	[{"changed": {"fields": ["\\u041a\\u043e\\u044d\\u0444\\u0444\\u0438\\u0446\\u0438\\u0435\\u043d\\u0442 \\u043f\\u0440\\u043e\\u0438\\u0437\\u0432\\u043e\\u0434\\u0438\\u0442\\u0435\\u043b\\u044c\\u043d\\u043e\\u0441\\u0442\\u0438"]}}]	8	4
380	2025-07-16 10:13:49.584889+00	73	ДУУ-15	2	[{"changed": {"fields": ["\\u041a\\u043e\\u044d\\u0444\\u0444\\u0438\\u0446\\u0438\\u0435\\u043d\\u0442 \\u043f\\u0440\\u043e\\u0438\\u0437\\u0432\\u043e\\u0434\\u0438\\u0442\\u0435\\u043b\\u044c\\u043d\\u043e\\u0441\\u0442\\u0438"]}}]	8	4
381	2025-07-16 10:14:06.32208+00	74	ДУУ-К160	2	[{"changed": {"fields": ["\\u041a\\u043e\\u044d\\u0444\\u0444\\u0438\\u0446\\u0438\\u0435\\u043d\\u0442 \\u043f\\u0440\\u043e\\u0438\\u0437\\u0432\\u043e\\u0434\\u0438\\u0442\\u0435\\u043b\\u044c\\u043d\\u043e\\u0441\\u0442\\u0438"]}}]	8	4
382	2025-07-16 10:14:20.815079+00	75	ДВУ-8	2	[{"changed": {"fields": ["\\u041a\\u043e\\u044d\\u0444\\u0444\\u0438\\u0446\\u0438\\u0435\\u043d\\u0442 \\u043f\\u0440\\u043e\\u0438\\u0437\\u0432\\u043e\\u0434\\u0438\\u0442\\u0435\\u043b\\u044c\\u043d\\u043e\\u0441\\u0442\\u0438"]}}]	8	4
383	2025-07-16 10:14:40.985654+00	76	ДВУ-К57	2	[{"changed": {"fields": ["\\u041a\\u043e\\u044d\\u0444\\u0444\\u0438\\u0446\\u0438\\u0435\\u043d\\u0442 \\u043f\\u0440\\u043e\\u0438\\u0437\\u0432\\u043e\\u0434\\u0438\\u0442\\u0435\\u043b\\u044c\\u043d\\u043e\\u0441\\u0442\\u0438"]}}]	8	4
384	2025-07-16 10:14:57.382495+00	77	ДВУ-10	2	[{"changed": {"fields": ["\\u041a\\u043e\\u044d\\u0444\\u0444\\u0438\\u0446\\u0438\\u0435\\u043d\\u0442 \\u043f\\u0440\\u043e\\u0438\\u0437\\u0432\\u043e\\u0434\\u0438\\u0442\\u0435\\u043b\\u044c\\u043d\\u043e\\u0441\\u0442\\u0438"]}}]	8	4
385	2025-07-16 10:15:57.84259+00	78	SU-К80	2	[{"changed": {"fields": ["\\u041a\\u043e\\u044d\\u0444\\u0444\\u0438\\u0446\\u0438\\u0435\\u043d\\u0442 \\u043f\\u0440\\u043e\\u0438\\u0437\\u0432\\u043e\\u0434\\u0438\\u0442\\u0435\\u043b\\u044c\\u043d\\u043e\\u0441\\u0442\\u0438"]}}]	8	4
386	2025-07-16 10:16:20.296078+00	79	SU-К80	2	[{"changed": {"fields": ["\\u041a\\u043e\\u044d\\u0444\\u0444\\u0438\\u0446\\u0438\\u0435\\u043d\\u0442 \\u043f\\u0440\\u043e\\u0438\\u0437\\u0432\\u043e\\u0434\\u0438\\u0442\\u0435\\u043b\\u044c\\u043d\\u043e\\u0441\\u0442\\u0438"]}}]	8	4
387	2025-07-16 10:16:34.319518+00	80	SSU-К80	2	[{"changed": {"fields": ["\\u041a\\u043e\\u044d\\u0444\\u0444\\u0438\\u0446\\u0438\\u0435\\u043d\\u0442 \\u043f\\u0440\\u043e\\u0438\\u0437\\u0432\\u043e\\u0434\\u0438\\u0442\\u0435\\u043b\\u044c\\u043d\\u043e\\u0441\\u0442\\u0438"]}}]	8	4
388	2025-07-16 10:16:44.36465+00	81	SP-К80	2	[{"changed": {"fields": ["\\u041a\\u043e\\u044d\\u0444\\u0444\\u0438\\u0446\\u0438\\u0435\\u043d\\u0442 \\u043f\\u0440\\u043e\\u0438\\u0437\\u0432\\u043e\\u0434\\u0438\\u0442\\u0435\\u043b\\u044c\\u043d\\u043e\\u0441\\u0442\\u0438"]}}]	8	4
389	2025-07-16 10:17:15.266422+00	83	SU-К115	2	[{"changed": {"fields": ["\\u041a\\u043e\\u044d\\u0444\\u0444\\u0438\\u0446\\u0438\\u0435\\u043d\\u0442 \\u043f\\u0440\\u043e\\u0438\\u0437\\u0432\\u043e\\u0434\\u0438\\u0442\\u0435\\u043b\\u044c\\u043d\\u043e\\u0441\\u0442\\u0438"]}}]	8	4
390	2025-07-16 10:17:31.313317+00	84	SSU-К115	2	[{"changed": {"fields": ["\\u041a\\u043e\\u044d\\u0444\\u0444\\u0438\\u0446\\u0438\\u0435\\u043d\\u0442 \\u043f\\u0440\\u043e\\u0438\\u0437\\u0432\\u043e\\u0434\\u0438\\u0442\\u0435\\u043b\\u044c\\u043d\\u043e\\u0441\\u0442\\u0438"]}}]	8	4
391	2025-07-16 10:17:47.59619+00	85	SU-К115	2	[{"changed": {"fields": ["\\u041a\\u043e\\u044d\\u0444\\u0444\\u0438\\u0446\\u0438\\u0435\\u043d\\u0442 \\u043f\\u0440\\u043e\\u0438\\u0437\\u0432\\u043e\\u0434\\u0438\\u0442\\u0435\\u043b\\u044c\\u043d\\u043e\\u0441\\u0442\\u0438"]}}]	8	4
392	2025-07-16 10:18:05.653682+00	86	SP-К115	2	[{"changed": {"fields": ["\\u041a\\u043e\\u044d\\u0444\\u0444\\u0438\\u0446\\u0438\\u0435\\u043d\\u0442 \\u043f\\u0440\\u043e\\u0438\\u0437\\u0432\\u043e\\u0434\\u0438\\u0442\\u0435\\u043b\\u044c\\u043d\\u043e\\u0441\\u0442\\u0438"]}}]	8	4
393	2025-07-16 10:18:25.782958+00	87	SP-К115	2	[{"changed": {"fields": ["\\u041a\\u043e\\u044d\\u0444\\u0444\\u0438\\u0446\\u0438\\u0435\\u043d\\u0442 \\u043f\\u0440\\u043e\\u0438\\u0437\\u0432\\u043e\\u0434\\u0438\\u0442\\u0435\\u043b\\u044c\\u043d\\u043e\\u0441\\u0442\\u0438"]}}]	8	4
394	2025-07-16 10:18:55.437756+00	88	ОЭ-16	2	[{"changed": {"fields": ["\\u041a\\u043e\\u044d\\u0444\\u0444\\u0438\\u0446\\u0438\\u0435\\u043d\\u0442 \\u043f\\u0440\\u043e\\u0438\\u0437\\u0432\\u043e\\u0434\\u0438\\u0442\\u0435\\u043b\\u044c\\u043d\\u043e\\u0441\\u0442\\u0438"]}}]	8	4
395	2025-07-16 10:19:07.951124+00	89	ОЭ-25	2	[{"changed": {"fields": ["\\u041a\\u043e\\u044d\\u0444\\u0444\\u0438\\u0446\\u0438\\u0435\\u043d\\u0442 \\u043f\\u0440\\u043e\\u0438\\u0437\\u0432\\u043e\\u0434\\u0438\\u0442\\u0435\\u043b\\u044c\\u043d\\u043e\\u0441\\u0442\\u0438"]}}]	8	4
396	2025-07-16 10:19:24.571185+00	90	ОЦ-9	2	[{"changed": {"fields": ["\\u041a\\u043e\\u044d\\u0444\\u0444\\u0438\\u0446\\u0438\\u0435\\u043d\\u0442 \\u043f\\u0440\\u043e\\u0438\\u0437\\u0432\\u043e\\u0434\\u0438\\u0442\\u0435\\u043b\\u044c\\u043d\\u043e\\u0441\\u0442\\u0438"]}}]	8	4
397	2025-07-16 10:19:40.273987+00	91	ОЦ-12	2	[{"changed": {"fields": ["\\u041a\\u043e\\u044d\\u0444\\u0444\\u0438\\u0446\\u0438\\u0435\\u043d\\u0442 \\u043f\\u0440\\u043e\\u0438\\u0437\\u0432\\u043e\\u0434\\u0438\\u0442\\u0435\\u043b\\u044c\\u043d\\u043e\\u0441\\u0442\\u0438"]}}]	8	4
398	2025-07-16 10:20:11.522163+00	92	ДУВ-К200	2	[{"changed": {"fields": ["\\u041a\\u043e\\u044d\\u0444\\u0444\\u0438\\u0446\\u0438\\u0435\\u043d\\u0442 \\u043f\\u0440\\u043e\\u0438\\u0437\\u0432\\u043e\\u0434\\u0438\\u0442\\u0435\\u043b\\u044c\\u043d\\u043e\\u0441\\u0442\\u0438"]}}]	8	4
399	2025-07-16 10:20:20.31652+00	93	ДУВ-К200	2	[{"changed": {"fields": ["\\u041a\\u043e\\u044d\\u0444\\u0444\\u0438\\u0446\\u0438\\u0435\\u043d\\u0442 \\u043f\\u0440\\u043e\\u0438\\u0437\\u0432\\u043e\\u0434\\u0438\\u0442\\u0435\\u043b\\u044c\\u043d\\u043e\\u0441\\u0442\\u0438"]}}]	8	4
400	2025-07-16 10:20:44.751169+00	94	CУВ-К200	2	[{"changed": {"fields": ["\\u041a\\u043e\\u044d\\u0444\\u0444\\u0438\\u0446\\u0438\\u0435\\u043d\\u0442 \\u043f\\u0440\\u043e\\u0438\\u0437\\u0432\\u043e\\u0434\\u0438\\u0442\\u0435\\u043b\\u044c\\u043d\\u043e\\u0441\\u0442\\u0438"]}}]	8	4
401	2025-07-16 10:20:57.854493+00	95	СУН-К200	2	[{"changed": {"fields": ["\\u041a\\u043e\\u044d\\u0444\\u0444\\u0438\\u0446\\u0438\\u0435\\u043d\\u0442 \\u043f\\u0440\\u043e\\u0438\\u0437\\u0432\\u043e\\u0434\\u0438\\u0442\\u0435\\u043b\\u044c\\u043d\\u043e\\u0441\\u0442\\u0438"]}}]	8	4
402	2025-07-16 10:21:10.00388+00	96	ДУН-К200	2	[{"changed": {"fields": ["\\u041a\\u043e\\u044d\\u0444\\u0444\\u0438\\u0446\\u0438\\u0435\\u043d\\u0442 \\u043f\\u0440\\u043e\\u0438\\u0437\\u0432\\u043e\\u0434\\u0438\\u0442\\u0435\\u043b\\u044c\\u043d\\u043e\\u0441\\u0442\\u0438"]}}]	8	4
403	2025-07-16 10:21:39.052684+00	97	ДУН-К200	2	[{"changed": {"fields": ["\\u041a\\u043e\\u044d\\u0444\\u0444\\u0438\\u0446\\u0438\\u0435\\u043d\\u0442 \\u043f\\u0440\\u043e\\u0438\\u0437\\u0432\\u043e\\u0434\\u0438\\u0442\\u0435\\u043b\\u044c\\u043d\\u043e\\u0441\\u0442\\u0438"]}}]	8	4
404	2025-07-16 10:22:04.134511+00	98	СУУ-К115	2	[{"changed": {"fields": ["\\u041a\\u043e\\u044d\\u0444\\u0444\\u0438\\u0446\\u0438\\u0435\\u043d\\u0442 \\u043f\\u0440\\u043e\\u0438\\u0437\\u0432\\u043e\\u0434\\u0438\\u0442\\u0435\\u043b\\u044c\\u043d\\u043e\\u0441\\u0442\\u0438"]}}]	8	4
405	2025-07-16 10:22:25.459351+00	99	SP-К80	2	[{"changed": {"fields": ["\\u041a\\u043e\\u044d\\u0444\\u0444\\u0438\\u0446\\u0438\\u0435\\u043d\\u0442 \\u043f\\u0440\\u043e\\u0438\\u0437\\u0432\\u043e\\u0434\\u0438\\u0442\\u0435\\u043b\\u044c\\u043d\\u043e\\u0441\\u0442\\u0438"]}}]	8	4
406	2025-07-16 10:22:39.585859+00	100	SSP-К80	2	[{"changed": {"fields": ["\\u041a\\u043e\\u044d\\u0444\\u0444\\u0438\\u0446\\u0438\\u0435\\u043d\\u0442 \\u043f\\u0440\\u043e\\u0438\\u0437\\u0432\\u043e\\u0434\\u0438\\u0442\\u0435\\u043b\\u044c\\u043d\\u043e\\u0441\\u0442\\u0438"]}}]	8	4
407	2025-07-16 10:22:56.5329+00	102	СОБР-17-Н	2	[{"changed": {"fields": ["\\u041a\\u043e\\u044d\\u0444\\u0444\\u0438\\u0446\\u0438\\u0435\\u043d\\u0442 \\u043f\\u0440\\u043e\\u0438\\u0437\\u0432\\u043e\\u0434\\u0438\\u0442\\u0435\\u043b\\u044c\\u043d\\u043e\\u0441\\u0442\\u0438"]}}]	8	4
408	2025-07-16 10:23:07.692991+00	103	СОБР-17-В	2	[{"changed": {"fields": ["\\u041a\\u043e\\u044d\\u0444\\u0444\\u0438\\u0446\\u0438\\u0435\\u043d\\u0442 \\u043f\\u0440\\u043e\\u0438\\u0437\\u0432\\u043e\\u0434\\u0438\\u0442\\u0435\\u043b\\u044c\\u043d\\u043e\\u0441\\u0442\\u0438"]}}]	8	4
409	2025-07-16 10:23:17.852207+00	104	СОБР-25-Н	2	[{"changed": {"fields": ["\\u041a\\u043e\\u044d\\u0444\\u0444\\u0438\\u0446\\u0438\\u0435\\u043d\\u0442 \\u043f\\u0440\\u043e\\u0438\\u0437\\u0432\\u043e\\u0434\\u0438\\u0442\\u0435\\u043b\\u044c\\u043d\\u043e\\u0441\\u0442\\u0438"]}}]	8	4
410	2025-07-16 10:23:26.900384+00	105	СОБР-25-В	2	[{"changed": {"fields": ["\\u041a\\u043e\\u044d\\u0444\\u0444\\u0438\\u0446\\u0438\\u0435\\u043d\\u0442 \\u043f\\u0440\\u043e\\u0438\\u0437\\u0432\\u043e\\u0434\\u0438\\u0442\\u0435\\u043b\\u044c\\u043d\\u043e\\u0441\\u0442\\u0438"]}}]	8	4
411	2025-07-16 10:23:41.238376+00	106	СУУ-К80	2	[{"changed": {"fields": ["\\u041a\\u043e\\u044d\\u0444\\u0444\\u0438\\u0446\\u0438\\u0435\\u043d\\u0442 \\u043f\\u0440\\u043e\\u0438\\u0437\\u0432\\u043e\\u0434\\u0438\\u0442\\u0435\\u043b\\u044c\\u043d\\u043e\\u0441\\u0442\\u0438"]}}]	8	4
412	2025-07-16 10:23:58.34914+00	107	СУУ-15	2	[{"changed": {"fields": ["\\u041a\\u043e\\u044d\\u0444\\u0444\\u0438\\u0446\\u0438\\u0435\\u043d\\u0442 \\u043f\\u0440\\u043e\\u0438\\u0437\\u0432\\u043e\\u0434\\u0438\\u0442\\u0435\\u043b\\u044c\\u043d\\u043e\\u0441\\u0442\\u0438"]}}]	8	4
413	2025-07-16 10:24:10.566297+00	108	СУУ-К160	2	[{"changed": {"fields": ["\\u041a\\u043e\\u044d\\u0444\\u0444\\u0438\\u0446\\u0438\\u0435\\u043d\\u0442 \\u043f\\u0440\\u043e\\u0438\\u0437\\u0432\\u043e\\u0434\\u0438\\u0442\\u0435\\u043b\\u044c\\u043d\\u043e\\u0441\\u0442\\u0438"]}}]	8	4
414	2025-07-16 10:24:24.31808+00	109	СУУ-12	2	[{"changed": {"fields": ["\\u041a\\u043e\\u044d\\u0444\\u0444\\u0438\\u0446\\u0438\\u0435\\u043d\\u0442 \\u043f\\u0440\\u043e\\u0438\\u0437\\u0432\\u043e\\u0434\\u0438\\u0442\\u0435\\u043b\\u044c\\u043d\\u043e\\u0441\\u0442\\u0438"]}}]	8	4
415	2025-07-16 10:24:51.179628+00	112	ССН-12 (S=3.0 м²)	2	[{"changed": {"fields": ["\\u041a\\u043e\\u044d\\u0444\\u0444\\u0438\\u0446\\u0438\\u0435\\u043d\\u0442 \\u043f\\u0440\\u043e\\u0438\\u0437\\u0432\\u043e\\u0434\\u0438\\u0442\\u0435\\u043b\\u044c\\u043d\\u043e\\u0441\\u0442\\u0438"]}}]	8	4
416	2025-07-16 10:25:00.737333+00	113	ССН-15 (S=3.0 м²)	2	[{"changed": {"fields": ["\\u041a\\u043e\\u044d\\u0444\\u0444\\u0438\\u0446\\u0438\\u0435\\u043d\\u0442 \\u043f\\u0440\\u043e\\u0438\\u0437\\u0432\\u043e\\u0434\\u0438\\u0442\\u0435\\u043b\\u044c\\u043d\\u043e\\u0441\\u0442\\u0438"]}}]	8	4
417	2025-07-16 10:25:30.46928+00	114	ССВ-15 (S=5.3 м²)	2	[{"changed": {"fields": ["\\u041a\\u043e\\u044d\\u0444\\u0444\\u0438\\u0446\\u0438\\u0435\\u043d\\u0442 \\u043f\\u0440\\u043e\\u0438\\u0437\\u0432\\u043e\\u0434\\u0438\\u0442\\u0435\\u043b\\u044c\\u043d\\u043e\\u0441\\u0442\\u0438"]}}]	8	4
418	2025-07-16 10:25:40.734784+00	115	ССВ-12 (S=3.0 м²)	2	[{"changed": {"fields": ["\\u041a\\u043e\\u044d\\u0444\\u0444\\u0438\\u0446\\u0438\\u0435\\u043d\\u0442 \\u043f\\u0440\\u043e\\u0438\\u0437\\u0432\\u043e\\u0434\\u0438\\u0442\\u0435\\u043b\\u044c\\u043d\\u043e\\u0441\\u0442\\u0438"]}}]	8	4
419	2025-07-16 10:27:15.963085+00	21	СУУ-К80	2	[{"changed": {"fields": ["\\u041a\\u043e\\u044d\\u0444\\u0444\\u0438\\u0446\\u0438\\u0435\\u043d\\u0442 \\u043f\\u0440\\u043e\\u0438\\u0437\\u0432\\u043e\\u0434\\u0438\\u0442\\u0435\\u043b\\u044c\\u043d\\u043e\\u0441\\u0442\\u0438"]}}]	8	4
420	2025-07-16 10:27:36.47568+00	26	СВУ-8	2	[{"changed": {"fields": ["\\u041a\\u043e\\u044d\\u0444\\u0444\\u0438\\u0446\\u0438\\u0435\\u043d\\u0442 \\u043f\\u0440\\u043e\\u0438\\u0437\\u0432\\u043e\\u0434\\u0438\\u0442\\u0435\\u043b\\u044c\\u043d\\u043e\\u0441\\u0442\\u0438"]}}]	8	4
421	2025-07-16 10:29:41.018264+00	3	СВВ-10	2	[{"changed": {"fields": ["\\u041a\\u043e\\u044d\\u0444\\u0444\\u0438\\u0446\\u0438\\u0435\\u043d\\u0442 \\u043f\\u0440\\u043e\\u0438\\u0437\\u0432\\u043e\\u0434\\u0438\\u0442\\u0435\\u043b\\u044c\\u043d\\u043e\\u0441\\u0442\\u0438"]}}]	8	4
422	2025-12-17 02:13:55.848865+00	27	Узел управления дренчерный с электроприводом «Малорасходный» (УУ-Д50/1,2(Э24)-ГМ.04-«Малорасходный»)	2	[{"changed": {"fields": ["\\u0422\\u0438\\u043f \\u0443\\u0441\\u0442\\u0430\\u043d\\u043e\\u0432\\u043a\\u0438"]}}]	13	4
423	2025-12-17 02:13:55.871889+00	26	Узел управления дренчерный с электроприводом «Малорасходный» (УУ-Д40/1,2(Э24)-ГМ.04-«Малорасходный»)	2	[{"changed": {"fields": ["\\u0422\\u0438\\u043f \\u0443\\u0441\\u0442\\u0430\\u043d\\u043e\\u0432\\u043a\\u0438"]}}]	13	4
424	2025-12-17 02:13:55.878209+00	25	Узел управления дренчерный с электроприводом «Малорасходный» (УУ-Д32/1,2(Э24)-ГМ.04-«Малорасходный»)	2	[{"changed": {"fields": ["\\u0422\\u0438\\u043f \\u0443\\u0441\\u0442\\u0430\\u043d\\u043e\\u0432\\u043a\\u0438"]}}]	13	4
425	2025-12-17 02:13:55.882832+00	24	Узел управления дренчерный с электроприводом «Малорасходный» (УУ-Д25/1,2(Э24)-ГМ.04-«Малорасходный»)	2	[{"changed": {"fields": ["\\u0422\\u0438\\u043f \\u0443\\u0441\\u0442\\u0430\\u043d\\u043e\\u0432\\u043a\\u0438"]}}]	13	4
426	2025-12-17 02:13:55.888983+00	23	Узел управления дренчерный с пневматическим приводом (УУ-Д150/1,6(ПО,028)-ВФ,04)	2	[{"changed": {"fields": ["\\u0422\\u0438\\u043f \\u0443\\u0441\\u0442\\u0430\\u043d\\u043e\\u0432\\u043a\\u0438"]}}]	13	4
427	2025-12-17 02:13:55.895192+00	22	Узел управления дренчерный с пневматическим приводом (УУ-Д100/1,6(ПО,028)-ВФ,04)	2	[{"changed": {"fields": ["\\u0422\\u0438\\u043f \\u0443\\u0441\\u0442\\u0430\\u043d\\u043e\\u0432\\u043a\\u0438"]}}]	13	4
428	2025-12-17 02:13:55.904323+00	21	Узел управления дренчерный с комбинированным (электро- и гидро) приводом (УУ-Д150/1,6(Э24,ГО,07)-ВФ,04)	2	[{"changed": {"fields": ["\\u0422\\u0438\\u043f \\u0443\\u0441\\u0442\\u0430\\u043d\\u043e\\u0432\\u043a\\u0438"]}}]	13	4
429	2025-12-17 02:13:55.908007+00	20	Узел управления дренчерный с комбинированным (электро- и гидро) приводом (УУ-Д100/1,6(Э24,ГО,07)-ВФ,04)	2	[{"changed": {"fields": ["\\u0422\\u0438\\u043f \\u0443\\u0441\\u0442\\u0430\\u043d\\u043e\\u0432\\u043a\\u0438"]}}]	13	4
430	2025-12-17 02:13:55.911555+00	19	Узел управления «Спринт» (УУ-С150/1,6Вз(Э220)-ВФ.04 -«Спринт»)	2	[{"changed": {"fields": ["\\u0422\\u0438\\u043f \\u0443\\u0441\\u0442\\u0430\\u043d\\u043e\\u0432\\u043a\\u0438"]}}]	13	4
431	2025-12-17 02:13:55.915915+00	18	Узел управления «Спринт» (УУ-С100/1,6Вз(Э220)-ВФ.04 -«Спринт»)	2	[{"changed": {"fields": ["\\u0422\\u0438\\u043f \\u0443\\u0441\\u0442\\u0430\\u043d\\u043e\\u0432\\u043a\\u0438"]}}]	13	4
432	2025-12-17 02:13:55.921334+00	17	Узел управления спринклерный воздушный без акселератора (УУ-С150/1,6Вз-ВФ.04)	2	[{"changed": {"fields": ["\\u0422\\u0438\\u043f \\u0443\\u0441\\u0442\\u0430\\u043d\\u043e\\u0432\\u043a\\u0438"]}}]	13	4
433	2025-12-17 02:13:55.931998+00	16	Узел управления спринклерный воздушный без акселератора (УУ-С100/1,6Вз-ВФ.04)	2	[{"changed": {"fields": ["\\u0422\\u0438\\u043f \\u0443\\u0441\\u0442\\u0430\\u043d\\u043e\\u0432\\u043a\\u0438"]}}]	13	4
434	2025-12-17 02:13:55.937438+00	15	Узел управления спринклерный воздушный  с акселератором (УУ-С150/1,6Вз-ВФ.04-01)	2	[{"changed": {"fields": ["\\u0422\\u0438\\u043f \\u0443\\u0441\\u0442\\u0430\\u043d\\u043e\\u0432\\u043a\\u0438"]}}]	13	4
435	2025-12-17 02:13:55.943302+00	14	Узел управления спринклерный воздушный  с акселератором (УУ-С100/1,6Вз-ВФ.04-01)	2	[{"changed": {"fields": ["\\u0422\\u0438\\u043f \\u0443\\u0441\\u0442\\u0430\\u043d\\u043e\\u0432\\u043a\\u0438"]}}]	13	4
\.


--
-- Data for Name: django_content_type; Type: TABLE DATA; Schema: public; Owner: postgres
--

COPY public.django_content_type (id, app_label, model) FROM stdin;
1	admin	logentry
2	auth	permission
3	auth	group
4	contenttypes	contenttype
5	sessions	session
6	users	usergroup
7	users	user
8	sprinkler	sprinkler
9	main	seosettings
10	tubes	type
11	tubes	tubetype
12	management_node	controlunitname
13	management_node	controlunit
14	users	calculateresult
15	python	otv
\.


--
-- Data for Name: django_migrations; Type: TABLE DATA; Schema: public; Owner: postgres
--

COPY public.django_migrations (id, app, name, applied) FROM stdin;
1	contenttypes	0001_initial	2024-08-06 05:01:14.649035+00
2	contenttypes	0002_remove_content_type_name	2024-08-06 05:01:14.743064+00
3	auth	0001_initial	2024-08-06 05:01:14.87162+00
4	auth	0002_alter_permission_name_max_length	2024-08-06 05:01:14.878123+00
5	auth	0003_alter_user_email_max_length	2024-08-06 05:01:14.883479+00
6	auth	0004_alter_user_username_opts	2024-08-06 05:01:14.888824+00
7	auth	0005_alter_user_last_login_null	2024-08-06 05:01:14.893984+00
8	auth	0006_require_contenttypes_0002	2024-08-06 05:01:14.896656+00
9	auth	0007_alter_validators_add_error_messages	2024-08-06 05:01:14.902146+00
10	auth	0008_alter_user_username_max_length	2024-08-06 05:01:14.907507+00
11	auth	0009_alter_user_last_name_max_length	2024-08-06 05:01:14.912461+00
12	auth	0010_alter_group_name_max_length	2024-08-06 05:01:14.954118+00
13	auth	0011_update_proxy_permissions	2024-08-06 05:01:14.959391+00
14	auth	0012_alter_user_first_name_max_length	2024-08-06 05:01:14.964901+00
15	users	0001_initial	2024-08-06 05:01:15.134756+00
16	admin	0001_initial	2024-08-06 05:01:15.202501+00
17	admin	0002_logentry_remove_auto_add	2024-08-06 05:01:15.210951+00
18	admin	0003_logentry_add_action_flag_choices	2024-08-06 05:01:15.219702+00
19	sessions	0001_initial	2024-08-06 05:01:15.268577+00
20	sprinkler	0001_initial	2024-08-06 05:01:15.319702+00
21	sprinkler	0002_sprinkler_pmax_sprinkler_pmin_sprinkler_k0_and_more	2024-08-06 05:01:15.345997+00
22	sprinkler	0003_alter_sprinkler_options_sprinkler_otv_type	2024-08-09 00:56:06.005973+00
23	sprinkler	0004_sprinkler_intensity_pmax_sprinkler_intensity_pmin_and_more	2024-08-25 10:54:07.924938+00
24	sprinkler	0005_sprinkler_groups	2024-08-25 12:15:08.350374+00
25	sprinkler	0006_sprinkler_s	2024-10-01 07:00:45.500603+00
26	sprinkler	0007_sprinkler_thermal_lock	2024-10-01 07:00:46.630421+00
27	sprinkler	0008_sprinkler_mounting_position	2024-10-01 07:00:46.84285+00
28	sprinkler	0009_auto_20240922_2020	2024-10-01 07:00:46.989295+00
29	sprinkler	0010_alter_sprinkler_k0_alter_sprinkler_k1_and_more	2024-10-02 03:23:38.238853+00
30	main	0001_initial	2025-06-30 02:39:42.261305+00
31	management_node	0001_initial	2025-07-04 07:17:12.714695+00
32	tubes	0001_initial	2025-07-04 07:17:12.755574+00
33	management_node	0002_remove_controlunit_dn_alter_controlunit_diameter	2025-07-04 08:10:57.905665+00
34	management_node	0003_alter_controlunit_pressure_loss	2025-07-04 08:52:58.285658+00
35	management_node	0004_alter_controlunit_pressure_loss	2025-07-04 08:52:58.471691+00
36	management_node	0005_alter_controlunit_pressure_loss	2025-07-04 08:52:58.484055+00
37	sprinkler	0011_sprinkler_k	2025-07-16 09:31:14.494393+00
38	management_node	0006_controlunit_installation_type	2025-12-17 02:12:39.636143+00
39	users	0002_calculateresults	2025-12-17 08:19:02.124792+00
40	users	0003_rename_calculateresults_calculateresult	2025-12-17 08:19:02.173386+00
41	users	0004_alter_calculateresult_data	2025-12-17 08:19:02.181602+00
42	sprinkler	0012_sprinkler_k6	2026-02-25 01:58:36.599945+00
43	sprinkler	0013_sprinkler_k7	2026-02-25 01:58:36.605832+00
44	management_node	0007_alter_controlunit_options_and_more	2026-02-25 05:17:00.296611+00
\.


--
-- Data for Name: django_session; Type: TABLE DATA; Schema: public; Owner: postgres
--

COPY public.django_session (session_key, session_data, expire_date) FROM stdin;
1q2ku16pgxutq9s4xykv4f9hnyk9xchq	.eJxVjMsOwiAQRf-FtSFSHgMu3fcbyMAMUjU0Ke3K-O_apAvd3nPOfYmI21rj1nmJE4mL0OL0uyXMD247oDu22yzz3NZlSnJX5EG7HGfi5_Vw_w4q9vqtnbOoUmKTAVPwpmgGoyzprLAkUmcFxtkhAwcsQMYF7X2mYAeEgqaI9wfxFDhC:1scFZo:nkVA3d0iclArIl4FpP7hDUoBNmSuSz7zaf1Oab_qSmI	2024-08-23 02:42:00.742692+00
nbz1hhbaz0uuzhsbu53osam649saw1bg	.eJxVjMsOwiAQRf-FtSFSHgMu3fcbyMAMUjU0Ke3K-O_apAvd3nPOfYmI21rj1nmJE4mL0OL0uyXMD247oDu22yzz3NZlSnJX5EG7HGfi5_Vw_w4q9vqtnbOoUmKTAVPwpmgGoyzprLAkUmcFxtkhAwcsQMYF7X2mYAeEgqaI9wfxFDhC:1scFbN:Aa2KPsaPR67edHftL1cT-Yz-kR1niuordNgr4n38K1U	2024-08-23 02:43:37.991037+00
kgb3wtdpxsyhi73kdwxa5vsrpwia7518	.eJxVjMsOwiAQRf-FtSFSHgMu3fcbyMAMUjU0Ke3K-O_apAvd3nPOfYmI21rj1nmJE4mL0OL0uyXMD247oDu22yzz3NZlSnJX5EG7HGfi5_Vw_w4q9vqtnbOoUmKTAVPwpmgGoyzprLAkUmcFxtkhAwcsQMYF7X2mYAeEgqaI9wfxFDhC:1sdlqh:5o3ylyJZegC0GnNqH_cwwrU41GBlK9n3BBmsVD4WgjM	2024-08-27 07:21:43.061105+00
kwste6nwee35hirh80u0uddk5emk71ug	.eJxVjMsOwiAQRf-FtSFSHgMu3fcbyMAMUjU0Ke3K-O_apAvd3nPOfYmI21rj1nmJE4mL0OL0uyXMD247oDu22yzz3NZlSnJX5EG7HGfi5_Vw_w4q9vqtnbOoUmKTAVPwpmgGoyzprLAkUmcFxtkhAwcsQMYF7X2mYAeEgqaI9wfxFDhC:1sdm9Z:FsZVwDvmJrCRwDH6tKBsngpAnSPjODwlwz0kdDy5yzo	2024-08-27 07:41:13.693378+00
ekzombalsao2oqj9qpkk3tcnp4fupbpv	.eJxVjMsOwiAQRf-FtSFSHgMu3fcbyMAMUjU0Ke3K-O_apAvd3nPOfYmI21rj1nmJE4mL0OL0uyXMD247oDu22yzz3NZlSnJX5EG7HGfi5_Vw_w4q9vqtnbOoUmKTAVPwpmgGoyzprLAkUmcFxtkhAwcsQMYF7X2mYAeEgqaI9wfxFDhC:1seqz3:oKuWU_lLl7-X-Lw2Xn1JbCEwIbLn1jVIkrYwnpsXJpI	2024-08-30 07:02:49.134279+00
age8x8hv96jd3xru7ehdtqv9kbwxkj2s	.eJxVjEEOwiAURO_C2hAofAou3XsGAvyPVA0kpV0Z764kXWgyq3lv5sV82Lfi906rX5CdmWSn3y6G9KA6AN5DvTWeWt3WJfKh8IN2fm1Iz8vh_h2U0MtYAwiZDWJE7SzElHUUaGCyhCCMkS6QdBa1MqCcziZ8M8-klJ4iJGDvD-h0N7Q:1si2wd:_4RXBUYKJ8r3Vyra5RPbnHhxfxrULMOjdaB_bb6RtlU	2024-09-08 02:25:31.68123+00
yy4cn9jre0y984gr1zv95um2htfjchuh	.eJxVjEEOwiAURO_C2hAofAou3XsGAvyPVA0kpV0Z764kXWgyq3lv5sV82Lfi906rX5CdmWSn3y6G9KA6AN5DvTWeWt3WJfKh8IN2fm1Iz8vh_h2U0MtYAwiZDWJE7SzElHUUaGCyhCCMkS6QdBa1MqCcziZ8M8-klJ4iJGDvD-h0N7Q:1siSdA:fAENj7rVdGkjj1E7THL8Gv7MXqSnSsChoq2POOxPv1c	2024-09-09 05:51:08.703466+00
2pghfp2c1tm7i7rfun6lsbu4i56feuzs	.eJxVjMsOwiAQRf-FtSFSHgMu3fcbyMAMUjU0Ke3K-O_apAvd3nPOfYmI21rj1nmJE4mL0OL0uyXMD247oDu22yzz3NZlSnJX5EG7HGfi5_Vw_w4q9vqtnbOoUmKTAVPwpmgGoyzprLAkUmcFxtkhAwcsQMYF7X2mYAeEgqaI9wfxFDhC:1siUBG:r8ebXT1SGLq6mWEE4U7kG_GZZZCwm_W1KoZY7oa3cgE	2024-09-09 07:30:26.645693+00
25sog53p5mg2hk5f8rlickexfbuvhbhm	.eJxVjMsOwiAQRf-FtSFSHgMu3fcbyMAMUjU0Ke3K-O_apAvd3nPOfYmI21rj1nmJE4mL0OL0uyXMD247oDu22yzz3NZlSnJX5EG7HGfi5_Vw_w4q9vqtnbOoUmKTAVPwpmgGoyzprLAkUmcFxtkhAwcsQMYF7X2mYAeEgqaI9wfxFDhC:1siUOK:1YXS8R21Z7g79PDCfJybiz1wTl-zi2L5S-5xCKneO-Q	2024-09-09 07:43:56.778446+00
h09vp4eotuw9ps07fk61ml4i0rkwqe6o	.eJxVjMsOwiAQRf-FtSFSHgMu3fcbyMAMUjU0Ke3K-O_apAvd3nPOfYmI21rj1nmJE4mL0OL0uyXMD247oDu22yzz3NZlSnJX5EG7HGfi5_Vw_w4q9vqtnbOoUmKTAVPwpmgGoyzprLAkUmcFxtkhAwcsQMYF7X2mYAeEgqaI9wfxFDhC:1siW4x:xdcABtZebuoo_w7iW1iMBNigM9WT7MUcsBBGkCzLWW4	2024-09-09 09:32:03.679671+00
88lgy28rgli24jpacw8gznx979x638l2	.eJxVjEEOwiAURO_C2hAofAou3XsGAvyPVA0kpV0Z764kXWgyq3lv5sV82Lfi906rX5CdmWSn3y6G9KA6AN5DvTWeWt3WJfKh8IN2fm1Iz8vh_h2U0MtYAwiZDWJE7SzElHUUaGCyhCCMkS6QdBa1MqCcziZ8M8-klJ4iJGDvD-h0N7Q:1svXAv:ZNiAr8vLoBp_M_AFVfSDmhsI-PPOHkJPWUmo0-ukbVY	2024-10-15 07:20:01.331334+00
jwvzqm8dvoav634olh4u0dv7qbvya53w	.eJxVjEEOwiAQRe_C2hDaKQy4dO8ZyFBmpGpoUtqV8e7apAvd_vfef6lI21ri1niJU1ZnNajT75ZofHDdQb5Tvc16nOu6TEnvij5o09c58_NyuH8HhVr51hggDclmYACygozkJDnCzgkYQw6soRA6Q-xRhG3oBbEnCsZ6L6LeH-V8N-k:1uXak7:skEM5tm2sLQEdCZuICvo1V6ELdbeMuEvOLV8L6eLDxQ	2025-07-18 07:21:55.730339+00
no6u84h6ts38w7byuqob1olkn4g067os	.eJxVjEEOwiAQRe_C2hDaKQy4dO8ZyFBmpGpoUtqV8e7apAvd_vfef6lI21ri1niJU1ZnNajT75ZofHDdQb5Tvc16nOu6TEnvij5o09c58_NyuH8HhVr51hggDclmYACygozkJDnCzgkYQw6soRA6Q-xRhG3oBbEnCsZ6L6LeH-V8N-k:1uXakY:XZn362GbUZJddrjJSWDXIMSkMCFdzc5flQXguAzArrQ	2025-07-18 07:22:22.440193+00
c5x5eynyp374v81bgqag6cve6w7yip3m	.eJxVjEEOwiAQRe_C2hDaKQy4dO8ZyFBmpGpoUtqV8e7apAvd_vfef6lI21ri1niJU1ZnNajT75ZofHDdQb5Tvc16nOu6TEnvij5o09c58_NyuH8HhVr51hggDclmYACygozkJDnCzgkYQw6soRA6Q-xRhG3oBbEnCsZ6L6LeH-V8N-k:1vVh2F:ePeNz7SMTuV1JFH3AK_FyTZuqaUhSig7OqNfHclEaOA	2025-12-31 02:13:03.445217+00
lzua2458zhs48l0bie7a11bosgt09noh	.eJztnVuPJNdxrf8KMU82UFOz7xeeJ11sE7BI6HbgB5-DwZAcSrQlUhBFHAuG__tZX-yszKwLWT3dOV1TtmSrNZPTXV2XjLVXRKxY8Z8vXr_5_i-_f_39d2___PrrL198_CK-2K2vff7mi39_-w3_8OW_vfnmd9_uv_j2m7_8-evP93zLfvrX7_affvvl2z_8dPreowf4_Zvvfq-fLiW_8Z9__jZ9Ud983lv6Kr6tyecv4xf-zVeff-mdr6nk8EV92998Vb9MpcfWvviy5_CmfvUmfaUH_ezbb96-_uOfvvnr6y-__uIvLz7-z__avfj3t399HWLau9f2JTj32uu_Tn_-xzd_-O7ta78v9rc_v_7-T69_9fp3f3jxsX3_u_7oJ_ajj_nJ9TN-8X--d8m_4Wt8a18_f2n_E8alj5Z_Sd7-_OXqe8NyJX1uX_NHq29yqx97e_rnGD7-KPwv-3b_xepysq95PBf7oS8-_uizn_7mo-ZelvzSXlvb5d_y5H_14uN_bW6fyk4vdx9j2_ng9sHr70kvt6edz33fa9j52vct6d9739dQdsH3fXFpF2LfpxZ2Qd8Xy__dvfhED5nzPqVaik89pl5C3GW9ra30UmssKehOKLsc9jm2FLyPIbvi9Uuz29dSnX5_8_olaZeaLvjKrZNcd_q9qexzSDXWlnz0TQ-d9NCp1lZ1D7ZaWtSP-b1-R285NJ-rfm4X2943F0Ov0Sf9fNnpg865tuBj1NuaXNVz_-yXv-HpB70Tu7DXg-praVlfu35R1EMkfU2Vr00vPtmVtC8-7PLeHuJXq_vxk-UG--T1V_pj3_vdi19--_8URPy18i___C3ftHvx889ef_2NftQ5-_O33-vu8vzlV3zv9Ig8wdf_-OLjtO_TX968-NjxL__27b-__vxbHusrblh-TJf0EPvCb7c_u_FM-FY95IuXisA_vvnuOz1ctUf_ib5dEcwff6o_Ft_448_09LJd_DnPI9ij6DnoDgj2nN589-13r__Eq9IPtX2eL_356y_e8iKCbhDdJPpk7T9h-YZvv_z-C37sxb-8_cMf_vj1f-gZ_Uqv-1_dbrxg-8pNxUW9fU6fV0i-BN1auoXOr_DNX__xd68__eVn_1sP--q7v7z5y9dfvHrzpz-90uVXn37ys6g4_tM3v3uxfN_rX_5cL-fF5e_57i_ffvH7r_XmvSD0deUbe-rfvPmjXtqLS2ElDLtHTAjhvSKCbn2nIEpZD5V6V7zUffSKcUGBvlsRv9NNlnWL1KBI1tci1Ij77IN-JAb99lDzLvu9i763rtfU9MwKEOEFLImf8sVFfVPS3er0F2GGT1lfC4iQS6s-5p5azLpZdgo__VyoTVgSegAkFOe5N13LQhYBzzNAQtu3FSSk9KFAQq5lhoSBDkBCLuXHIaHGM0gIa5SYIEGA78K-zpAQHwsJevtCcbm72vjE6-78yk0hgai6K0DQ_fVST_8EERSAeut1IigMhADd7UtRxNsHH1K3q4okuxodx0ZUeHE16o6xq72Mj02PluJecdhizIq9GrKFp2Kzd8_5U3IUzAhFSq8ulSAg6YrkTMTq6FYUu6JAT50zPDoRyhR0E7bis37MCZSKvqOBMl2kYxfKvvE9NQg2QotdT1zI1HSL6-F9FNhUodk-dbGHIqTpPUcFt1e869GdnkDUFZfbggcKfN8Jf8FNFDzy59AqUBD4WroHClwDCipQINTS1-6vAULeChCincQbAkI_AEJ2feYIKR4AoSR-4RlHaA8DhFL1CQAL4z_-sYCQ9-J7TR9YcaKS-lhOL9wADk5i6m7wQK9zTW5e5xVBcMYPnLEDN7iB8MG-2r8G-9cDQthX_vVABwhAznVBSelBsS3q331uXUezS1kUYSdYyQStkobuchV14KzXn6rn00w9Ka6UDiRFWdZpHYheTzqgjEE4Ui0n0NGSdGLXklvQO9EEJnocERyxhZpqTkWcxgMtLYTuBS4CnB45zxW_SYmI3rMisGhlHf1KJCzu-RL5o-CBr52v2RsEQFD3rTcDgsLX3q7TgbpVhpA2zRBGSL-nDEEgrugXfSpJMKCP5kL0c1OGsrpNRwBYMCS33PmH2_c0SGJfR9W439sIjxEOb9dfueTe2A-GsPq58SviaTQe_QqfVv_8xbjkln_wfK_7_PNrxIY82IvBeGXGdj-eX3pmLDvHg7uBsmNWFt37zHXEeGo5ynWKMpuU1rlOifqeuOQ6fiduVUI7ynW6nktb5zq5CFvWuU4hRVKKs-Q6wKYAbZXpkA617pdEx48CSX3eTCfVo-KHHRUfRKZTykJsUpgznTZnOnWGtuRmaBMnPIO26M6JjXijnv1jSx5601zRcRi7HUUimOdXbprfEEl3BQIrLrZCgW3zm0z5UR-R60EHWhxFCpEKMQs9eVcCVEaB06Ov0B2Fu-ObBEWxdbGSnmtu2UNe9RdhvYhNi0lEIwh_alM-pMhudkGkIypzUsbbxTjINXwhMsmsfNWTd4rVprREcJCyzqjQvCJWOJdcESZEUaKac69Hyc0IeNhNgMWIhBH7xnSqs9RG6YxeQvOkNhR4hTH9Ortx20DAxrlN6XOxI9e2sJsZAtqc26whIOWHQYA-A32QYqUjt0mPL3Y4Lyoa9H_6wJNVtU-u3Da7uSs0OGIzIWyX24jgKsajjpCkc7c1O7er2AA1Bx97zJV-SCmKeytlKA4T7ZCknKiJbzaaFM5yIu8UsEUBnouCFPQvYssCla6HIs8QjiislQvpB3JVlHO2lyysKVEZb9JTsFJna87psfmdpdP-IFnp4hqeU08_m9cUICveg5iOmM2-ZYobbkIDTv_sjAMU_XblPaABbIUC77s1QJ5Q3MjzX7YBgLikN9tXO3MW1AoAdFfkGP6W3kytHB26SWeZkppR7ju5csvkRnBwTzh2VGCaOc1AL5ERznvRfEWv4tnHwWYUfLpPxGqUm2RYzcRjhBViGOI1TZjRdnbeHeq2iSptyI4yDYlLobYSWmxK9KneZCopypRqr7XQZCnKNgrwE6E4OgB7bTRa9LujAKpFqjSCw6gnqQcNAsSW4bd6XiRWLeoQ5lFajlAdRZzy3qafKspxxNR0AIpgi5I4pWaVpMV7spZccnZCzBhLXBMbQy4BFYhWQDS9NYfiTW7BCjYkNSEHfeW55r0O1utF2_BBFm11BrzHoi0V1bLvOj9ITv_HY5puAgefzuLGOpG51c4vPT-qHYPD3cDaKbWs7ylZK0IwXV8la9Rdil8nazr9lUytkjVrROe8StaoRNdQ17maiBid6iVX092iH1jlarugZ9frnKqJWe6hgEuiRhOq-VWiVo7TNOtBWdE52J95_hHxDYmat0QtWKLWLVHTe0AP6hpP05u4xrP6FDwrW-JZLe1CopbTXIZWyvbARK1ewDOdWcpj82OLNWK3JTQdhi6Jbjf4-vmlG2do9Y4ytM8-_ZRSk86ZVzrsX4Xwd1Hp89_PODAlZnXCgTThQDjCgSniXTIcGJgR84QObcEB5dJduVXpoSblWooa3SJKkJxYiohNJXcSgOx1eAIEuSqN6hGId7kVAJ72hQ-WWnklDKddaeV1ok0txKoEcIR-0Z9SifScmvhNolWph8pdH1U1NFCyGMS1olCmu1ap7SQvnqynKrLjY0sLHvh9jTtP9VdZG5lbdpa_pWiZG1_1BAUGznpSOo9I2uI1bpO24jaBzvb7Kdq0eqEltXCbkaQPbuMfxG30ivQ57938n0sKlU_ffPflm69-nBRQJVfuL_qlj1A0eXd-5QoiKAquIsLx91xBhB-IqruBhaNMLbrNCjfVkQkthZu-K11REtZ1G4GNEtSlbpOttxP8UrehtaNXsVRtUtnplyTEJkvZJtNvjuuyTU6Iz-ayTYdhlOhXRZtE-QfBylK0eYaaTQ5HLeknFG03rtm0NNdstu_bCPYr0C76JuwNlyjB_6zsRrdB6U33q772mFzMuwuXblmzERLcE4Qdlc3fX81Gt3utpfpeBT4pKRGhrNxa7cXpCBInJT9oShNIWpT3iJ84KysHYVWhbIz6plHX8b0oHLx-bUzVD6IjWgNDiibCQWpXs6CxR4T1FeW_XpFeixhS0J3iYTfkNEj6a9Az0EmoZwZYNeFZJAZCr3pV779qI_zIH2Q7qqX32I7SsaETTSeB7ggdbn-rRitx040QGTghUBwn6PmVm9Zt7gnaoJcDkV_5Hs-TtscQNCVLR4gmnForBQWXvfeVUtAmiWKOR0rBpivHSkGBhOjUWikIDMW1UlCoh-hqrRTMSrPWSkGK18qoVkLBXdD30PijJN6rwHadpBX9aq_4g6eR0oV9TPy5mO6mg-e6AspVykrU1wG1fC1PsxRom0mCTXma3r8ZzcqPSweP8rRz6eDFPK0pv10Jhx-bp-ndo-xGj06HIOfd2ZUb5GmXAul-kIDSU8gvATIF-ZHeJiuz2omU7Bn745NQTInXEAvwmq44IFWue6MeTYkKB7xugIaknnwqIHXTPZSW5hSdoEq8tSBakWlO6eGgKIpp77s1p3L3DvmUwpfGU9nrCEwd2ak-5BwZAopdOZYgIcTYSKqq4EWcx4WmI7BXmJgCVf_Lm6MbsAszGCBQ7qZfnxs4QM7gRbSUTQbhCdhBwVdBLbyJ6AOEIcr-0prnGJ-B2Al0TDzckA27bGK7DgxED8PR4UdNN5DM9avA0LdK4OK2BZza5gSujMC3BK7PwNDrpQSupIfRHJTluo1ifOKIUd-X6lKnuxkqI6jnV25R0z0JrLtBhRNmU99f6lPGhNmS-lCHcborDplPNEGtonxOfIqNJQcaAUvmIxTSv68yHzo7QMGc-JALZdreq8wHqZ6-f5X46MXs9bCrvKeSCkES5sSnPkPaczxy-KTmzqZpT3dLQWfz5k7wZJXU6nNGb9X_1rC24XoBWao6EBmc351fuW3aU-8H1n7xs19_1N2r-NEiwOmjID2AyocBZFPOk6erNc5NbLKfMrWwDqC3gFkTUVEWAriQhohdMFPvBTWCSqc8QilOrRR4gTwdTvruuKuIdhmVVDIkViR6ozNRSKujV8m_c7Xs6JK4rHfd62MPOdncgfO4JLiif0FnbqAoMBNNasWaVcUqREpT9E2YLCj9MQhseqCiI1oo6d1Rbyr2prQn8WKVW3d9rZmCtY-jbG1F6gScZYCZqtWuiHhd1d5sNkFdNqY3MR_gjILNBGeRCfYBZ2HR3ixw5i_Qm0t5Dylq2cdyyHwuTRj84vvPv746Po39BSNXWfegaOyFS1cw4JO_fvnnb7-9CgNn3_bjSLCOp7sBgTUxOxWtWOqrk39EuN7m0Z7mavTjakzjKvmOU_YyrqY8riqmlxqIE-9v0fnac_JwAaYlnZIcahIliopYtyjTf058njHT-qGjoUyq08NG22L6PQFB9sH0CS4bvRV-4KbiimhzbKZjar4lku1CPuPJkpQhEe26gh8L_exUUtOD9iyYyLSzg6NOTHs2hdgXNKC4PDIYGtFdCJD3tMD2YlkKep-8vtIkFwC0neiXkjnxvHJ9xGgjZrN1qyrPULDOdEbaYlDQH5rpXGA2MSm13Ze5BPKEYaOmUyLXHLy4t7c76OTKDTOdu5OvTBCWPlr6O5tSAgX7PrQjTkDVjImzFSngt6XuF1YQxrRjbwstSLuedOCGFS1ouiOpsC60wDKyvKIFxi7EDmZWkHaFXx8XUuCsEqssZWEFz8EJRrhtUfLYmBP0OuvXnsgJLpU89LlEZab5gASXBo2ucgLeOx-a6w3NWsmmfjy5cktGYOF0NxiwKuLq9HwV3eVuyChu-DSKGAsEjOIGkjYrhqQJDOookuikHcWQsCp66AYIdZGsFOPzOKGV3pzp2zzqkxBjRKeKZj6XxBwxk4IhoMlX3Jr_Qu2c6C6nkiuODIkaR8wIXfQ8eh9kQbeqwEdP3PVgJkrKJvTUlMMrYyd7CLqBxGl6wNstlMaAddlXX5Vm0m2pzh-3SGz2WDC0M3aCki2aqsWmEk3aks1lpSfqo2nUQa9aq4jrpK0KoXVTejAKnUPJ5md6cEnJsuqQuP4wJUvJ6fjyu_RFKKEXJpcqcxgJ4dDZldv1RY5C6q4wYVQ4XikCzzEhj36ot9imAGqxniZ5ay2GBdFNhc84hK6xuqkAGgxL0uFT5ENEoiZCkLIeRVFrkayTvtLZyrrP2kgElOx1PX7PnrlyG-TRr1COX0TRqTcye66wFXa47pWAoACpqbQYKGbqVzeqnq37ysOidms9Ev64Hogz6FJuXce6ACvz23IXBohd5ijw25thQaOPK_hwbY0IghIgIWNHEDFg2BeGnxX10WxX-ixuS4INhUvga70mblU0lW0gIWwLCX0Z3KlxzhhKmQd3FglI6CuicC5uvQQJNQavjOuSqu0hmKA3TZhblf3p4yJlO79yG03rWUjdFSYAalmgFtwP8QQ_Yl6E0bDB54kn1EPTZPCHJWmYmiZp4g8rsavuJNKDRdpacCDplQs0Mqj2wRwK8y1RDB4f1WijzJ2KgWv4usL7oQ4i9_pPa9bnjFCHosDGj6TEZAIGGpU0WPTxKJkYc4IRVsmcXkJlm4w6tBxTbL6he63UEMT8V4LXeEQTvCkpBAd65uZU4ns375IEWxjuTMnaqcg99lHvXeadejcPtidZlWzaIbmACN6fk4QrI8qXEKGhMH4sSTCPNZ0ATZkno7tDJHN85UYk4TSe7goQpqrHKxHyM0SYlFJpYgdtYgXhwAYmFuAHUqRp4CU7bwiSofJCCqXoywBMt_xeD1d6YaCloI6o4vKUEhTMDleQiN9PUCoRS-5RAajf2D3iqIK_cxJycODrmxTSGX-hXDPnvWI_xY4peE2pCKxsNpL6RdKrwNNgp1xCSQmAoMyHwqXNsGASrZwh6gm4uHspGiSagFNkz_oNdUUT9Jpt7MW-IlDFz9Vm4ypQUCoKCk9JdV8zwy9613d6464rqzbKG7YmCXVWVpWVsirPJGERUKwhoT2smoA_JwWZRwuqcLzCp6hROzZB1cmVG2DCxZC6K1A4pD5eL6BeriZMhcQDO2hHhcQ4FRInXeUko5hkFnFVXhSXLL0eDb8UjlBED5D3rCAuuI-VFRuAMnSXj0ZdMr9iOfqpCBbxBiRQkH-SD6qPbXXMm2OJMoqulyko0qMnsz5qyiiK5SjwEmAFB8ncHBM5Xb9jTQ8S7ACRlzdVJYlDtrIikOCLzcNF82VMwWxaGYgRtl0rLh7nDB-QfiLPZYTSF_3EIrR0MxxcKyNc6DIob8vlsQyB94wBSSWNWadFiFYXPr10w0LCOpruBg6mimj-aFFRbdtgSCcNhvFQteWlwaDEHTcPpf5zg4EBD7A-rHUH3gsYYlx1GBTsqKSXFoMe3Vn_YOkx5F0XqXd13WNoWJethAfAUvfheTsMyrj6NiCwcYdBMLhZi-EyCiCr6wfZwaNaDHrzmnLKAM8rOhLi7vzKLVsMFlB3gwLr2kev56RgKidO5UM_zcVn-1TaNAc_BT9z8U6ZeRjCgzAm68XW19aGaJcrRK62ls3aUEdIpGwXkwAhj9mx3GgrVP2-bKXE4nJQzlCL7s8xI4-PqZiCjvwiPDDHH8pSrVGF7Pi173BZVUqj72JeLI7eJcOtrWfPT4pH7hyPJFAT4LQurIht91LfxSCHCIV-1CV9_1Exse0MVaAE_LGaotI1JJYZ4469sAdGgC4hpogkwb9jd-EJiLB1ltAvlRIvyirXpcT4MFklFv3-8aXEgLZD55TJUXodmv3jKzcsJa7D6a7w4FD6iOUHk4SpZDiVBkWHp2RhKhm6UTgIUzIR0tSKnHTWdqcc5uZNq7NqOe508-cYQlO2X6LDEwOAL0zRYN8ueqBTtu2TyHzrIg36_xpQIoqiUkBsrjRBiTnx6HVUI5-MGVNrFAXpDMUHvQYrbewZo4-AS0LbS-6QA8ugUKwocJuNcOiZVBFOLMZ6z2s40FV4QTLzDKsa-AQs4EJmjQc016a2rkYUMkqlWB6QJ2xEEeK2hsdzq3GlsZ5LBu5iyeBSFfESGHTRuf0jscA2ANSs4Fea6KFp51duWEVch9L9YMGJfirl9yVIbKxcWgkSM50CneErRSIWFyn7lSDRPAS8QGNWJCr8UqemsEgSp51v9UiRyAqZko4Uicovml8UiWT5xfbMLJLEiMfqZUmiojuZNQ5f9T2WEUACWozmk8HXZDtcajORYkeemK-iQDrqJfQPppcgarSIEsvCC8ZVm8tMByjI45kABfFConA0gTGgANT3de8vEoOHiBH1y4XYop5JHABN--78yo3FiOmulr2ti58Iq09oQTB3gVBGPyEKxq2fkKcUwA1akPJQJTB5af2ElEc_QSkDtKCsqge2iCVnfVYi4LFGcyZuEYkRLIDlBYBO6YFFXcErYejDHSkwe99SLwxAh87SJ53kVjfubHwM5OzVlSi2UjL7DHSrOXtIPUnepB3rGkQAInMs-hMFCPQBtRSc97LDivFloUeoB7Wdb3r04y0IzYRHga81WoJg01fdfHTySmpgpnriP4KDdG0YM8WjYcwnZQmbOusJ4OZmQm0rO50ZDhaN8rVmwjkzEK3wtT66mcC7pjsIiVkhpSt2AJxeumU7YR1Rd4MJU7mjfJTy-6kf6iMPfVU_VBRislXdUf0QzCmr-iFrVzI71Zb64Y5SZMFL4VA-VMpi6-D6WqI8tT6W-iFVxsQM-Wp0yeTPZp03VRDFTFoyq79nLSHq7duIGWxdQoxDVLBBCfESM9Bdks1ZcSohXsKEqyVE3jxsFBndjx5_j_MrtywhWkzdDRB89qMVA8p_aadsMbQRTmG0AYp5bwoYOjIbKy2SN0MJgmmU8U4QUQiHEUaHl4lYf0RFqHN3Vxul5FgTn1dmLUHlDK2dnh-qY5E8Us_cKfizGqmLI1A5CAIVbDnpMQbGDlAHdFYAO334-sXQ2JKDUkcudgh92YeCICUmhS62fMoPMPdJFbdw3-3Js7ZNiQxSxeiPygRKlRT7oYEAybqKdWgSqRXYCLgeLRs5oJ1YzV6zX5UgKsndqG64cZnAjxYxMCCQL7O8IM4w0GfFUR6MARhIDyscxtipMz--VoDpO5pSfX5Ubs-vXKUDD2AD70AG7rxQsFQ9EVWnfNpESBbowz5XDH6c-XZXKKJm7YAVDWzGBeWRZQ55aiasCoaMH7Cftdp2ND9yO68MX7FJqy-i2qFtoZNciO6QojCryFpnAp_2n1EAhlUrZpnR-gMIkjHNVIZShAZi9Kx-DraikQDPCJscM1FRZCKXpsQEZ4ZqJF_5BzvTlKCQsvjdS1ZWN8-OlFhc6EfaAlSYjBwwoWBOTsX8NqM5bVoHgV1dxhSy7YMsD6gYUvnYhhGE9607zHWuGLJa-0Htg4tkQJTu8SIjTJ47jhqeebRue7XOL92ugXAUSneEBXfRT0xn_cS49BPbD7YT46qdaN3E4pZuYh3txLK0EzHOH-3EtLQT-5GzAQnE3E-0PwvIrKFYraFYlobiaB2kQP3QXVsG-8F2FL1vYWYGfU4Q9LZNmJBCP2DCmhmE-iBmkATReh71CS3FhLgMiO-sqTu78tzU4M77iffKDMrCDPq7MIOyYgbVmEGZmQHDLcYM6ooZhGNqEIwbhJkb5D7cuMOKHTRjB83YQb9vduCTXxKFtCQKbYaD9FA4uEQRcPDTG_5YODA-wPbwSB8KocmFSzcChHvlB0uyk8M5IkwCgzhmlXAhYVapHtb15DGx4CchQQozYpjwoE-dB7_MLzaa_mwSM_0APveVPYgZ62lmmOkaViv_KPg7Xqz6FmRq4gdVh7t4AU4j2bZgeJqPTZ-777a-zBdFf9Et7FjZSrshsdwjRp34zTgC4mSmkkpuJWUHAFDb6Hg8xq4nJqaSdy8DVKaw9VlPkubl0UizqQuUclA2QMy8d5RMOJjgC6wWEVhY9aCaGHn0G6_ui09HFtZPwIS47b74CxqDPLudjE7DaSchnxu-XoaDnh49zoxUtbOLKYAAuifOLtxQYbCOpTsCgx_DAkWlsWxba6XDleJ_Mcfn1EcHIYEF6PiZHc7O5vVwe_aEhPHucDSVoBuKWWMSUKQ9YSdwMEvFxnJN1IKAg36qsM0LN4NiFUOnrECHvlL8oBTAjB_xJigIAWJLNgCtH2CPT_C167jBxDnYWkOM0qMICMe04zF1yhXbmy4kYMrYxSau4IEWRe9LPd2gZ6S0Q3wBkftR6YBX6tnHzHSC58_NphbRNpu0dlrglVjRbtuVGVIqV-cSTpYQfjhY4IO7XEg8KBDTQAHjB3UGhOQeCAgCYsD_0bOLdA-9OXkWodDu_MqtKol3Cgjrtuh5woCi0C17uaaawJQaTOlDqqOqMByydKrb1TJt7yptqR8waayEnv0SLkTac-zhw3yd-QMmCFAUsZALw3Z0SQwhkR7oe6pTWl7Yd2FOsjpuxfcznq9N9MQqCEr1FYXs4nPVJqsVuI2GgXALC2dzcEWvWnCQF_FgDlnMJwfzP0iYKQATdAIq-1B1zDnylqPVPYk5SuEa8W--rrr9QAFvhADnFeUHlBE6di575TVoDdxVSbLexa0yhk3FBisbpJXWoPiZISzSoytag8uAoPzu8ZLkvsfJgOW0gHo2I5yTKzdVGtxrysArSHoFupMZvRTGLqAwdnf5MNkgpckGaWCDTtKhPT7YGNQ07fSrQ6yEqzs2SHWFC7gIiksIO5RJlGQ1ghySQpXE3bmKlhee3ULyrHvovdoCCP2beAAbhhuZBtVtXk9X2NJqiJPlkaJSLy2SPGLVkQGKAoMU4JjQMHjll9FTM0xmSMBC44YkicURWHngB01Co0xZP0ZactRvTMFSBofuoNjXal_1ikyobElEQaMcGIUUwwq2DPTqOHPfyt0gzH_ZMmdobl7mV8MFL_jSZjFiepgxWhSiu7UzyrsxBOZO9TmRIYaO1_b5lRsBwlk43REgWA0kj9HLsxJCHdKiPEuKDtZHQ5s8iooTg7ADJPl6XFRcGRswFutd9zham44872yHjOtRJ2wv3HHWd7CwVzIRC-tH8uANzdnqPv00LqQRUTOrgnUWuOyQJmF8moU9mBLo_UoKbE-BUDGt819UpjG0KORqBSs1nxpqhJcMO_SijIQqY2Il30udWhQfE9XPLF5yZG1g7KDRZgymNTBMM6vUxHJiEgUMGE2WVMQ28E29bol2vBviA8oZoIDnNcXqt6kp2jDI41sMndJSCmyXV6boraR4cuUWFcXTaLonNHhYygAtIGUw57Npxbc1m6xx6Iw-5ClNyNMKiRKHptnOjSVtCGGdNiSTB-ksxmJAmWdqNoomGp-Vfyc6gziNVWh8Y-41ikSw6gnPIhGDyAaHbN5qgSpBUtqPJYKPecBBqngv4r1cddt5pq_IgJUj-BpNSBSoaVRSjQpUxN3LuicPTZh8C8-6P04ZLGOIljKMDRF8TWHIky1lMHNlFv5xpwu4rrqhta0UiVuLk9O8ES-4xdqgztYG1lI-R4NUHoQGtunjsfSAN81lE5RVBlZs09jJlecGg_8eyUL0-VUMZsxwlCwcrI8m4XFfWZfYRm8DhcnmJFlmkacpxjxJl8vKMJUqVFrZHjH0sLc9bqxpKSL-thOKXYkc8QF3RHM9Cl3Hfsu0F1kuQr1QTEVZgAlPKnQcm0PW-yoDceiPM9LmvRfnL812THmW0HRil-FmIcKoMuCDFJmcCFUJDAvEX2bYf9PDYquip1bWYBCH7ZlZoOVumDDcEdlivvfTYDMlhV67jTDCF_Trr6UK5ai98AFNKwS_VBD6svw7XRheendHdYxsRD_q7Kh-aVfMQzIHvX36zEQEgzgdn_75lRtlDmexdUfoMNdHS3uVLzcfrcM0BOnext-DZZKT6VHnXxGx66t52sRVttAZGlw1GytW6GJ2RHrrmJNlLEi8DqLeGCMgpAr8vupFReYbq9kpZ_0rVYJQlS_UITYObIzEQjWmhkMTZkQZR7SsDMVlO_Kjo2kJ_fdmeIblmjNbZgGLVSleFoRGlDIpQ4ItR3qkbE2FUs0WMSwSxWrlxNBNj8TW370QTLzANb-z4sR1pbJfoYH3T8kWwqZwUBcFgl_4QZnHmlOYpcpt4QfFn8NBvsQPClOPj1Ug8LYFFgkyCZOaiNv5lVt1GNYRdGsE8I8QJPlzBLADvyMu6CvDVM7_anNFQ4wwGa4bd6AQN1UWo_Fya0TONmji_Eo9nCKGSkDO-A0JwB3LlxQ6rnucC5ihbeyLS9U6hYSh4jKhFywsoVU-sg-xO2aclZ2HoW1iCMYrtnFFJ5UHahKFJUV2Z7CJIgTuqjx4AEu8uTK6yFyD7mBBQhs1iCYSXAUJoi4n3skNDEDbSEIDLbCVcmPHrLU-RSDoKzjMXPFlZ7D5IS6pa3IwAsfQINx4fsnP5AC9xwENcjigwbR45ecARz2ggd5O_xA0SGx-fLw8kXeN6feus4imdbTVgaeXruJBuI4H4RF6JP8B4cFjBIoX8GBaL31YpTBZJ4cpE4h--KDEafXCnD9M1skkliBDXu-VTEq5ky-CboVjGM7JunvQKHuWRTOOwtKigL1Jhhi4hNNBjPq7TuToG7OQCabB7ZTE0yNnMZ7ILpaYhCo5wf5tubSiHydlX9iaFOgJZGMEIReyBFTMqbBdQc9ULySgQaCeEDBUL4KR3PszAIJec9mIH2wtWC61zvxgVU10hw0Lqc4TjQLwAz_I8byauD0i6G3LPTubZouCdLt5Tq7cSp94p3hgL4DmSHLn5YODPnHatZInijAFfpgck5eFsxNQuAEEMU6AsfJSt1lDnSSBicNo68zIvWvCt5T9Jua8vBf70AkuoGeEwHQKSjOQJYgGslLDCo5VANHoSrScbeMCcuhl9SxWrSTxKxxJtmDBCckC21m8a9W2UVMxZBYimenRTtBSfarMVmZzSz1CBJzVTHqoR4-mTuSrmSFFm3YudoERTYqMJBK9XS0f9O3KB-9jnmlqClqqUOdO4zLPtO40PmzLbGLPVl-to39s5UDvnI_6rDCwKpa4nV25zVjTWVTdESzMTZLQz2nC1HKcaEKaUKBN0T_ZpTHQZDShH8qME02oE03wK5qghL-u2o4mSdZHyIK05hgtBOj1LZQBvcsU-XesvxaVMAhAdwT972yZzzHU7mM0fRqjCUr_Fdkd8YIBAFMSFTWDbpLOHINQRw8VsUakpbBzpP6kIsoYRFGUQZh60QNU3ZGD4Nh61GNgjErnmimSnF8WrZgPGubpCgokiph5F3Nc19t3jSW0I1u0p1UR_LZVhHiRJcRtWILvonGP7TLwronXVdvCGMy9_uzKrVqO62i6IzRY4CxYl-QSSZgOez9lAX7qNcyLVfIBJg426lNrcs4mVnBAaX5FEjLb6ANxTOKnXIFdiRVRQFe06ziH8lNHrKxlq1mftFIJs0dThHv9mHLbhvMZ85GF5J-6QRNZj20f8DiwB1dYe0sjMAXPUeTAsYSUF6FAbqtkgzrJnrNFCQfdUYaejtOGOlUUGX-wFW1okLyNMJh-e58ts-ixGksgkXDX55rqVhqE8F5mGJ7IEi40HIECv0F_gXfOo1ShiBT8WPl7cuWGLGEdVneFC7O0qoez7GFSKg7bMz_ZoYnET7gwrWPJB5fUSakYhzQhlrGmxaTth-TB3I_WSsVsuoNQKAlS8suwgsRMoo74gDWurXvuHrovdtGdIt929TrHLGNQ6qD80aYiQ4lwB0xWTMuoXIK2RfZsfTSrVLFJZhR019Q66g21YOvDppYUeRF5H6ly4s2aKyMUxypFEymOYQYzRYnmtWZrG7mz2SsXrDtp-1i8N7uka7WEcbxukzq49wEKddm30i40Ha-JFC-kDlYK3s-Y8ARQcEG8EDccZl0NFE6u3FKuuI6pu0QFnaxndGFChTG14KdlS6MTpcibnFUPHME6jnloG-OEEOt1jcWdIYIeuLUUWb0Sm5J_2J8-yIavaUVolMxvFQlRTuxQg-JbF1LpKM7rYgoCHaoQevrLcESwImSqrobSTeTsksGEY4tfDl3PgMOcCrXvzvTTeiHWcBC7YCgTTEK2cAQKAEHOplwu0IU6qEMc2gY4QjTvFLbKYh5ly1zjtXpCjkepw5OYwqaZwzagcIkpBITlT68n8M4FfZJozCE0fnd-5YagcBRSdwQK9FFRUoTqzvuQCvdmTIEpRU8br2FUqluPk5CRSA7X0MnAdcjWfREyk0kwmMz4M37nUT938E_zDv2OorsmBTm8AHO14GuhiICAyVzwUAlkYUOmRNDRKnRmEZwJmbE6YtGfOAS7oXvDtd2sdbFYKTHgxj7tX3Idx1QlK17cBZKzd1l_CpVZXt2Stoytsv8VMTxVi5p2LyO_r4m-iN4WGh4rZIhYyEUTKimv8UgV6Ywm7OPSEHHuKXpk0QqPMgF5QrtaZ8xhM2FC3pYt-NwXYcJQNI_GwyJcnEcf1yWF8CBhApa4BS_uR4IC8yO65XXvFeWEo0d1cuUGwoSzgLo1ILyrMMFGN92regIInb1h3JsZhkxGYIoE7P8oPqJDYCAaYUDAflkflkMIONQIXK2rMWjj9jr3GXsmW9g1ViexNbEV6ynmne43kYjYEvaGtAd3lWFlHzvzy6VQAax-T8UQY2UzTG27kplHTkFJqsg-BX-xD90PuKl6_QYd03ajeCy2fFGQNza1J0v49ZOY8sZGtTAiqEY06RpbHY6mGaLVD_JY1GqyJNvQWJAsC5nAAd_MVtmGn4VsFU3jdYXS0Wq2p0gStvVSTHGWJMSVJKEdJh5zPsw3XZMk1As4UFt4gkVKRqXKLLx5WrBC9_zKLQQJp3F0axx4TKfhAg6w2R3PA2vsmySxW38RO-DZKakBEzoUGTjeJasUFhMheCYb1n4IDqthpQCYmFYdwViosmm5KgaBBkKcgiJwXrFUNbkS21NMZ5SQL7LUmcUtB28kj4adxSnYHiF5JgdgI6N-Qg8hNKjMH4iqBCwUWNIY8OZnGLqykqE6EpgqIvOSfawNUVOtJTiWRL5_HKjHVgjDsu6xmcKmQECGdgCCsOoxzIvd2dD7sB7D9kCgR0SBzr6dqE85pd35lVs1GT4kIHgXQnAYxUBKcYYENtsulJ9EiXWID102sSIfzdjaHkZP0jzWolKDbuJGmgxWVETbspQOaPY1xWyHZRLZDXeSzjJVxa6zlSuRbWxi-uaSEmz2qTPRXJP1IlmB5tii7pouKWfwY9CpiZuzn5UpeFQCWLOxjFkPwkZIh0373lGNcB6fRr2VaVikV3N8FjwxyTP8FNHUssXRTN_7GhP0HoMJ0YaaazEDNhttTmaKQFa07zbhBC4xdWH7WK7qk9KJ0_Lj2cHWTsvJl4UdLONNdSt2UOITDNR0SzVfaBJnR5d5d37ludnBxaC6NSo8mB58-snP1mtkluWto4oYD5vYDpvXxsxCPJp6HkMtaVrxnKclDHklSqKKl48dECACLaBdVPhTJeCj9Lhi0ldATGDOKCxW6SHYyAE2Cbobugvr6afIEkYxjKroxSHJhh71R-zRdLeJaZhVio59YQ5dCURPgENJFYyJIiYZD0RqJBnNAgIJvZq8rhUwe6FIc8uKZgEGG5mSRX03XmDKA_BJDyVMqsKHa-zgZJ_7E3oLG69k6rNPki9psVqOsy3KsoLl3Yea9Dl4VCFibi3TBrpUNeAWDWV1045wsNBIbomDw818GjKxr2Ns3P1tBMsIjrfrr1xyb-wHQ1j93PgV8TQ2j36FT6t__mJccss_eL7Xff75j6usKpo43XievWGxm97u5Moz75g6x4Zbw9o7kx3zwE_nZCfZNFbpk5JiUlDgyQzZMc-XbjWOMV-ZB9mxEUo20eVp6NuvFRW9kNHk7pqj45k7NCAWn0wvHSKVzazfFxi_Dqjn6Jz6AqOtOLpQUU_m3B5EnDzkKXZzdAmBXocQr9QW6Xf4jKeDwK55PBZo9mTEEy7SpBUH6fvMbCb-EdjEUgwV4nb8H0R9xIKQcRwRneEc7-tMcQIIvK-2TSbqiug3qjLTXbLlGoBr_aqiIh8vmXo80UkYSG06xz0bR-vN25roNFLax7s6ZCr0ohSdYQyK9udXbkJ0TgPqnhDhkL6V9qq7s3posCXwtlIlMtKIoiKOumgd_QDsYovhRDFlAd3UFobCAi1BWCmsmAPOjoxFCb9vyZbH87EJy5WJmOVzw7-FGYmGdEr3GFVS_kQTIzjBUsRKFn2kWcsrA8JCQlxGoNE9xQ5BhzPHj4ABQXQdx8gxNi50EAyxsdTpurnF6TcHJNcdJVY2twalTEn5U7B0aI0HwXQSfqykHvtkgINi3RF9O3JLNKL7bhkPGiyxtXbVGLL9kHH0rQe1lD5cqIquiiEPhoNj_4YJDtDfP35QqynLKbZE0DrfKG_PL92qLrqOp1vjwWPqohfwwOPfstNZzb62HayW7SnRlVEfTX0osDuA0czgIZlV5ACI7AcwrFMgm_lymHmamsr5XcdUMehsNlKgcN01LF1YI4e6Usl32OnuiiXacslAc7TSsPRMUfTIigirnypegitsoM4lDD-pwkoz0ioMphKIkVFN6dckR-QXERrGRllKnZUSiS9UL6YQOwSmxBieAQvGyqWlMto-mBkt8a25CPLEyuj2YNBZMMaCASRwTWTs7MKt6qIfEhA8KlXQf8-QYKyYUeDZEPdhdNPWT9dlNkOpxHCMj1NdtI4JrTSGuGNZ1lNXW7yQGjlAz8ohEUEgpEDWSJ8LR1UBSTAHlyjMgIkXltwhsHdZ-XgUHLBWLih7TqnaJlv84QVMjhYqKsuMaQRzXA61FpJNZzsnqKHozKB56ksMXo8UIJeV1esB85eOyhwxZgoOstkRbx8lC-bxIsbBMEYcJtHdHF3i7BeP-zUOcHi_KdvHAS5cFU_UHxJVvXuysO1aieyWnunTkoWLgNBdfoJ2grfWDggk_ewXOb9ys2RhHVK3xoTHqKn6habp7OtiQ5tl0l9Pa6iZ8h-QMFUV-uQqHadlEoe11njBHNRULKDoR1slSEaQw-HtFgIeTTvvMF_VKa9Ptbjmm9nBMFIVQmfampScdkRU3pHNTZYlsDQsE85E4v7UOzMAIMIYiu5k5SzJbJ8Cq2xhH8xxBvoiXTAVrXFSWYwW6u6lzY0z2ul64i2N6xKpchIrkQIBnuLGHodamFOypfW2XyaayYtVEChlVOwirzVQTxRVT2ig5o2HtHqeFVVhcX6qi9XLspWyVj_ThKOdET9cQtCju8fTBFCom723sslMfnB-5VaKqv4BNVAfAQqKiHOeYPP7ftog4yfT-GmT_WQESz98THCa7LqMq7GPqymuAIGVhQqZ5nWYh8T-VvZJe1EEUz0HTDoO-6TxZqG5Ikpv6y0cHnLC_sAqF4wns7JEaL3AWFkGm9HQRbGYumEmZVZgZvyMHgtld1VgemyfMltnHDnL7mVgXoR9NCnreYll5N1LYRw0Q7ih_9GTONJXjr5o8NYdBQ8sJ9p7WzyXY5priTlAEvTTWNNeg4N-rKt6StaQt60oKglbSgh5tpKvy26J7h4IB5dIgtA7Pp4kIMbN5DUtFVLOuDu_ciM4OAqnO4KDlWY8mDfFhTEMOo9GEvzIG9yEBDoixrDmIAkxTCMY81DWsJNPaTGDK6beXpqoI_fvXZiQrF_ZPFPd7I5X1hB0YjtLG3qLaDAK497dZnVFCMU-dPSzghAJl_Uumu2SoEGP5q46ZjewbMgINRILoFajWHgvoBbv9Dv0Q1a-jLaO3owiC8ZyR2MYNpaVbB9dbrZ6KprDgxUXhD42ltXNAIaFlTRp0XS8Y8rwNKMXtyUcTN3TXleO0XP3tM7d0xbnQYwHesBlpmEfbSHPG2Y0kDFenSI2-X9y5ZbjF-tQuhswOGmVpnyMAodlEW5KCcph4czBwWGMds8Sisn3JddRbSgrjSWubPFYSkETUTl7UBbRydUzU3Z6qU2fqEMxx_RTQqGEV2sueEMrGpEgKSmxJWYZEYbZObC5Hs00i4yYDWl7M45clBPoxMwrVnyiVvTe5iDNicaSitgS3k2B4fEmgoKCy9GLWDMDZ-6PY_TCjCVsvRTtUfIFG7qgrCDMyRQRnAsPMn066TU-YSYrbesJuRZTlEVMkS_MZeUFDuLD5rJ0gBfEFExn4cP1P15KwW0gkinKm4IH1nbnV24rpRA-3BraHlUfLe2VDtj3XSBtbY8N7VwgVVqQSSOWAmmkMeIVKnOBNJvU3LWlQDrmSfQQS32UsiprGebyaIENifkclUf1eoStq_LoWM0Zy7o-Sos45qU-Go_Ko8ZjjOcZvEU6v3jVgLq2ZRAtRbWGSWSqLCOluDpyylv8A1Tn1lqKCdXIfHKbB09rP2Q-00XKo32kQ5RH8wWAm17VMcJ1pQjDdusxhRATmpl7OsZGu9O_36w0ehRN94QHbXh2K4G4AAfzxl14j9VEmPEUMECvcbTj4xkG2KTAweaQWZ811z5wtyPKyS16RWHZlRWJVRCi2EOIGrB6UzFaFY1KdPrQTuhfxXpqKHhRKBmq-xJs8BTVeHSmwKJ8XxF7B5zrbDd3RLGFOUXE5UbAlbzOZm-jYjZtqmfukXAVfLZzr6M6GnSqe1fNw8L5suY3LNGIjMnDctj3vdfTnvWjePIxMUf8Z2-lFr0g0OEav_E_mOu8KwDkjVXjdQUAZQaAVg52VWUxvXb5IBf1JZyXPi4BABq2-gTZOOP-w59MuI-50fmVG4gnzmPo1iDwjuqJHwSBZSvG7HBvIR8t2JOJiJPlxTnwr5mluLuyWrPNfDlNt9ZCcYxvpJ2YRUYarrRBv0vAzcZeRs5r8spx6JA01lorJpWH6OBW3mOruJXOeCUwWUePEgzqH4FVWp1BMVYAJ9vaWxsTabFUfO1YkBdRS3X6_w3zIvbmJPIedmGIUFQbHemgC6t56dKEZ8CA3o_KnyE8xbJu0z0YYdKJgwFj1ckJBiiIJ9FEHOsQLMtp_tyn6j1gAO8bk8hKXZXJVp0ppxduoJq4YwQ4yWjy-6t45Io4-ciCBqvKvqp4FKthYkM9VzzwqcqK8KXgYWURxkyXioe53MayLnjEsodjzAUPa9vsq57QUvGwLVrNdmocKh4B4-uYjkoez1DxyGGz6uf7K3nUvJQ85iHzVQW05JVp3YMqoOxGEifMVfDry99KHthntNo4KDFHEC_enV-5bckj31fJ4wDOvb5SunE5xclWuaD-YVMkdUyJwH0M8sJU-cAIwhwzpqkRhusZmQ3H-o_QVilPM_2H55zUYwrsvCEMliihWtrhCqZanYl7z7icL83hmVepJEQ2_YgIeds1GACSYrsFA7JxasE9J1cUjiwEDmba65SYCwf118JCHm4f54p-sdeN2pgyecmO4OpiwxCw-xrckf7DFZODJROIFhOF2RbgbiqQYgJRETiUHy4jEA2QqnR1Lyhov8Y426f0WM34ph0ev4CcktmnZT3jVR2hnO1mzvo4H93o0UEUWCXXEv4qZxdulfMcBdWtUeExOc8lVJhyngkN4oQCMbt5Rhbiw1AQQYmA2IjP5NpZ3GgQlxxWqADdXeVA2daSiysF_htyYvSLsYVs_V8HSeoRYbl-StxWT4lJr2Iy8pYZBvM1sqaH2ohzGPujGtODW89X-ZZnERRbOirdXB2uY_WHyzh-wnGa_oogXVFdkI689AzLFLPwq7aF5FlAAS-ztXh8Gjx9ZB60rQykLaqwaV720XnQ9qhgb1zASIXFzs733fmVW2VCHxQuPJgt_OIffjNtMQyv9fRPDTWmbV81zuyADYDjasjTVaPF0Y2rMU49ktX4CCtCglu7aVBiVUYUiD3FujleeFZvMRumqBeNyENGmimk-NiKCTqMRhRM8QIh69BmU6JpVRDiHd49SkcqCQ4sG3deEQtaJz2ICSSWfRRrMnchlscq1qMLYzxmz7Syi6UzChH8sbtObrPVZjHbzTFmKhrCsGkeXry47LhJLIalf7uuBzteG_4UehC3HSkrCzsIS9e3zJrxFA6Lgn1z_l3ZwSX5xy--__zra1UQWJ0FekTcszu_cj1PuEoLjr_nx-P_NHzuJu5_-ZvfHtaXvtYJ-X7ivjKkuQ57KqUkAYeoT8bvGeI8BH2F6IVQ1zHPKDLMfgl5hATRrUPe9sHGOeTZHk7GEpaYL5jy04hdYt7ZVNsS8n11-ivBd1FnerfqKdPt3QobnYH2UU_lrI9cV14CuzDzbs-Cj-vuem6bsfK-bdCPgB-xPsJ8hPiI7tPAviD7vhTXdkN-uboJx2351arGkC_fqOviR3Q_3iXpGK8VtsZi3WjuBMcXnhkZTgPsbpDhFz_9zWqxcX_ly2mTVHhuqzw8oiyz2sQOgmK-MvCdyJiOdh2XzIOzKtvhcJ1GE6Wyvrfusw2QdBvBMIKQbDTUY5YN6fdJwdpJDZp5PThnTp-s2sO3F2NVxzIOaATW2jVGFrewL5Akgz2-ndF1bPyiycr1w8k2_-l81qWGM1iE85NFKIgL7QvBT8S7k9QgEfqivS222kmQAZRMK1XvPFZddY0W-ifMPPeRTSMwG9viw9iY0qJutnyMxDTbDFKFe4yoCaQ81dnr6UKD5C8soTy-dVo3duFLS-u0pXm0rMV51nTWTgTb1TBoQu3lnCaU87bJo2jCqEe1QO2J5VAh7S5cetbywQ_H1J3Cgr9cWLS4FQx0RONub4cu8OCjaaoY-Q6s4KBEp7S-tGp7Q80uK439FjqH96nMuKCQd7inRuXZqLz1-M3W_yiTdMrYOXJhHmIQuZhBn8_Zxk0YEXGks741Ag7NVsOGv2V8iRhKccyJdiw-9QucaTUEHrqlvW0NbK0klFmltyDSgMxYyEIPVswFntG61e_ZiSwEFCQFdpfmuq4h2OoefED34ilkBi3YfCkIwdBIpfUDe-Avwi6g0yeGVK-iwskE-pNKi5vu-zlkDFugwlbJg71dqUR0OGxrYkPj-aUbooK_x_LBZ7yEo0bJb-dWKrcnoNA4u72ZRSlWOfzZHm5XaxpXzUwBr26umpO_qS_1vYfxkULL0XmoOh65Nj3SguX4nUWAgcmwVh3rvyK9gmR224rsRqNAcYpOknlSBaheBhNlVsrkFnDiLLaAmIUgbBxTVPvWuwNVonUcAvGt8GaXuJlSsHpckBRatb3zjL8pyQliJjgI177GAOjE3hbIGEEQFPB79GLLPFuaTFHJwkG9Usea4HLNjKZvtTW8bjtY2trSPO0XmqerykFx8RD82Z1XDi40Ty_F_r-8_cMf_vj1f_y4CY3eLaGSOSq3kXpeuPTMOcKl6Lmf0J9Ln9G7S3QgWJ-xTn3Gae9frVNFIUx9xjr1GcPUZ5z2_rkw9Rnb0VhpiLQQY4aD24N3p1BOMfYaR8VQhDpjSIPhdmOYlUWket7Rs8hPaKC0PYl5oKPMLih1YNlmV86QHO1BBXhmzjQMTtGbTgj8alBbwDHMFa95wQViS28rIzuqjKbHeanbudtOQvKTKjRIR1zA3CZCMVF14895ePAaP4AVZUuRWBzAaGnr1lVo16TVebMiYt5WVfWee4yXwOBh7twlU2nWzd84P3bnV27UXTwOpbvBgt98-pO_s-90fz_jWXYvu3u1dBSU-GaSeJbg7WgdmfUjtXsFkmmJQsSByhzp8HzDuK6bApPzVbeEHaqfTKlGawrwyi49xr5Z4KNQBgkU5ZE1ft0Yt_4ifqDDWiS72aq_qDxBIZh1wttoBvOmbPJySRd3ldM_VWFRY8I0mOs_sxrBw0-dsgRb7MFe0a4MIQARMI1QKCUm_Q1oShQxO7Is3Uz4Ya5hwNsC8GSm3ObZb9Ojhy_m052nfxBaXFNR1WNN5RNsZzZuJb5bMfHC0PjNiom8pSlWtnmZWXPbnV95ZqrwYxF2a5h4sAjhFz_79Ud6xull-Ci6lXuls1TcrCfC5Nltalwdt5MhxXTVvjdM3xum7w0ruSXKa6WcVXEZRbgxiux05AOfnaKg1RpBhspOjmqO-aizG_NdinId3EKCIJxq7M7ItSHHdli-sBvATGp9SjWwwKF01oEknChs44-55uaomNfvKpZxkExE_Sp9Cy1yIIUx1U5pooSiR_IrZPCjcLJPvFQeaWcj6bbprwz7f2sz2oovzHFElczNtqdrsxfuKFdY1Q_fVW6wsXFlrwdnKj_k9cYPYvYTPxCBOljVxcWo218y6t6oeshgcUYoy7py5QZ-d37lSux_8tcv__ztt1dlBmffdqVacBQ89xbzmadd30_Mx5OYJzPA3iEtQU9JMLDVc4n6aA40-us67MkWvPjDHPce_NADrwO_2dqQdeBXFojkdeDrDhU9WQIfhVJHrH8I-2eJ-5yPFNZPMOjf2rDW9c0C_9yh_1GBT00qI1rtAWV2brvzK7cM_CmC7i3wi5724iixbeCbhcwq8KNtDA41rk97Vot783lZAj_pwZQczIGvtAQoaEvcBz07ZDxHgU8OE3NbR77QoSNKPUS-0IHMpq8ivxSztXnWAx-r3W3MJLYOfPo92wT-BTeJRwU-9xsE0ekuKcU8P8-u3DLwpwi6m8BfrRXS-8eO8mOp8XCVOxhJ-klynIfRZJpmrtIkLU6TMWWe1lbkPowrj1xlqOdlJhtdYmtmZ0JWRE2ZWhNxi9g9NTycAuuZA9ulu9lI-pZNA8BmirwL-Nez4Td2zxpPrKaVBbjizMJaEW_bKiAIXo-pZ0nK2TMCIGoK0WFAZZXJgHio0rds-rHYWd_Hhh56kZnRTeoQR_rCZgk_lVFbWjE705pXNQ0PvS3OvKo99UEBzg4D_qtD18euC08gAGHjymAY4Wv7fBdP2lJnu7m5SxAEogccSPm8MvhAAvCQUWtEqS6x4zHaXOzu_Mpzy4svhtI9YUGbnn-Lr-Jl95U2ec76AQlssLEjv5ZpGmHqCcTJgLJO0whTDyEdPsLhnpODjn4WdrHLs9O8czXpQGc7VyssI0FoEAUktbCECw2CCH2tDACk0iPfwz1VGhV8W0uR-e17vCNjyKzycqGCF62LKmBpq3Ockn0wozkvaqBLWWCScJzKlAXRLIhcBFvt183xDk_b0LNra0bQbHzJWQEw2p6LYvv7eredfYYGZsSCEmHvTGdc4_X8v2yT_2_sVe91Ex1gwLnZhLaEAwywrWCiA2mZtIxHzYB3KgA8bFEfXsNK-D23ULcSwMmVW7jUn0bRHaGAvQAc8kS3eQFHZpPLSKJZUU8n_2gVEkATLEzT12Likx_tNKTkJpiIy_ARNw02sxjNYqrUrBBHmV9HOGqPBLVAohdLSJHVm9H6_CzVKwnj6F7MORKIcfxkpOobDSv025s-CNL5Xkz-wwmfUR8kaxpisJT1LdYvsEW_Y-2Vy-bKoB9r9D455FsuPlclCnHMSy84YJkBncFguuNgPRFKEQBDs-6BN2Dww6MJutD8NS2hnn7YCgk2JQQHxcCyrq-WGQTanBOUtoxb1_YeQQCD0JxYWlRS8cPz_PTKDZwmL4XR3eDAJz_9ZTvsG02vlqrAgQfE2XbaAtyuhulqnK5Guxqnq2m6arzwYLmgBDmzUEIfU21t-CvYjpGG_UHTPUQ1Tid3YwKIM9nZSIHvuCTpSK-IdNzeagrsqavmg0ZiwndTDHD0GjFaKVXJRGa-Qee-4tz3PYVAvB0q2mFKintWiCtzTxVZIXY9--661Si86xV8WOcCxXb94uawN08HxTaestlkA832eZuS0LbasV0DwfHVDkDdyl0ybqsV9G6WCz20VfjAxN_uyfc-d8AtUKI-wsqIeg-78yvP7F1wFmV3gw9XNcYMIgVWWiEGwJDFj4OvwZuxBtDRiMUK6iEKuAVlMENGcRQNMKxWdFVT9K00xrlmRWfGqEDU02YPWNEbmRpgyW60AmFGXEzKj6cBTQYmfnWS94bEoOQhc8yVT14YEtmOowBX-ON5zAwD1iz4wUV9u00gJ53engnnkFrFI1L44vB6VLw3V8gPXAps5FQminaBopRQrB8twHyfKuOxZ3KjUeVNZw8wijjkDs1dUhmnQwkB2ehEGyLroE8RZTuVMb8yYTnccYZJve4uXHrW5OHDVRk_GBf-2V5AyYDay3wyqxiHU4mfvAn8ZNbk26Q4PHi6-oldHNKIdDB3WjEHRV31TrwhRLGEZvLgwuwBQqKUReDNmSlipkQzj4IiXMLrWTTFayOtD5ZsNJMLU3pwjBAq2YiJra2-lypoqVaYUCIQBQuUFqv5-iXnESqzEDxjNdCwNSghi4FAIHAiyFQpu9Ka3NmaczRs0EZ9gC9WLujWQOhs_9v3hvLY1Mvcj3y1hVfXMobttAMb-7a2NlcQp26i6YzTIWsIfc4a9IEupYNHawfsZv1B56QvV_xhHVHc3VdNn5XK1kAVWSdDFmybxPz00rPCxknM3SFW5DVWTC3GqbU4Y4Rd7RMyzK1GyzvioeE4XV3hBAXLpCOFgYTOpDL6MNtHVZXcY2ff0AsJFZT_NyURtRQv1mEVROddoAjQOzuNghIS82tmNqmhKcoZ8TCGbkY89FSFPgVnAr3ilI0btMLggRCKcpQt1cXsjcfUCx0r1Eoahw45Rzvyd6Udwly21QsMMAZqDNgg1eh-qJLN66SwysJdAQk9p83M67fdchVcn_sMK5S41G8sftVn6I_tN74_lOBNDq7pjkkmbfO78ys3woh8txjxZk0owkQojEjoIDECUYbZEcNKEAbfppEFN8yRIBbDNL5MxOLIAAF_Rh3DGLvjXsbmpEZ7QmkF2JAJ-dTYUSkKINKB5xnRizShRJ30GU9FRo9tf7rSnFKBBbxHUmOe2VZilwwMiCQktmMxJI0suTJVrb8yEdFq7VRCItjR9X2ZsYmhSzIVI0NwQciyYAWmkJgk8C7sHXv98JvX15aC1SKtaWlK5j4MYxOS5foA48e8TVdyY9MT793cjvDpSWjxwK7k-0OLjJ68iP6KrHYOot35lZuhxZu7gotPb5p_KDxP8o90ln-4dpZ_-FX-Yc0O8cjT_EOsY84_suUfPp7kH6mv8w9LP3r88fQjGpEIq_zDjGObZR7eShWRMqajcHu_-Udd5hwnLPjp8kewosxYEdKiZPKPbl2-3_yjTXUtx8bF3fmVZ252nAbd3aDFj4xEe1suENiEa7t220AE89FBF2f9jTSuRstuU_BTf2NctZ2sy0w0w0UK3Z6TJ-4L-2pt2Dng7KzzHnulmIrXUa8MIRcbVdK_dfHFyEq3oghl-3P3LvuQBCLsE8gErX4eFSN1SwMZ0QzRGATwWchCnds50QudI0U_SS0B13ulM4gaKou3THfFJk6PW2tNesXlBC-2n4suW7pKb7uHO4ZlMnpzW-lLiPGQyeiCoC6W4mqwY8Q8uU6uPHMH40Oci36E0-rFuWhM5Z2JGIa2aVqhOYkakD8Op9U8Oa3myWk1T06reXJaXa_bLYo7FgL5VPBHs_GHqFO8i2yIOaQyVnk6x9SicMBlRjA9EJ9cDkohFcEsVUUkUVgUgUsrasSm81kpCVWLSE4SzcJNzxzVpE6G2IaVYkQSWR2ubnkoKSPLJrBsC_xGxIq-mn9vKQ111jPMRfvRCdiod7EpFLxnm9VHah54qK5jwKNPwWRrd37lRvaqH9Zg9IPB4J9-8xNAbPRjXy8DUFPuUMaIg301ijiMcyZnRfse81M87J5xS65ACzSXqvQCKQJpOcaJYuTFfIxZaUmu0PvRGhqW2iizqN289fEwTQHRU3FiDQr75sZu3CjikaycWAviR7fvOhD4TU08wWHWskfZVCsrOxmOVgJEUXFZVuNNGF2icETvSFPKcZQrmLDZu7472CybgCkyILnPhgHNiEGwJRPN0c_s12UOZSu988Yyh9VGiVwvNCuQtxzGHtqcLIRwHu8PLCz8069_8tnP__Env_5x3l94Z6kbA8zdeujnl5759D-LmbuJ9gfYIGB44tA2uz2G4mxnCRbdnkWNnbBIrH5UOGMRqP9hQ67-pzGNJIbPYph52NksBUtn2WpUjI9hRdSKle0vOp_brmNDXBTEXQevwrLsurdZdh38vuKj5net7mO2lVHWeRC_aFT6fOxCCf1gYP7ZDM97bxF3FSi6TqhYi27cEoogpFtnApW1oyfiaxmLPFgF4qMdISEdLZna1geBd-No1UJ7isbpb04IgxFQD2XhJNa8OjPw3Dy_9MwA8d_CC-FnRyDnfrsdM8jxjBm4U2aQ8hkzcKfMIOK5dsIMwikzCP6UGfh0zAx0xLczZhCOmUHpx3sXoAPE_DTxACcw8QJbF8gFduVqR3K7suHGm-beDQzepTT43rWOShj1WaGrZ21oGlvYj688MxScRdEdxX87VDdfc77_9ngF3TQSYV_TggjjUDv4sZ-gwyH-CdKMZ0F32CVm6_FVnf6sl0y58MGZ9x0DSAr4XKOtl-sYKmFgoiyezKAoGXctY9deizlh2KCljnOGpfSDYbiiuSrCjnPWECrqmaTmrcEocEnOqoCebUytWmmSKQrdVmy2hLboIdvRsgUYARDBse8OMGAtBPKBAwZcG3RoR4qEwZofWQXcVLb4bvHv23pz9G3jn7fU6bPPLBf3Vle6cOnZEeA0jv5LGPDZTz79h8Pb8sFDwcHZxXxd_j_9laGm:1vvAGe:A9_SK_JHh5m_KXbbL82dOIpOI1Gin_RPm1yv9Y-c5Ec	2026-03-11 08:29:12.642158+00
\.


--
-- Data for Name: main_seosettings; Type: TABLE DATA; Schema: public; Owner: postgres
--

COPY public.main_seosettings (id, meta_tags, counters) FROM stdin;
1		
\.

-- Data for Name: management_node_controlunitname; Type: TABLE DATA; Schema: public; Owner: postgres
--

COPY public.management_node_controlunitname (id, name) FROM stdin;
1	Узел управления спринклерный прямоточный с устройством задержки
2	Узел управления спринклерный водозаполненный «‎Шалтан»
3	Узел управления спринклерный воздушный  с акселератором
4	Узел управления спринклерный воздушный без акселератора
5	Узел управления «Спринт»
6	Узел управления дренчерный с комбинированным (электро- и гидро) приводом
7	Узел управления дренчерный с пневматическим приводом
8	Узел управления дренчерный с электроприводом «Малорасходный»
\.
--
-- Data for Name: management_node_controlunit; Type: TABLE DATA; Schema: public; Owner: postgres
--

COPY public.management_node_controlunit (id, designation, diameter, pressure_loss, control_unit_name_id, installation_type) FROM stdin;
10	УУ-С80/1,6В-ВФ.04- «Шалтан»	80.0	0.000000529000000	2	sprinkler_water
9	УУ-С65/1,6В-ВФ.04- «Шалтан»	65.0	0.000001527000000	2	sprinkler_water
11	УУ-С100/1,6В-ВФ.04- «Шалтан»	100.0	0.000000201000000	2	sprinkler_water
13	УУ-С20/1,6В-ВФ.04- «Шалтан»	200.0	0.000000013000000	2	sprinkler_water
12	УУ-С150/1,6В-ВФ.04- «Шалтан»	150.0	0.000000039000000	2	sprinkler_water
8	УУ-С65/1,6В-ВФ.04-01-«Прямоточный-150»	150.0	0.000000038580000	1	sprinkler_water
7	УУ-С65/1,6В-ВФ.04-01-«Прямоточный-100»	100.0	0.000000169750000	1	sprinkler_water
6	УУ-С65/1,6В-ВФ.04-01-«Прямоточный-80»	80.0	0.000000176250000	1	sprinkler_water
5	УУ-С65/1,6В-ВФ.04-01-«Прямоточный-65»	65.0	0.000000586420000	1	sprinkler_water
4	УУ-С65/1,6В-ВФ.04-«Прямоточный 150»	150.0	0.000000038580000	1	sprinkler_water
3	УУ-С65/1,6В-ВФ.04-«Прямоточный 100»	100.0	0.000000169750000	1	sprinkler_water
2	УУ-С65/1,6В-ВФ.04-«Прямоточный 80»	80.0	0.000000176250000	1	sprinkler_water
1	УУ-С65/1,6В-ВФ.04-«Прямоточный 65»	65.0	0.000000586420000	1	sprinkler_water
27	УУ-Д50/1,2(Э24)-ГМ.04-«Малорасходный»	50.0	0.000027000000000	8	drench
26	УУ-Д40/1,2(Э24)-ГМ.04-«Малорасходный»	40.0	0.000092600000000	8	drench
25	УУ-Д32/1,2(Э24)-ГМ.04-«Малорасходный»	32.0	0.000169800000000	8	drench
24	УУ-Д25/1,2(Э24)-ГМ.04-«Малорасходный»	25.0	0.000463000000000	8	drench
23	УУ-Д150/1,6(ПО,028)-ВФ,04	150.0	0.000000046270000	7	drench
22	УУ-Д100/1,6(ПО,028)-ВФ,04	100.0	0.000000231480000	7	drench
21	УУ-Д150/1,6(Э24,ГО,07)-ВФ,04	150.0	0.000000046270000	6	drench
20	УУ-Д100/1,6(Э24,ГО,07)-ВФ,04	100.0	0.000000231480000	6	drench
19	УУ-С150/1,6Вз(Э220)-ВФ.04 -«Спринт»	150.0	0.000000046260000	5	sprinkler_air
18	УУ-С100/1,6Вз(Э220)-ВФ.04 -«Спринт»	100.0	0.000000231480000	5	sprinkler_air
17	УУ-С150/1,6Вз-ВФ.04	150.0	0.000000046270000	4	sprinkler_air
16	УУ-С100/1,6Вз-ВФ.04	100.0	0.000000231480000	4	sprinkler_air
15	УУ-С150/1,6Вз-ВФ.04-01	150.0	0.000000046270000	3	sprinkler_air
14	УУ-С100/1,6Вз-ВФ.04-01	100.0	0.000000231480000	3	sprinkler_air
\.


--



--
-- Data for Name: python_logmessage; Type: TABLE DATA; Schema: public; Owner: postgres
--

COPY public.python_logmessage (id, message, log_date) FROM stdin;
\.


--
-- Data for Name: python_otv; Type: TABLE DATA; Schema: public; Owner: postgres
--

COPY public.python_otv (id, distance, speed, n_vetk, n_otv, d1, d2, d3, d4, d5, d6, d7, d8, d9, d10, d11, d12, d13, d14, d15, d16, d17, d18, d19, d20, d21, "Max_L_C", "Max_L_B", "Max_L_A", "Max_L2_C", "Max_L2_B", "Max_L2_A", "q_A", "q_B", "q_C", vers) FROM stdin;
1	12	3	1	1	9	0	0	0	0	0	0	0	0	0	0	0	0	0	0	0	0	0	0	0	0	0	50	50	0	50	50	1	1	0	5
2	12	3	1	2	8.5	9	0	0	0	0	0	0	0	0	0	0	0	0	0	0	0	0	0	0	0	61	61	61	50	50	50	2	2	2	5
3	12	3	1	3	6.5	7	7.5	0	0	0	0	0	0	0	0	0	0	0	0	0	0	0	0	0	0	73	73	73	50	50	50	3	3	3	5
4	12	3	1	4	5	6	6	6.5	0	0	0	0	0	0	0	0	0	0	0	0	0	0	0	0	0	85	85	85	50	50	50	4	4	4	5
5	12	3	1	5	4.5	5	5	5.5	6	0	0	0	0	0	0	0	0	0	0	0	0	0	0	0	0	97	97	87	50	50	40	5	5	5	5
6	12	3	1	6	4	4	4.5	4.5	5	5	0	0	0	0	0	0	0	0	0	0	0	0	0	0	0	110	110	80	50	50	20	6	6	6	5
7	12	3	1	7	3.5	4	4	4.5	4.5	4.5	5	0	0	0	0	0	0	0	0	0	0	0	0	0	0	111	106	0	40	35	0	0	7	7	5
8	12	3	1	8	3.5	3.5	3.5	4	4	4.5	4.5	4.5	0	0	0	0	0	0	0	0	0	0	0	0	0	113	103	0	30	20	0	0	8	8	5
9	12	3	1	9	3	3	3	3	3.5	3.5	3.5	3.5	3.5	0	0	0	0	0	0	0	0	0	0	0	0	115	0	0	20	0	0	0	0	9	5
10	12	2	1	1	9	0	0	0	0	0	0	0	0	0	0	0	0	0	0	0	0	0	0	0	0	0	50	50	0	50	50	1	1	0	5
11	12	2	1	2	7.5	8	0	0	0	0	0	0	0	0	0	0	0	0	0	0	0	0	0	0	0	62	62	62	50	50	50	2	2	2	5
12	12	2	1	3	6	6.5	7	0	0	0	0	0	0	0	0	0	0	0	0	0	0	0	0	0	0	74	74	74	50	50	50	3	3	3	5
13	12	2	1	4	5	5	5.5	6	0	0	0	0	0	0	0	0	0	0	0	0	0	0	0	0	0	76	76	76	40	40	40	4	4	4	5
14	12	2	1	5	4.5	4.5	5	5	5.5	0	0	0	0	0	0	0	0	0	0	0	0	0	0	0	0	78	78	68	78	30	20	5	5	5	5
15	12	2	1	6	3.5	4	4	4.5	4.5	5	0	0	0	0	0	0	0	0	0	0	0	0	0	0	0	90	90	65	30	30	5	6	6	6	5
16	12	2	1	7	3.5	3.5	3.5	4	4	4.5	4.5	0	0	0	0	0	0	0	0	0	0	0	0	0	0	97	92	0	25	20	0	0	7	7	5
17	12	2	1	8	3	3	3	3.5	3.5	3.5	4	4	0	0	0	0	0	0	0	0	0	0	0	0	0	103	0	0	20	0	0	0	0	8	5
18	12	1	1	1	9	0	0	0	0	0	0	0	0	0	0	0	0	0	0	0	0	0	0	0	0	0	50	50	0	50	50	1	1	0	5
19	12	1	1	2	7	7.5	0	0	0	0	0	0	0	0	0	0	0	0	0	0	0	0	0	0	0	62	50	50	50	50	50	2	2	2	5
20	12	1	1	3	5.5	6	6.5	0	0	0	0	0	0	0	0	0	0	0	0	0	0	0	0	0	0	69	69	64	45	45	40	3	3	3	5
21	12	1	1	4	5	5.5	5.5	6	0	0	0	0	0	0	0	0	0	0	0	0	0	0	0	0	0	66	61	61	30	25	25	4	4	4	5
22	12	1	1	5	4	4.5	4.5	5	5	0	0	0	0	0	0	0	0	0	0	0	0	0	0	0	0	78	73	63	30	25	15	5	5	5	5
23	12	1	1	6	3.5	3.5	4	4	4.5	4.5	0	0	0	0	0	0	0	0	0	0	0	0	0	0	0	90	80	0	30	20	0	0	6	6	5
24	12	1	1	7	3	3.5	3.5	3.5	4	4	4	0	0	0	0	0	0	0	0	0	0	0	0	0	0	92	82	0	20	10	0	0	7	7	5
25	12	1	1	8	3	3	3	3.5	3.5	3.5	3.5	3.5	0	0	0	0	0	0	0	0	0	0	0	0	0	94	0	0	10	0	0	0	0	8	5
26	11.5	3	1	1	9	0	0	0	0	0	0	0	0	0	0	0	0	0	0	0	0	0	0	0	0	0	50	50	0	50	50	1	1	0	5
27	11.5	3	1	2	7.5	8	0	0	0	0	0	0	0	0	0	0	0	0	0	0	0	0	0	0	0	61	61	61	50	50	50	2	2	2	5
28	11.5	3	1	3	6	6.5	6.5	0	0	0	0	0	0	0	0	0	0	0	0	0	0	0	0	0	0	73	73	73	50	50	50	3	3	3	5
29	11.5	3	1	4	5	5.5	5.5	6	0	0	0	0	0	0	0	0	0	0	0	0	0	0	0	0	0	84	84	84	50	50	50	4	4	4	5
30	11.5	3	1	5	4.5	4.5	5	5.5	5.5	0	0	0	0	0	0	0	0	0	0	0	0	0	0	0	0	96	96	86	50	50	40	5	5	5	5
31	11.5	3	1	6	4	4	4.5	4.5	5	5	0	0	0	0	0	0	0	0	0	0	0	0	0	0	0	97	92	77	40	35	20	6	6	6	5
32	11.5	3	1	7	3.5	4	4	4	4.5	4.5	4.5	0	0	0	0	0	0	0	0	0	0	0	0	0	0	104	99	0	35	30	0	0	7	7	5
33	11.5	3	1	8	3.5	3.5	3.5	4	4	4.5	4.5	4.5	0	0	0	0	0	0	0	0	0	0	0	0	0	100	100	0	20	20	0	0	8	8	5
34	11.5	3	1	9	3	3	3.5	3.5	3.5	4	4	4	4.5	0	0	0	0	0	0	0	0	0	0	0	0	107	102	0	15	10	0	0	9	9	5
35	11.5	3	1	10	3	3	3	3.5	3.5	3.5	4	4	4	4	0	0	0	0	0	0	0	0	0	0	0	113	0	0	10	0	0	0	0	10	5
36	11.5	2	1	1	9	0	0	0	0	0	0	0	0	0	0	0	0	0	0	0	0	0	0	0	0	0	50	50	0	50	50	1	1	0	5
37	11.5	2	1	2	6.5	7	0	0	0	0	0	0	0	0	0	0	0	0	0	0	0	0	0	0	0	61	61	61	50	50	50	2	2	2	5
38	11.5	2	1	3	5.5	5.5	6	0	0	0	0	0	0	0	0	0	0	0	0	0	0	0	0	0	0	73	73	73	50	50	50	3	3	3	5
39	11.5	2	1	4	4.5	4.5	5	5	0	0	0	0	0	0	0	0	0	0	0	0	0	0	0	0	0	84	84	69	50	50	35	4	4	4	5
40	11.5	2	1	5	4	4	4.5	4.5	4.5	0	0	0	0	0	0	0	0	0	0	0	0	0	0	0	0	81	81	60	35	35	15	5	5	5	5
41	11.5	2	1	6	3.5	3.5	4	4	4	4	0	0	0	0	0	0	0	0	0	0	0	0	0	0	0	87	87	0	30	30	0	0	6	6	5
42	11.5	2	1	7	3	3.5	3.5	3.5	4	4	4	0	0	0	0	0	0	0	0	0	0	0	0	0	0	89	84	0	20	15	0	0	7	7	5
43	11.5	2	1	8	3	3	3	3.5	3.5	3.5	3.5	3.5	0	0	0	0	0	0	0	0	0	0	0	0	0	95	0	0	15	0	0	0	0	8	5
44	11.5	1	1	1	9	0	0	0	0	0	0	0	0	0	0	0	0	0	0	0	0	0	0	0	0	0	50	50	0	50	50	1	1	0	5
45	11.5	1	1	2	6.5	7	0	0	0	0	0	0	0	0	0	0	0	0	0	0	0	0	0	0	0	61	61	61	50	50	50	2	2	2	5
46	11.5	1	1	3	5	5.5	5.5	0	0	0	0	0	0	0	0	0	0	0	0	0	0	0	0	0	0	73	73	73	50	50	50	3	3	3	5
47	11.5	1	1	4	4.5	4.5	5	5	0	0	0	0	0	0	0	0	0	0	0	0	0	0	0	0	0	74	74	64	40	40	30	4	4	4	5
48	11.5	1	1	5	4	4	4	4.5	4.5	0	0	0	0	0	0	0	0	0	0	0	0	0	0	0	0	76	76	61	30	30	15	5	5	5	5
49	11.5	1	1	6	3.5	3.5	3.5	4	4	4	0	0	0	0	0	0	0	0	0	0	0	0	0	0	0	82	82	0	25	25	0	0	6	6	5
50	11.5	1	1	7	3	3	3	3.5	3.5	3.5	3.5	0	0	0	0	0	0	0	0	0	0	0	0	0	0	89	0	0	20	0	0	0	0	7	5
51	11	3	1	1	9	0	0	0	0	0	0	0	0	0	0	0	0	0	0	0	0	0	0	0	0	0	50	50	0	50	50	1	1	0	5
52	11	3	1	2	8	8.5	0	0	0	0	0	0	0	0	0	0	0	0	0	0	0	0	0	0	0	61	61	61	50	50	50	2	2	2	5
53	11	3	1	3	6	6	6.5	0	0	0	0	0	0	0	0	0	0	0	0	0	0	0	0	0	0	72	72	72	50	50	50	3	3	3	5
54	11	3	1	4	5	5	5.5	5.5	0	0	0	0	0	0	0	0	0	0	0	0	0	0	0	0	0	83	83	83	50	50	50	4	4	4	5
55	11	3	1	5	4.5	4.5	5	5	5	0	0	0	0	0	0	0	0	0	0	0	0	0	0	0	0	94	94	79	50	50	35	5	5	5	5
56	11	3	1	6	4	4	4.5	4.5	4.5	5	0	0	0	0	0	0	0	0	0	0	0	0	0	0	0	105	105	75	50	50	20	6	6	6	5
57	11	3	1	7	3.5	3.5	4	4	4	4.5	4.5	0	0	0	0	0	0	0	0	0	0	0	0	0	0	111	106	0	45	40	0	0	7	7	5
58	11	3	1	8	3	3.5	3.5	3.5	4	4	4	4	0	0	0	0	0	0	0	0	0	0	0	0	0	112	97	0	35	20	0	0	8	8	5
59	11	3	1	9	3	3	3	3.5	3.5	3.5	4	4	4	0	0	0	0	0	0	0	0	0	0	0	0	118	98	0	30	10	0	0	9	9	5
60	11	3	1	10	3	3	3	3	3.5	3.5	3.5	4	4	4	0	0	0	0	0	0	0	0	0	0	0	109	0	0	10	0	0	0	0	10	5
61	11	2	1	1	9	0	0	0	0	0	0	0	0	0	0	0	0	0	0	0	0	0	0	0	0	0	50	50	0	50	50	1	1	0	5
62	11	2	1	2	7	7.5	0	0	0	0	0	0	0	0	0	0	0	0	0	0	0	0	0	0	0	61	61	61	50	50	50	2	2	2	5
63	11	2	1	3	5.5	6	6.5	0	0	0	0	0	0	0	0	0	0	0	0	0	0	0	0	0	0	72	72	72	50	50	50	3	3	3	5
64	11	2	1	4	4.5	5	5	5	0	0	0	0	0	0	0	0	0	0	0	0	0	0	0	0	0	83	83	73	50	50	40	4	4	4	5
65	11	2	1	5	4	4	4.5	4.5	4.5	0	0	0	0	0	0	0	0	0	0	0	0	0	0	0	0	84	84	64	40	40	20	5	5	5	5
66	11	2	1	6	3.5	3.5	4	4	4	4	0	0	0	0	0	0	0	0	0	0	0	0	0	0	0	90	90	0	35	35	0	0	6	6	5
67	11	2	1	7	3	3.5	3.5	3.5	3.5	4	4	0	0	0	0	0	0	0	0	0	0	0	0	0	0	96	86	0	30	20	0	0	7	7	5
68	11	2	1	8	3	3	3	3.5	3.5	3.5	3.5	3.5	0	0	0	0	0	0	0	0	0	0	0	0	0	97	0	0	20	0	0	0	0	8	5
69	11	1	1	1	9	0	0	0	0	0	0	0	0	0	0	0	0	0	0	0	0	0	0	0	0	0	50	50	0	50	50	1	1	0	5
70	11	1	1	2	7	7.5	0	0	0	0	0	0	0	0	0	0	0	0	0	0	0	0	0	0	0	61	61	61	50	50	50	2	2	2	5
71	11	1	1	3	5.5	6	6.5	0	0	0	0	0	0	0	0	0	0	0	0	0	0	0	0	0	0	62	62	57	40	40	35	3	3	3	5
72	11	1	1	4	4.5	5	5	5	0	0	0	0	0	0	0	0	0	0	0	0	0	0	0	0	0	73	73	63	40	40	30	4	4	4	5
73	11	1	1	5	4	4	4.5	4.5	4.5	0	0	0	0	0	0	0	0	0	0	0	0	0	0	0	0	79	79	59	30	30	15	5	5	5	5
74	11	1	1	6	3.5	3.5	4	4	4	4	0	0	0	0	0	0	0	0	0	0	0	0	0	0	0	85	80	0	30	25	0	0	6	6	5
75	11	1	1	7	3	3.5	3.5	3.5	4	4	4	0	0	0	0	0	0	0	0	0	0	0	0	0	0	81	76	0	15	10	0	0	7	7	5
76	11	1	1	8	3	3	3	3.5	3.5	3.5	3.5	3.5	0	0	0	0	0	0	0	0	0	0	0	0	0	87	0	0	10	0	0	0	0	8	5
77	10.5	3	1	1	9	0	0	0	0	0	0	0	0	0	0	0	0	0	0	0	0	0	0	0	0	0	50	50	0	50	50	1	1	0	5
78	10.5	3	1	2	8	8.5	0	0	0	0	0	0	0	0	0	0	0	0	0	0	0	0	0	0	0	60	60	60	50	50	50	2	2	2	5
79	10.5	3	1	3	6.5	7	7.5	0	0	0	0	0	0	0	0	0	0	0	0	0	0	0	0	0	0	71	71	71	50	50	50	3	3	3	5
80	10.5	3	1	4	5	5	5.5	5.5	0	0	0	0	0	0	0	0	0	0	0	0	0	0	0	0	0	81	81	81	50	50	50	4	4	4	5
81	10.5	3	1	5	4.5	4.5	4.5	5	5	0	0	0	0	0	0	0	0	0	0	0	0	0	0	0	0	92	92	82	50	50	40	5	5	5	5
82	10.5	3	1	6	4	4	4.5	4.5	4.5	5	0	0	0	0	0	0	0	0	0	0	0	0	0	0	0	102	102	77	50	50	25	6	6	6	5
83	10.5	3	1	7	3.5	4	4	4	4.5	5	5	0	0	0	0	0	0	0	0	0	0	0	0	0	0	103	103	73	40	40	10	7	7	7	5
84	10.5	3	1	8	3.5	3.5	3.5	4	4	4	4.5	4.5	0	0	0	0	0	0	0	0	0	0	0	0	0	108	98	0	35	25	0	0	8	8	5
85	10.5	3	1	9	3	3	3.5	3.5	3.5	4	4	4	4	0	0	0	0	0	0	0	0	0	0	0	0	114	99	0	30	15	0	0	9	9	5
86	10.5	3	1	10	3	3	3	3	3.5	3.5	3.5	3.5	3.5	3.5	0	0	0	0	0	0	0	0	0	0	0	114	0	0	20	0	0	0	0	10	5
87	10.5	3	1	11	2.5	2.5	2.5	3	3	3	3	3	3.5	3.5	3.5	0	0	0	0	0	0	0	0	0	0	115	0	0	10	0	0	0	0	11	5
88	10.5	2	1	1	9	0	0	0	0	0	0	0	0	0	0	0	0	0	0	0	0	0	0	0	0	0	50	50	0	50	50	1	1	0	5
89	10.5	2	1	2	7	7.5	0	0	0	0	0	0	0	0	0	0	0	0	0	0	0	0	0	0	0	60	60	60	50	50	50	2	2	2	5
90	10.5	2	1	3	5.5	6	6.5	0	0	0	0	0	0	0	0	0	0	0	0	0	0	0	0	0	0	71	71	71	50	50	50	3	3	3	5
91	10.5	2	1	4	4.5	5	5	5	0	0	0	0	0	0	0	0	0	0	0	0	0	0	0	0	0	81	81	76	50	50	45	4	4	4	5
92	10.5	2	1	5	4	4	4.5	4.5	4.5	0	0	0	0	0	0	0	0	0	0	0	0	0	0	0	0	92	87	67	50	45	25	5	5	5	5
93	10.5	2	1	6	3.5	3.5	3.5	4	4	4	0	0	0	0	0	0	0	0	0	0	0	0	0	0	0	97	87	0	45	35	0	0	6	6	5
94	10.5	2	1	7	3	3.5	3.5	3.5	4	4	4	0	0	0	0	0	0	0	0	0	0	0	0	0	0	103	88	0	35	25	0	0	7	7	5
95	10.5	2	1	8	3	3	3	3	3.5	3.5	3.5	3.5	0	0	0	0	0	0	0	0	0	0	0	0	0	103	0	0	30	0	0	0	0	8	5
96	10.5	2	1	9	2.5	3	3	3	3	3.5	3.5	3.5	3.5	0	0	0	0	0	0	0	0	0	0	0	0	94	0	0	10	0	0	0	0	9	5
97	10.5	1	1	1	9	0	0	0	0	0	0	0	0	0	0	0	0	0	0	0	0	0	0	0	0	0	50	50	0	50	50	1	1	0	5
98	10.5	1	1	2	7	7.5	0	0	0	0	0	0	0	0	0	0	0	0	0	0	0	0	0	0	0	60	60	60	50	50	50	2	2	2	5
99	10.5	1	1	3	5.5	6	6.5	0	0	0	0	0	0	0	0	0	0	0	0	0	0	0	0	0	0	71	71	71	50	50	50	3	3	3	5
100	10.5	1	1	4	4.5	5	5	5	0	0	0	0	0	0	0	0	0	0	0	0	0	0	0	0	0	71	71	71	40	40	40	4	4	4	5
101	10.5	1	1	5	4	4	4.5	4.5	4.5	0	0	0	0	0	0	0	0	0	0	0	0	0	0	0	0	82	72	62	40	35	20	5	5	5	5
102	10.5	1	1	6	3.5	3.5	4	4	4	4	0	0	0	0	0	0	0	0	0	0	0	0	0	0	0	87	82	0	35	30	0	0	6	6	5
103	10.5	1	1	7	3	3.5	3.5	3.5	4	4	4	0	0	0	0	0	0	0	0	0	0	0	0	0	0	83	83	0	20	20	0	0	7	7	5
104	10.5	1	1	8	3	3	3	3.5	3.5	3.5	3.5	3.5	0	0	0	0	0	0	0	0	0	0	0	0	0	93	0	0	20	0	0	0	0	8	5
105	10	3	1	1	9	0	0	0	0	0	0	0	0	0	0	0	0	0	0	0	0	0	0	0	0	0	50	50	0	50	50	1	1	0	5
106	10	3	1	2	8	8.5	0	0	0	0	0	0	0	0	0	0	0	0	0	0	0	0	0	0	0	60	60	60	50	50	50	2	2	2	5
107	10	3	1	3	6.5	7	7.5	0	0	0	0	0	0	0	0	0	0	0	0	0	0	0	0	0	0	70	70	70	50	50	50	3	3	3	5
108	10	3	1	4	5	5.5	5.5	6	0	0	0	0	0	0	0	0	0	0	0	0	0	0	0	0	0	80	80	80	50	50	50	4	4	4	5
109	10	3	1	5	4.5	4.5	4.5	5	5	0	0	0	0	0	0	0	0	0	0	0	0	0	0	0	0	90	90	85	50	50	45	5	5	5	5
110	10	3	1	6	4	4	4.5	4.5	4.5	5	0	0	0	0	0	0	0	0	0	0	0	0	0	0	0	100	100	80	50	50	30	6	6	6	5
111	10	3	1	7	3.5	4	4	4.5	4.5	5	5	0	0	0	0	0	0	0	0	0	0	0	0	0	0	100	100	80	40	40	20	7	7	7	5
112	10	3	1	8	3.5	3.5	3.5	4	4	4	4.5	4.5	0	0	0	0	0	0	0	0	0	0	0	0	0	105	105	0	35	35	0	0	8	8	5
113	10	3	1	9	3	3	3.5	3.5	3.5	4	4	4	4	0	0	0	0	0	0	0	0	0	0	0	0	110	100	0	30	20	0	0	9	9	5
114	10	3	1	10	3	3	3	3	3.5	3.5	3.5	3.5	3.5	3.5	0	0	0	0	0	0	0	0	0	0	0	120	0	0	30	0	0	0	0	10	5
115	10	3	1	11	2.5	2.5	2.5	3	3	3	3	3	3.5	3.5	3.5	0	0	0	0	0	0	0	0	0	0	120	0	0	20	0	0	0	0	11	5
116	10	2	1	1	9	0	0	0	0	0	0	0	0	0	0	0	0	0	0	0	0	0	0	0	0	0	50	50	0	50	50	1	1	0	5
117	10	2	1	2	8	8.5	0	0	0	0	0	0	0	0	0	0	0	0	0	0	0	0	0	0	0	60	60	60	50	50	50	2	2	2	5
118	10	2	1	3	5.5	6	6.5	0	0	0	0	0	0	0	0	0	0	0	0	0	0	0	0	0	0	70	70	70	50	50	50	3	3	3	5
119	10	2	1	4	4.5	5	5	5	0	0	0	0	0	0	0	0	0	0	0	0	0	0	0	0	0	80	80	75	50	50	45	4	4	4	5
120	10	2	1	5	4	4	4.5	4.5	4.5	0	0	0	0	0	0	0	0	0	0	0	0	0	0	0	0	90	90	65	50	50	25	5	5	5	5
121	10	2	1	6	3.5	3.5	3.5	4	4	4	0	0	0	0	0	0	0	0	0	0	0	0	0	0	0	100	90	0	50	40	0	0	6	6	5
122	10	2	1	7	3.5	3.5	3.5	3.5	4	4	4	0	0	0	0	0	0	0	0	0	0	0	0	0	0	95	80	0	35	20	0	0	7	7	5
123	10	2	1	8	3	3	3	3	3.5	3.5	3.5	3.5	0	0	0	0	0	0	0	0	0	0	0	0	0	100	0	0	30	0	0	0	0	8	5
124	10	2	1	9	3	3	3	3	3.5	3.5	3.5	3.5	3.5	0	0	0	0	0	0	0	0	0	0	0	0	90	0	0	10	0	0	0	0	9	5
125	10	1	1	1	9	0	0	0	0	0	0	0	0	0	0	0	0	0	0	0	0	0	0	0	0	0	50	50	0	50	50	1	1	0	5
126	10	1	1	2	7	7.5	0	0	0	0	0	0	0	0	0	0	0	0	0	0	0	0	0	0	0	60	60	60	50	50	50	2	2	2	5
127	10	1	1	3	5.5	6	6.5	0	0	0	0	0	0	0	0	0	0	0	0	0	0	0	0	0	0	60	60	60	40	40	40	3	3	3	5
128	10	1	1	4	4.5	5	5	5	0	0	0	0	0	0	0	0	0	0	0	0	0	0	0	0	0	70	70	70	40	40	40	4	4	4	5
129	10	1	1	5	4	4	4.5	4.5	4.5	0	0	0	0	0	0	0	0	0	0	0	0	0	0	0	0	80	75	60	40	35	20	5	5	5	5
130	10	1	1	6	3.5	3.5	3.5	4	4	4	0	0	0	0	0	0	0	0	0	0	0	0	0	0	0	90	85	0	40	35	0	0	6	6	5
131	10	1	1	7	3	3.5	3.5	3.5	4	4	4	0	0	0	0	0	0	0	0	0	0	0	0	0	0	80	80	0	20	20	0	0	7	7	5
132	10	1	1	8	3	3	3	3.5	3.5	3.5	3.5	3.5	0	0	0	0	0	0	0	0	0	0	0	0	0	90	0	0	20	0	0	0	0	8	5
133	9.5	3	1	1	9	0	0	0	0	0	0	0	0	0	0	0	0	0	0	0	0	0	0	0	0	0	50	50	0	50	50	1	1	0	5
134	9.5	3	1	2	8	8.5	0	0	0	0	0	0	0	0	0	0	0	0	0	0	0	0	0	0	0	60	60	60	50	50	50	2	2	2	5
135	9.5	3	1	3	6.5	7	7.5	0	0	0	0	0	0	0	0	0	0	0	0	0	0	0	0	0	0	69	69	69	50	50	50	3	3	3	5
136	9.5	3	1	4	5	5.5	5.5	6	0	0	0	0	0	0	0	0	0	0	0	0	0	0	0	0	0	78	78	78	50	50	50	4	4	4	5
137	9.5	3	1	5	4.5	4.5	5	5	5	0	0	0	0	0	0	0	0	0	0	0	0	0	0	0	0	88	88	83	50	50	45	5	5	5	5
138	9.5	3	1	6	4	4	4.5	4.5	4.5	5	0	0	0	0	0	0	0	0	0	0	0	0	0	0	0	97	97	82	50	50	35	6	6	6	5
139	9.5	3	1	7	3.5	4	4	4	4.5	4.5	4.5	0	0	0	0	0	0	0	0	0	0	0	0	0	0	102	102	77	45	45	20	7	7	7	5
140	9.5	3	1	8	3.5	3.5	3.5	3.5	4	4	4	4	0	0	0	0	0	0	0	0	0	0	0	0	0	111	101	0	45	35	0	0	8	8	5
141	9.5	3	1	9	3	3	3	3.5	3.5	3.5	4	4	4	0	0	0	0	0	0	0	0	0	0	0	0	115	100	0	40	25	0	0	9	9	5
142	9.5	3	1	10	2.5	3	3	3	3	3.5	3.5	3.5	3.5	3.5	0	0	0	0	0	0	0	0	0	0	0	120	0	0	35	0	0	0	0	10	5
143	9.5	3	1	11	2.5	2.5	2.5	3	3	3	3	3	3.5	3.5	3.5	0	0	0	0	0	0	0	0	0	0	120	0	0	25	0	0	0	0	11	5
144	9.5	3	1	12	2.5	2.5	2.5	3	3	3	3	3	3.5	3.5	3.5	3.5	0	0	0	0	0	0	0	0	0	114	0	0	10	0	0	0	0	12	5
145	9.5	2	1	1	9	0	0	0	0	0	0	0	0	0	0	0	0	0	0	0	0	0	0	0	0	0	50	50	0	50	50	1	1	0	5
146	9.5	2	1	2	8	8.5	0	0	0	0	0	0	0	0	0	0	0	0	0	0	0	0	0	0	0	59	59	59	50	50	50	2	2	2	5
147	9.5	2	1	3	5.5	6	6.5	0	0	0	0	0	0	0	0	0	0	0	0	0	0	0	0	0	0	69	69	69	50	50	50	3	3	3	5
148	9.5	2	1	4	4.5	5	5	5	0	0	0	0	0	0	0	0	0	0	0	0	0	0	0	0	0	78	78	78	50	50	50	4	4	4	5
149	9.5	2	1	5	4	4	4.5	4.5	4.5	0	0	0	0	0	0	0	0	0	0	0	0	0	0	0	0	87	87	68	50	50	30	5	5	5	5
150	9.5	2	1	6	3.5	3.5	4	4	4	4	0	0	0	0	0	0	0	0	0	0	0	0	0	0	0	97	92	57	50	45	10	6	6	6	5
151	9.5	2	1	7	3.5	3.5	3.5	4	4	4	4	0	0	0	0	0	0	0	0	0	0	0	0	0	0	86	81	0	30	25	0	0	7	7	5
152	9.5	2	1	8	3	3	3	3.5	3.5	3.5	3.5	3.5	0	0	0	0	0	0	0	0	0	0	0	0	0	96	76	0	30	10	0	0	8	8	5
153	9.5	2	1	9	3	3	3	3	3.5	3.5	3.5	3.5	3.5	0	0	0	0	0	0	0	0	0	0	0	0	91	0	0	15	0	0	0	0	9	5
154	9.5	2	1	10	2.5	2.5	3	3	3	3	3	3.5	3.5	3.5	0	0	0	0	0	0	0	0	0	0	0	95	0	0	10	0	0	0	0	10	5
155	9.5	1	1	1	9	0	0	0	0	0	0	0	0	0	0	0	0	0	0	0	0	0	0	0	0	0	50	50	0	50	50	1	1	0	5
156	9.5	1	1	2	7	7.5	0	0	0	0	0	0	0	0	0	0	0	0	0	0	0	0	0	0	0	59	59	59	50	50	50	2	2	2	5
157	9.5	1	1	3	5	5.5	5.5	0	0	0	0	0	0	0	0	0	0	0	0	0	0	0	0	0	0	69	69	69	50	50	50	3	3	3	5
158	9.5	1	1	4	4.5	4.5	4.5	5	0	0	0	0	0	0	0	0	0	0	0	0	0	0	0	0	0	78	78	73	50	50	45	4	4	4	5
159	9.5	1	1	5	3.5	4	4	4	4	0	0	0	0	0	0	0	0	0	0	0	0	0	0	0	0	47	47	57	50	50	20	5	5	5	5
160	9.5	1	1	6	3.5	3.5	3.5	3.5	4	4	0	0	0	0	0	0	0	0	0	0	0	0	0	0	0	87	87	57	40	40	10	6	6	6	5
161	9.5	1	1	7	3	3	3.5	3.5	3.5	3.5	3.5	0	0	0	0	0	0	0	0	0	0	0	0	0	0	96	76	0	40	20	0	0	7	7	5
162	9.5	1	1	8	3	3	3	3.5	3.5	3.5	3.5	3.5	0	0	0	0	0	0	0	0	0	0	0	0	0	86	0	0	20	0	0	0	0	8	5
163	9.5	1	1	9	2.5	3	3	3	3	3.5	3.5	3.5	3.5	0	0	0	0	0	0	0	0	0	0	0	0	86	0	0	10	0	0	0	0	9	5
164	9	3	1	1	9	0	0	0	0	0	0	0	0	0	0	0	0	0	0	0	0	0	0	0	0	0	50	50	0	50	50	1	1	0	5
165	9	3	1	2	8.5	9.5	0	0	0	0	0	0	0	0	0	0	0	0	0	0	0	0	0	0	0	59	59	59	50	50	50	2	2	2	5
166	9	3	1	3	7	7	7.5	0	0	0	0	0	0	0	0	0	0	0	0	0	0	0	0	0	0	68	68	68	50	50	50	3	3	3	5
167	9	3	1	4	5.5	6	6	6.5	0	0	0	0	0	0	0	0	0	0	0	0	0	0	0	0	0	77	77	77	50	50	50	4	4	4	5
168	9	3	1	5	4.5	5	5	5.5	6	0	0	0	0	0	0	0	0	0	0	0	0	0	0	0	0	85	85	85	50	50	50	5	5	5	5
169	9	3	1	6	4	4	4.5	4.5	5	5	0	0	0	0	0	0	0	0	0	0	0	0	0	0	0	95	95	85	50	50	40	6	6	6	5
170	9	3	1	7	3.5	4	4	4	4.5	4.5	4.5	0	0	0	0	0	0	0	0	0	0	0	0	0	0	105	105	80	50	50	25	7	7	7	5
171	9	3	1	8	3	3.5	3.5	3.5	4	4	4	4	0	0	0	0	0	0	0	0	0	0	0	0	0	110	105	70	50	45	10	8	8	8	5
172	9	3	1	9	3	3	3.5	3.5	3.5	4	4	4	4	0	0	0	0	0	0	0	0	0	0	0	0	110	100	0	40	30	0	0	9	9	5
173	9	3	1	10	3	3	3	3	3.5	3.5	3.5	4	4	4	0	0	0	0	0	0	0	0	0	0	0	110	100	0	30	20	0	0	10	10	5
174	9	3	1	11	2.5	3	3	3	3	3.5	3.5	3.5	3.5	4	4	0	0	0	0	0	0	0	0	0	0	110	100	0	20	10	0	0	11	11	5
175	9	3	1	12	2.5	2.5	2.5	3	3	3	3	3	3.5	3.5	3.5	3.5	0	0	0	0	0	0	0	0	0	120	0	0	20	0	0	0	0	12	5
176	9	3	1	13	2.5	2.5	2.5	2.5	2.5	3	3	3	3	3	3.5	3.5	3.5	0	0	0	0	0	0	0	0	120	0	0	10	0	0	0	0	13	5
177	9	2	1	1	9	0	0	0	0	0	0	0	0	0	0	0	0	0	0	0	0	0	0	0	0	0	50	50	0	50	50	1	1	0	5
178	9	2	1	2	7	7.5	0	0	0	0	0	0	0	0	0	0	0	0	0	0	0	0	0	0	0	59	59	59	50	50	50	2	2	2	5
179	9	2	1	3	5.5	6	6.5	0	0	0	0	0	0	0	0	0	0	0	0	0	0	0	0	0	0	68	68	68	50	50	50	3	3	3	5
180	9	2	1	4	5	5	5	5	0	0	0	0	0	0	0	0	0	0	0	0	0	0	0	0	0	77	77	77	50	50	50	4	4	4	5
181	9	2	1	5	4	4	4.5	4.5	4.5	0	0	0	0	0	0	0	0	0	0	0	0	0	0	0	0	86	86	71	50	50	35	5	5	5	5
182	9	2	1	6	3.5	3.5	3.5	4	4	4	0	0	0	0	0	0	0	0	0	0	0	0	0	0	0	95	95	55	50	50	10	6	6	6	5
183	9	2	1	7	3	3.5	3.5	3.5	3.5	4	4	0	0	0	0	0	0	0	0	0	0	0	0	0	0	94	89	0	40	35	0	0	7	7	5
184	9	2	1	8	3	3	3.5	3.5	3.5	3.5	3.5	4	0	0	0	0	0	0	0	0	0	0	0	0	0	93	83	0	30	20	0	0	8	8	5
185	9	2	1	9	3	3	3	3	3.5	3.5	3.5	3.5	3.5	0	0	0	0	0	0	0	0	0	0	0	0	92	0	0	20	0	0	0	0	9	5
186	9	2	1	10	2.5	2.5	3	3	3	3	3.5	3.5	3.5	3.5	0	0	0	0	0	0	0	0	0	0	0	91	0	0	10	0	0	0	0	10	5
187	9	1	1	1	9	0	0	0	0	0	0	0	0	0	0	0	0	0	0	0	0	0	0	0	0	0	50	50	0	50	50	1	1	0	5
188	9	1	1	2	7	7.5	0	0	0	0	0	0	0	0	0	0	0	0	0	0	0	0	0	0	0	59	59	59	50	50	50	2	2	2	5
189	9	1	1	3	5	5.5	5.5	0	0	0	0	0	0	0	0	0	0	0	0	0	0	0	0	0	0	68	68	68	50	50	50	3	3	3	5
190	9	1	1	4	4	4.5	4.5	5	0	0	0	0	0	0	0	0	0	0	0	0	0	0	0	0	0	77	77	67	50	50	40	4	4	4	5
191	9	1	1	5	3.5	4	4	4	4	0	0	0	0	0	0	0	0	0	0	0	0	0	0	0	0	86	86	56	50	50	20	5	5	5	5
192	9	1	1	6	3.5	3.5	3.5	3.5	4	4	0	0	0	0	0	0	0	0	0	0	0	0	0	0	0	85	85	55	40	40	10	6	6	6	5
193	9	1	1	7	3	3.5	3.5	3.5	3.5	3.5	3.5	0	0	0	0	0	0	0	0	0	0	0	0	0	0	84	84	0	30	30	0	0	7	7	5
194	9	1	1	8	3	3	3	3.5	3.5	3.5	3.5	3.5	0	0	0	0	0	0	0	0	0	0	0	0	0	83	73	0	20	10	0	0	8	8	5
195	9	1	1	9	2.5	3	3	3	3	3	3.5	3.5	3.5	0	0	0	0	0	0	0	0	0	0	0	0	82	0	0	10	0	0	0	0	9	5
196	8.5	3	1	1	9	0	0	0	0	0	0	0	0	0	0	0	0	0	0	0	0	0	0	0	0	0	50	50	0	50	50	1	1	0	5
197	8.5	3	1	2	8.5	9.5	0	0	0	0	0	0	0	0	0	0	0	0	0	0	0	0	0	0	0	59	59	59	50	50	50	2	2	2	5
198	8.5	3	1	3	7	7	7.5	0	0	0	0	0	0	0	0	0	0	0	0	0	0	0	0	0	0	67	67	67	50	50	50	3	3	3	5
199	8.5	3	1	4	5.5	6	6	6.5	0	0	0	0	0	0	0	0	0	0	0	0	0	0	0	0	0	76	76	76	50	50	50	4	4	4	5
200	8.5	3	1	5	4.5	5	5	5.5	6	0	0	0	0	0	0	0	0	0	0	0	0	0	0	0	0	85	85	85	50	50	50	5	5	5	5
201	8.5	3	1	6	4	4.5	4.5	4.5	5	5	0	0	0	0	0	0	0	0	0	0	0	0	0	0	0	93	93	83	50	50	40	6	6	6	5
202	8.5	3	1	7	3.5	4	4	4	4.5	4.5	4.5	0	0	0	0	0	0	0	0	0	0	0	0	0	0	102	102	82	50	50	25	7	7	7	5
203	8.5	3	1	8	3	3.5	3.5	3.5	4	4	4.5	4.5	0	0	0	0	0	0	0	0	0	0	0	0	0	110	110	80	50	50	10	8	8	8	5
204	8.5	3	1	9	3	3	3	3.5	3.5	3.5	3.5	4	4	0	0	0	0	0	0	0	0	0	0	0	0	118	108	0	50	40	0	0	9	9	5
205	8.5	3	1	10	2.5	3	3	3	3	3.5	3.5	3.5	3.5	3.5	0	0	0	0	0	0	0	0	0	0	0	127	95	0	50	20	0	0	10	10	5
206	8.5	3	1	11	2.5	2.5	3	3	3	3	3.5	3.5	3.5	3.5	4	0	0	0	0	0	0	0	0	0	0	120	100	0	40	15	0	0	11	11	5
207	8.5	3	1	12	2.5	2.5	2.5	3	3	3	3	3	3.5	3.5	3.5	3.5	0	0	0	0	0	0	0	0	0	120	0	0	30	0	0	0	0	12	5
208	8.5	3	1	13	2.5	2.5	2.5	2.5	2.5	3	3	3	3	3	3.5	3.5	3.5	0	0	0	0	0	0	0	0	120	0	0	20	0	0	0	0	13	5
209	8.5	2	1	1	9	0	0	0	0	0	0	0	0	0	0	0	0	0	0	0	0	0	0	0	0	0	50	50	0	50	50	1	1	0	5
210	8.5	2	1	2	7.5	8	0	0	0	0	0	0	0	0	0	0	0	0	0	0	0	0	0	0	0	59	59	59	50	50	50	2	2	2	5
211	8.5	2	1	3	5.5	6	6	0	0	0	0	0	0	0	0	0	0	0	0	0	0	0	0	0	0	67	67	67	50	50	50	3	3	3	5
212	8.5	2	1	4	4.5	5	5	5.5	0	0	0	0	0	0	0	0	0	0	0	0	0	0	0	0	0	76	76	76	50	50	50	4	4	4	5
213	8.5	2	1	5	4	4	4.5	4.5	4.5	0	0	0	0	0	0	0	0	0	0	0	0	0	0	0	0	84	84	69	50	50	35	5	5	5	5
214	8.5	2	1	6	3.5	3.5	4	4	4	4	0	0	0	0	0	0	0	0	0	0	0	0	0	0	0	93	93	58	50	50	15	6	6	6	5
215	8.5	2	1	7	3	3.5	3.5	3.5	3.5	4	4	0	0	0	0	0	0	0	0	0	0	0	0	0	0	91	91	61	40	40	10	7	7	7	5
216	8.5	2	1	8	3	3	3	3.5	3.5	3.5	3.5	4	0	0	0	0	0	0	0	0	0	0	0	0	0	90	90	0	30	30	0	0	8	8	5
217	8.5	2	1	9	3	3	3	3	3.5	3.5	3.5	3.5	3.5	0	0	0	0	0	0	0	0	0	0	0	0	88	78	0	20	10	0	0	9	9	5
218	8.5	2	1	10	2.5	3	3	3	3	3	3.5	3.5	3.5	3.5	0	0	0	0	0	0	0	0	0	0	0	86	0	0	10	0	0	0	0	10	5
219	8.5	1	1	1	9	0	0	0	0	0	0	0	0	0	0	0	0	0	0	0	0	0	0	0	0	0	50	50	0	50	50	1	1	0	5
220	8.5	1	1	2	7	7	0	0	0	0	0	0	0	0	0	0	0	0	0	0	0	0	0	0	0	59	59	59	50	50	50	2	2	2	5
221	8.5	1	1	3	5	5.5	6	0	0	0	0	0	0	0	0	0	0	0	0	0	0	0	0	0	0	67	67	67	50	50	50	3	3	3	5
222	8.5	1	1	4	4.5	4.5	4.5	5	0	0	0	0	0	0	0	0	0	0	0	0	0	0	0	0	0	76	76	76	50	50	50	4	4	4	5
223	8.5	1	1	5	3.5	4	4	4	4	0	0	0	0	0	0	0	0	0	0	0	0	0	0	0	0	84	84	59	50	50	25	5	5	5	5
224	8.5	1	1	6	3.5	3.5	3.5	3.5	4	4	0	0	0	0	0	0	0	0	0	0	0	0	0	0	0	83	83	58	40	40	15	6	6	6	5
225	8.5	1	1	7	3	3	3.5	3.5	3.5	3.5	4	0	0	0	0	0	0	0	0	0	0	0	0	0	0	81	81	0	30	30	0	0	7	7	5
226	8.5	1	1	8	3	3	3	3.5	3.5	3.5	3.5	3.5	0	0	0	0	0	0	0	0	0	0	0	0	0	80	70	0	20	10	0	0	8	8	5
227	8.5	1	1	9	3	3	3	3	3	3	3.5	3.5	3.5	0	0	0	0	0	0	0	0	0	0	0	0	78	0	0	10	0	0	0	0	9	5
228	8	3	1	1	9	0	0	0	0	0	0	0	0	0	0	0	0	0	0	0	0	0	0	0	0	0	50	50	0	50	50	1	1	0	5
229	8	3	1	2	8.5	9.5	0	0	0	0	0	0	0	0	0	0	0	0	0	0	0	0	0	0	0	66	66	66	50	50	50	2	2	2	5
230	8	3	1	3	6.5	7	7.5	0	0	0	0	0	0	0	0	0	0	0	0	0	0	0	0	0	0	74	74	74	50	50	50	3	3	3	5
231	8	3	1	4	5.5	5.5	6	6.5	0	0	0	0	0	0	0	0	0	0	0	0	0	0	0	0	0	82	82	82	50	50	50	4	4	4	5
232	8	3	1	5	4.5	5	5	5.5	5.5	0	0	0	0	0	0	0	0	0	0	0	0	0	0	0	0	90	90	90	50	50	50	5	5	5	5
233	8	3	1	6	4	4	4.5	4.5	4.5	5	0	0	0	0	0	0	0	0	0	0	0	0	0	0	0	98	98	88	50	50	40	6	6	6	5
234	8	3	1	7	3.5	3.5	4	4	4	4.5	4.5	0	0	0	0	0	0	0	0	0	0	0	0	0	0	106	106	81	50	50	25	7	7	7	5
235	8	3	1	8	3	3.5	3.5	3.5	4	4	4	4	0	0	0	0	0	0	0	0	0	0	0	0	0	114	109	74	50	45	10	8	8	8	5
236	8	3	1	9	3	3	3	3.5	3.5	3.5	3.5	3.5	4	0	0	0	0	0	0	0	0	0	0	0	0	122	107	0	50	35	0	0	9	9	5
237	8	3	1	10	2.5	3	3	3	3	3	3.5	3.5	3.5	3.5	0	0	0	0	0	0	0	0	0	0	0	130	95	0	50	20	0	0	10	10	5
238	8	3	1	11	2.5	2.5	2.5	3	3	3	3	3	3.5	3.5	3.5	0	0	0	0	0	0	0	0	0	0	125	98	0	40	10	0	0	11	11	5
239	8	3	1	12	2.5	2.5	2.5	2.5	3	3	3	3	3	3	3.5	3.5	0	0	0	0	0	0	0	0	0	120	0	0	25	0	0	0	0	12	5
240	8	3	1	13	2.5	2.5	2.5	2.5	2.5	3	3	3	3	3	3	3.5	3.5	0	0	0	0	0	0	0	0	120	0	0	15	0	0	0	0	13	5
241	8	2	1	1	9	0	0	0	0	0	0	0	0	0	0	0	0	0	0	0	0	0	0	0	0	0	50	50	0	50	50	1	1	0	5
242	8	2	1	2	7.5	8	0	0	0	0	0	0	0	0	0	0	0	0	0	0	0	0	0	0	0	58	58	58	50	50	50	2	2	2	5
243	8	2	1	3	6	6	6.5	0	0	0	0	0	0	0	0	0	0	0	0	0	0	0	0	0	0	66	66	66	50	50	50	3	3	3	5
244	8	2	1	4	4.5	5	5	5.5	0	0	0	0	0	0	0	0	0	0	0	0	0	0	0	0	0	74	74	74	50	50	50	4	4	4	5
245	8	2	1	5	4	4	4.5	4.5	4.5	0	0	0	0	0	0	0	0	0	0	0	0	0	0	0	0	82	82	72	50	50	40	5	5	5	5
246	8	2	1	6	3.5	3.5	4	4	4	4	0	0	0	0	0	0	0	0	0	0	0	0	0	0	0	90	90	60	50	50	20	6	6	6	5
247	8	2	1	7	3	3	3.5	3.5	3.5	3.5	4	0	0	0	0	0	0	0	0	0	0	0	0	0	0	98	88	58	50	40	10	7	7	7	5
248	8	2	1	8	3	3	3	3.5	3.5	3.5	3.5	3.5	0	0	0	0	0	0	0	0	0	0	0	0	0	96	86	0	40	30	0	0	8	8	5
249	8	2	1	9	2.5	3	3	3	3	3.5	3.5	3.5	3.5	0	0	0	0	0	0	0	0	0	0	0	0	94	79	0	30	15	0	0	9	9	5
250	8	2	1	10	2.5	3	3	3	3	3	3.5	3.5	3.5	3.5	0	0	0	0	0	0	0	0	0	0	0	92	0	0	20	0	0	0	0	10	5
251	8	2	1	11	2.5	2.5	2.5	3	3	3	3	3	3	3	3.5	0	0	0	0	0	0	0	0	0	0	90	0	0	10	0	0	0	0	11	5
252	8	1	1	1	9	0	0	0	0	0	0	0	0	0	0	0	0	0	0	0	0	0	0	0	0	0	50	50	0	50	50	1	1	0	5
253	8	1	1	2	7	7.5	0	0	0	0	0	0	0	0	0	0	0	0	0	0	0	0	0	0	0	58	58	58	50	50	50	2	2	2	5
254	8	1	1	3	5	5.5	5.5	0	0	0	0	0	0	0	0	0	0	0	0	0	0	0	0	0	0	66	66	66	50	50	50	3	3	3	5
255	8	1	1	4	4.5	4.5	4.5	5	0	0	0	0	0	0	0	0	0	0	0	0	0	0	0	0	0	74	74	74	50	50	50	4	4	4	5
256	8	1	1	5	3.5	4	4	4	4	0	0	0	0	0	0	0	0	0	0	0	0	0	0	0	0	82	82	62	50	50	30	5	5	5	5
257	8	1	1	6	3.5	3.5	3.5	3.5	3.5	4	0	0	0	0	0	0	0	0	0	0	0	0	0	0	0	90	90	36	50	50	20	6	6	6	5
258	8	1	1	7	3	3	3.5	3.5	3.5	3.5	3.5	0	0	0	0	0	0	0	0	0	0	0	0	0	0	88	78	0	40	30	0	0	7	7	5
259	8	1	1	8	3	3	3	3	3	3.5	3.5	3.5	0	0	0	0	0	0	0	0	0	0	0	0	0	86	76	0	30	20	0	0	8	8	5
260	8	1	1	9	2.5	3	3	3	3	3	3	3.5	3.5	0	0	0	0	0	0	0	0	0	0	0	0	84	74	0	20	10	0	0	9	9	5
261	8	1	1	10	2.5	2.5	2.5	3	3	3	3	3	3.5	3.5	0	0	0	0	0	0	0	0	0	0	0	82	0	0	10	0	0	0	0	10	5
262	7.5	3	1	1	9	0	0	0	0	0	0	0	0	0	0	0	0	0	0	0	0	0	0	0	0	0	50	50	0	50	50	1	1	0	5
263	7.5	3	1	2	8.5	9.5	0	0	0	0	0	0	0	0	0	0	0	0	0	0	0	0	0	0	0	57	57	57	50	50	50	2	2	2	5
264	7.5	3	1	3	6.5	7	7.5	0	0	0	0	0	0	0	0	0	0	0	0	0	0	0	0	0	0	65	65	65	50	50	50	3	3	3	5
265	7.5	3	1	4	5.5	5.5	6	6.5	0	0	0	0	0	0	0	0	0	0	0	0	0	0	0	0	0	73	73	73	50	50	50	4	4	4	5
266	7.5	3	1	5	4.5	5	5	5.5	5.5	0	0	0	0	0	0	0	0	0	0	0	0	0	0	0	0	80	80	80	50	50	50	5	5	5	5
267	7.5	3	1	6	4	4.5	4.5	4.5	5	5	0	0	0	0	0	0	0	0	0	0	0	0	0	0	0	88	88	88	50	50	50	6	6	6	5
268	7.5	3	1	7	3.5	3.5	4	4	4	4.5	4.5	0	0	0	0	0	0	0	0	0	0	0	0	0	0	95	95	85	50	50	40	7	7	7	5
269	7.5	3	1	8	3	3.5	3.5	3.5	4	4	4	4	0	0	0	0	0	0	0	0	0	0	0	0	0	103	103	77	50	50	25	8	8	8	5
270	7.5	3	1	9	3	3	3	3.5	3.5	3.5	3.5	3.5	4	0	0	0	0	0	0	0	0	0	0	0	0	110	110	70	50	50	10	9	9	9	5
271	7.5	3	1	10	2.5	3	3	3	3	3	3.5	3.5	3.5	3.5	0	0	0	0	0	0	0	0	0	0	0	117	103	0	50	35	0	0	10	10	5
272	7.5	3	1	11	2.5	2.5	2.5	3	3	3	3	3	3.5	3.5	3.5	0	0	0	0	0	0	0	0	0	0	133	100	0	50	25	0	0	11	11	5
273	7.5	3	1	12	2.5	2.5	2.5	2.5	3	3	3	3	3	3	3.5	3.5	0	0	0	0	0	0	0	0	0	123	93	0	40	10	0	0	12	12	5
274	7.5	3	1	13	2.5	2.5	2.5	2.5	2.5	3	3	3	3	3	3	3.5	3.5	0	0	0	0	0	0	0	0	115	0	0	25	0	0	0	0	13	5
275	7.5	3	1	14	2.5	2.5	2.5	2.5	2.5	3	3	3	3	3	3	3.5	3.5	0	0	0	0	0	0	0	0	108	0	0	10	0	0	0	0	14	5
276	7.5	2	1	1	9	0	0	0	0	0	0	0	0	0	0	0	0	0	0	0	0	0	0	0	0	0	50	50	0	50	50	1	1	0	5
277	7.5	2	1	2	7.5	8	0	0	0	0	0	0	0	0	0	0	0	0	0	0	0	0	0	0	0	58	58	58	50	50	50	2	2	2	5
278	7.5	2	1	3	5.5	6	6	0	0	0	0	0	0	0	0	0	0	0	0	0	0	0	0	0	0	65	65	65	50	50	50	3	3	3	5
279	7.5	2	1	4	4.5	5	5	5.5	0	0	0	0	0	0	0	0	0	0	0	0	0	0	0	0	0	73	73	73	50	50	50	4	4	4	5
280	7.5	2	1	5	4	4	4.5	4.5	4.5	0	0	0	0	0	0	0	0	0	0	0	0	0	0	0	0	80	80	70	50	50	40	5	5	5	5
281	7.5	2	1	6	3.5	4	4	4	4	4	0	0	0	0	0	0	0	0	0	0	0	0	0	0	0	88	88	63	50	50	25	6	6	6	5
282	7.5	2	1	7	3	3.5	3.5	3.5	3.5	3.5	4.5	0	0	0	0	0	0	0	0	0	0	0	0	0	0	95	95	60	50	50	15	7	7	7	5
283	7.5	2	1	8	3	3	3.5	3.5	3.5	3.5	3.5	3.5	0	0	0	0	0	0	0	0	0	0	0	0	0	93	83	0	40	30	0	0	8	8	5
284	7.5	2	1	9	3	3	3	3	3	3.5	3.5	3.5	3.5	0	0	0	0	0	0	0	0	0	0	0	0	90	80	0	30	20	0	0	9	9	5
285	7.5	2	1	10	2.5	3	3	3	3	3	3	3.5	3.5	3.5	0	0	0	0	0	0	0	0	0	0	0	88	0	0	20	0	0	0	0	10	5
286	7.5	2	1	11	2.5	2.5	2.5	3	3	3	3	3	3.5	3.5	3.5	0	0	0	0	0	0	0	0	0	0	85	0	0	10	0	0	0	0	11	5
287	7.5	1	1	1	9	0	0	0	0	0	0	0	0	0	0	0	0	0	0	0	0	0	0	0	0	0	50	50	0	50	50	1	1	0	5
288	7.5	1	1	2	7	7.5	0	0	0	0	0	0	0	0	0	0	0	0	0	0	0	0	0	0	0	58	58	58	50	50	50	2	2	2	5
289	7.5	1	1	3	5.5	5.5	6	0	0	0	0	0	0	0	0	0	0	0	0	0	0	0	0	0	0	65	65	65	50	50	50	3	3	3	5
290	7.5	1	1	4	4.5	4.5	4.5	5	0	0	0	0	0	0	0	0	0	0	0	0	0	0	0	0	0	73	73	73	50	50	50	4	4	4	5
291	7.5	1	1	5	4	4	4	4	4	0	0	0	0	0	0	0	0	0	0	0	0	0	0	0	0	80	80	60	50	50	30	5	5	5	5
292	7.5	1	1	6	3.5	3.5	3.5	3.5	3.5	4	0	0	0	0	0	0	0	0	0	0	0	0	0	0	0	88	88	58	50	50	20	6	6	6	5
293	7.5	1	1	7	3	3	3	3	3.5	3.5	3.5	0	0	0	0	0	0	0	0	0	0	0	0	0	0	95	85	0	50	40	0	0	7	7	5
294	7.5	1	1	8	3	3	3	3	3	3	3	3.5	0	0	0	0	0	0	0	0	0	0	0	0	0	93	78	0	40	25	0	0	8	8	5
295	7.5	1	1	9	2.5	3	3	3	3	3	3	3	3.5	0	0	0	0	0	0	0	0	0	0	0	0	90	70	0	30	10	0	0	9	9	5
296	7.5	1	1	10	2.5	2.5	3	3	3	3	3	3	3	3	0	0	0	0	0	0	0	0	0	0	0	88	0	0	20	0	0	0	0	10	5
297	7.5	1	1	11	2.5	2.5	2.5	3	3	3	3	3	3	3	3	0	0	0	0	0	0	0	0	0	0	85	0	0	10	0	0	0	0	11	5
298	7	3	1	1	9	0	0	0	0	0	0	0	0	0	0	0	0	0	0	0	0	0	0	0	0	0	50	50	0	50	50	1	1	0	5
299	7	3	1	2	8.5	9.5	0	0	0	0	0	0	0	0	0	0	0	0	0	0	0	0	0	0	0	57	57	57	50	50	50	2	2	2	5
300	7	3	1	3	7	7.5	7.5	0	0	0	0	0	0	0	0	0	0	0	0	0	0	0	0	0	0	64	64	64	50	50	50	3	3	3	5
301	7	3	1	4	5.5	6	6.5	6.5	0	0	0	0	0	0	0	0	0	0	0	0	0	0	0	0	0	71	71	71	50	50	50	4	4	4	5
302	7	3	1	5	5	5	5.5	5.5	5.5	0	0	0	0	0	0	0	0	0	0	0	0	0	0	0	0	78	78	78	50	50	50	5	5	5	5
303	7	3	1	6	4	4.5	4.5	5	5	5	0	0	0	0	0	0	0	0	0	0	0	0	0	0	0	85	85	85	50	50	50	6	6	6	5
304	7	3	1	7	4	4	4	4.5	4.5	4.5	4.5	0	0	0	0	0	0	0	0	0	0	0	0	0	0	92	92	82	50	50	40	7	7	7	5
305	7	3	1	8	3.5	3.5	3.5	3.5	4	4	4.5	4.5	0	0	0	0	0	0	0	0	0	0	0	0	0	99	99	79	50	50	30	8	8	8	5
306	7	3	1	9	3	3	3.5	3.5	3.5	3.5	4	4	4	0	0	0	0	0	0	0	0	0	0	0	0	106	106	66	50	50	10	9	9	9	5
307	7	3	1	10	3	3	3	3	3.5	3.5	3.5	3.5	3.5	3.5	0	0	0	0	0	0	0	0	0	0	0	113	98	0	50	35	0	0	10	10	5
308	7	3	1	11	2.5	2.5	2.5	3	3	3	3	3	3.5	3.5	3.5	0	0	0	0	0	0	0	0	0	0	120	100	0	50	30	0	0	11	11	5
309	7	3	1	12	2.5	2.5	2.5	2.5	3	3	3	3	3	3	3.5	3.5	0	0	0	0	0	0	0	0	0	117	97	0	40	20	0	0	12	12	5
310	7	3	1	13	2.5	2.5	2.5	2.5	2.5	3	3	3	3	3	3.5	3.5	3.5	0	0	0	0	0	0	0	0	114	94	0	30	10	0	0	13	13	5
311	7	3	1	14	2.5	2.5	2.5	2.5	2.5	2.5	3	3	3	3	3	3	3.5	0	0	0	0	0	0	0	0	111	0	0	20	0	0	0	0	14	5
312	7	3	1	15	2.5	2.5	2.5	2.5	2.5	2.5	2.5	3	3	3	3	3	3	3	3	0	0	0	0	0	0	108	0	0	10	0	0	0	0	15	5
313	7	2	1	1	9	0	0	0	0	0	0	0	0	0	0	0	0	0	0	0	0	0	0	0	0	0	50	50	0	50	50	1	1	0	5
314	7	2	1	2	7.5	7.5	0	0	0	0	0	0	0	0	0	0	0	0	0	0	0	0	0	0	0	57	57	57	50	50	50	2	2	2	5
315	7	2	1	3	5.5	6	6	0	0	0	0	0	0	0	0	0	0	0	0	0	0	0	0	0	0	64	64	64	50	50	50	3	3	3	5
316	7	2	1	4	4.5	5	5	5	0	0	0	0	0	0	0	0	0	0	0	0	0	0	0	0	0	71	71	71	50	50	50	4	4	4	5
317	7	2	1	5	4	4	4.5	4.5	4.5	0	0	0	0	0	0	0	0	0	0	0	0	0	0	0	0	78	78	68	50	50	40	5	5	5	5
318	7	2	1	6	3.5	3.5	4	4	4	4	0	0	0	0	0	0	0	0	0	0	0	0	0	0	0	85	85	65	50	50	30	6	6	6	5
319	7	2	1	7	3	3.5	3.5	3.5	3.5	3.5	4	0	0	0	0	0	0	0	0	0	0	0	0	0	0	92	92	62	50	50	20	7	7	7	5
320	7	2	1	8	3	3	3	3	3	3.5	3.5	3.5	0	0	0	0	0	0	0	0	0	0	0	0	0	99	89	0	50	40	0	0	8	8	5
321	7	2	1	9	3	3	3	3	3	3	3	3.5	3.5	0	0	0	0	0	0	0	0	0	0	0	0	96	86	0	40	30	0	0	9	9	5
322	7	2	1	10	2.5	2.5	3	3	3	3	3	3	3.5	3.5	0	0	0	0	0	0	0	0	0	0	0	94	84	0	30	20	0	0	10	10	5
323	7	2	1	11	2.5	2.5	2.5	3	3	3	3	3	3.5	3.5	3.5	0	0	0	0	0	0	0	0	0	0	85	0	0	20	0	0	0	0	11	5
324	7	1	1	1	9	0	0	0	0	0	0	0	0	0	0	0	0	0	0	0	0	0	0	0	0	0	50	50	0	50	50	1	1	0	5
325	7	1	1	2	7	7.5	0	0	0	0	0	0	0	0	0	0	0	0	0	0	0	0	0	0	0	57	57	57	50	50	50	2	2	2	5
326	7	1	1	3	5.5	5.5	5.5	0	0	0	0	0	0	0	0	0	0	0	0	0	0	0	0	0	0	64	64	64	50	50	50	3	3	3	5
327	7	1	1	4	4.5	4.5	4.5	5	0	0	0	0	0	0	0	0	0	0	0	0	0	0	0	0	0	71	71	71	50	50	50	4	4	4	5
328	7	1	1	5	4	4	4	4	4.5	0	0	0	0	0	0	0	0	0	0	0	0	0	0	0	0	78	78	68	50	50	40	5	5	5	5
329	7	1	1	6	3.5	3.5	3.5	3.5	3.5	4	0	0	0	0	0	0	0	0	0	0	0	0	0	0	0	85	85	60	50	50	25	6	6	6	5
330	7	1	1	7	3	3	3	3	3.5	3.5	3.5	0	0	0	0	0	0	0	0	0	0	0	0	0	0	92	82	52	50	40	10	7	7	7	5
331	7	1	1	8	3	3	3	3	3	3	3.5	3.5	0	0	0	0	0	0	0	0	0	0	0	0	0	89	79	0	40	30	0	0	8	8	5
332	7	1	1	9	2.5	3	3	3	3	3	3	3	3.5	0	0	0	0	0	0	0	0	0	0	0	0	86	76	0	30	20	0	0	9	9	5
333	7	1	1	10	2.5	2.5	3	3	3	3	3	3	3	3.5	0	0	0	0	0	0	0	0	0	0	0	83	73	0	20	10	0	0	10	10	5
334	7	1	1	11	2.5	2.5	2.5	3	3	3	3	3	3	3	3	0	0	0	0	0	0	0	0	0	0	80	0	0	10	0	0	0	0	11	5
335	6.5	3	1	1	9	0	0	0	0	0	0	0	0	0	0	0	0	0	0	0	0	0	0	0	0	0	50	50	0	50	50	1	1	0	5
336	6.5	3	1	2	8.5	9.5	0	0	0	0	0	0	0	0	0	0	0	0	0	0	0	0	0	0	0	57	57	57	50	50	50	2	2	2	5
337	6.5	3	1	3	7	7.5	8	0	0	0	0	0	0	0	0	0	0	0	0	0	0	0	0	0	0	63	63	63	50	50	50	3	3	3	5
338	6.5	3	1	4	5.5	6	6.5	6.5	0	0	0	0	0	0	0	0	0	0	0	0	0	0	0	0	0	70	70	70	50	50	50	4	4	4	5
339	6.5	3	1	5	5	5	5.5	5.5	6	0	0	0	0	0	0	0	0	0	0	0	0	0	0	0	0	76	76	76	50	50	50	5	5	5	5
340	6.5	3	1	6	4.5	4.5	4.5	5	5	5	0	0	0	0	0	0	0	0	0	0	0	0	0	0	0	82	82	82	50	50	50	6	6	6	5
341	6.5	3	1	7	4	4	4	4.5	4.5	4.5	4.5	0	0	0	0	0	0	0	0	0	0	0	0	0	0	89	89	79	50	50	40	7	7	7	5
342	6.5	3	1	8	3.5	3.5	4	4	4	4	4	4.5	0	0	0	0	0	0	0	0	0	0	0	0	0	96	96	76	50	50	30	8	8	8	5
343	6.5	3	1	9	3	3.5	3.5	3.5	3.5	3.5	4	4	4	0	0	0	0	0	0	0	0	0	0	0	0	102	102	72	50	50	20	9	9	9	5
344	6.5	3	1	10	3	3	3	3.5	3.5	3.5	3.5	3.5	3.5	4	0	0	0	0	0	0	0	0	0	0	0	108	108	68	50	50	10	10	10	10	5
345	6.5	3	1	11	2.5	3	3	3	3	3	3	3.5	3.5	3.5	3.5	0	0	0	0	0	0	0	0	0	0	115	100	0	50	35	0	0	11	11	5
346	6.5	3	1	12	2.5	2.5	2.5	2.5	3	3	3	3	3	3	3.5	3.5	0	0	0	0	0	0	0	0	0	121	101	0	50	30	0	0	12	12	5
347	6.5	3	1	13	2.5	2.5	2.5	2.5	2.5	2.5	3	3	3	3	3	3.5	3.5	0	0	0	0	0	0	0	0	118	98	0	40	20	0	0	13	13	5
348	6.5	3	1	14	2.5	2.5	2.5	2.5	2.5	2.5	3	3	3	3	3	3	3.5	0	0	0	0	0	0	0	0	114	94	0	30	10	0	0	14	14	5
349	6.5	3	1	15	2.5	2.5	2.5	2.5	2.5	2.5	2.5	3	3	3	3	3	3	3	3	0	0	0	0	0	0	111	0	0	20	0	0	0	0	15	5
350	6.5	2	1	1	9	0	0	0	0	0	0	0	0	0	0	0	0	0	0	0	0	0	0	0	0	0	50	50	0	50	50	1	1	0	5
351	6.5	2	1	2	7.5	8	0	0	0	0	0	0	0	0	0	0	0	0	0	0	0	0	0	0	0	57	57	57	50	50	50	2	2	2	5
352	6.5	2	1	3	6	6	6.5	0	0	0	0	0	0	0	0	0	0	0	0	0	0	0	0	0	0	63	63	63	50	50	50	3	3	3	5
353	6.5	2	1	4	5	5	5	5.5	0	0	0	0	0	0	0	0	0	0	0	0	0	0	0	0	0	70	70	70	50	50	50	4	4	4	5
354	6.5	2	1	5	4.5	4.5	4.5	4.5	4.5	0	0	0	0	0	0	0	0	0	0	0	0	0	0	0	0	76	76	76	50	50	50	5	5	5	5
355	6.5	2	1	6	3.5	4	4	4	4	4.5	0	0	0	0	0	0	0	0	0	0	0	0	0	0	0	83	83	73	50	50	40	6	6	6	5
356	6.5	2	1	7	3.5	3.5	3.5	3.5	3.5	4	4	0	0	0	0	0	0	0	0	0	0	0	0	0	0	89	89	64	50	50	25	7	7	7	5
357	6.5	2	1	8	3	3	3	3.5	3.5	3.5	3.5	3.5	0	0	0	0	0	0	0	0	0	0	0	0	0	96	86	56	50	40	10	8	8	8	5
358	6.5	2	1	9	3	3	3	3	3	3.5	3.5	3.5	3.5	0	0	0	0	0	0	0	0	0	0	0	0	92	82	0	40	30	0	0	9	9	5
359	6.5	2	1	10	2.5	3	3	3	3	3	3	3.5	3.5	3.5	0	0	0	0	0	0	0	0	0	0	0	89	79	0	30	20	0	0	10	10	5
360	6.5	2	1	11	2.5	2.5	2.5	3	3	3	3	3	3.5	3.5	3.5	0	0	0	0	0	0	0	0	0	0	85	75	0	20	10	0	0	11	11	5
361	6.5	2	1	12	2.5	2.5	2.5	2.5	3	3	3	3	3	3	3	3	0	0	0	0	0	0	0	0	0	82	0	0	10	0	0	0	0	12	5
362	6.5	1	1	1	9	0	0	0	0	0	0	0	0	0	0	0	0	0	0	0	0	0	0	0	0	0	50	50	0	50	50	1	1	0	5
363	6.5	1	1	2	7	7.5	0	0	0	0	0	0	0	0	0	0	0	0	0	0	0	0	0	0	0	57	57	57	50	50	50	2	2	2	5
364	6.5	1	1	3	5.5	5.5	5.5	0	0	0	0	0	0	0	0	0	0	0	0	0	0	0	0	0	0	63	63	63	50	50	50	3	3	3	5
365	6.5	1	1	4	4.5	4.5	4.5	5	0	0	0	0	0	0	0	0	0	0	0	0	0	0	0	0	0	70	70	70	50	50	50	4	4	4	5
366	6.5	1	1	5	4	4	4	4	4.5	0	0	0	0	0	0	0	0	0	0	0	0	0	0	0	0	76	76	71	50	50	45	5	5	5	5
367	6.5	1	1	6	3.5	3.5	3.5	3.5	3.5	4	0	0	0	0	0	0	0	0	0	0	0	0	0	0	0	83	83	63	50	50	25	6	6	6	5
368	6.5	1	1	7	3	3	3	3	3.5	3.5	3.5	0	0	0	0	0	0	0	0	0	0	0	0	0	0	89	84	0	50	45	10	0	7	7	5
369	6.5	1	1	8	3	3	3	3	3	3	3	3	0	0	0	0	0	0	0	0	0	0	0	0	0	96	71	0	50	25	0	0	8	8	5
370	6.5	1	1	9	2.5	2.5	3	3	3	3	3	3	3	0	0	0	0	0	0	0	0	0	0	0	0	92	67	0	40	15	0	0	9	9	5
371	6.5	1	1	10	2.5	2.5	2.5	2.5	3	3	3	3	3	3	0	0	0	0	0	0	0	0	0	0	0	89	69	0	30	10	0	0	10	10	5
372	6.5	1	1	11	2.5	2.5	2.5	2.5	2.5	2.5	3	3	3	3	3	0	0	0	0	0	0	0	0	0	0	85	0	0	20	0	0	0	0	11	5
373	6.5	1	1	12	2.5	2.5	2.5	2.5	2.5	2.5	3	3	3	3	3	3	0	0	0	0	0	0	0	0	0	82	0	0	10	0	0	0	0	12	5
374	6	3	1	1	9	0	0	0	0	0	0	0	0	0	0	0	0	0	0	0	0	0	0	0	0	0	50	50	0	50	50	1	1	0	5
375	6	3	1	2	8.5	9.5	0	0	0	0	0	0	0	0	0	0	0	0	0	0	0	0	0	0	0	56	56	56	50	50	50	2	2	2	5
376	6	3	1	3	7	7.5	8	0	0	0	0	0	0	0	0	0	0	0	0	0	0	0	0	0	0	62	62	62	50	50	50	3	3	3	5
377	6	3	1	4	5.5	6	6.5	6.5	0	0	0	0	0	0	0	0	0	0	0	0	0	0	0	0	0	68	68	68	50	50	50	4	4	4	5
378	6	3	1	5	5	5	5.5	5.5	6	0	0	0	0	0	0	0	0	0	0	0	0	0	0	0	0	74	74	74	50	50	50	5	5	5	5
379	6	3	1	6	4.5	4.5	5	5	5	5	0	0	0	0	0	0	0	0	0	0	0	0	0	0	0	80	80	80	50	50	50	6	6	6	5
380	6	3	1	7	4	4	4.5	4.5	4.5	4.5	5	0	0	0	0	0	0	0	0	0	0	0	0	0	0	86	86	86	50	50	50	7	7	7	5
381	6	3	1	8	3.5	3.5	4	4	4	4	4.5	4.5	0	0	0	0	0	0	0	0	0	0	0	0	0	92	92	82	50	50	40	8	8	8	5
382	6	3	1	9	3	3.5	3.5	3.5	3.5	4	4	4	4	0	0	0	0	0	0	0	0	0	0	0	0	98	98	73	50	50	25	9	9	9	5
383	6	3	1	10	3	3	3.5	3.5	3.5	3.5	3.5	3.5	3.5	4	0	0	0	0	0	0	0	0	0	0	0	104	104	69	50	50	15	10	10	10	5
384	6	3	1	11	3	3	3	3	3	3.5	3.5	3.5	3.5	3.5	3.5	0	0	0	0	0	0	0	0	0	0	110	100	0	50	40	0	0	11	11	5
385	6	3	1	12	2.5	2.5	2.5	3	3	3	3	3	3	3.5	3.5	3.5	0	0	0	0	0	0	0	0	0	116	101	0	50	35	0	0	12	12	5
386	6	3	1	13	2.5	2.5	2.5	2.5	2.5	3	3	3	3	3	3	3.5	3.5	0	0	0	0	0	0	0	0	112	102	0	40	30	0	0	13	13	5
387	6	3	1	14	2.5	2.5	2.5	2.5	2.5	2.5	3	3	3	3	3	3	3.5	0	0	0	0	0	0	0	0	108	98	0	30	20	0	0	14	14	5
388	6	3	1	15	2.5	2.5	2.5	2.5	2.5	2.5	3	3	3	3	3	3	3	0	0	0	0	0	0	0	0	104	94	0	20	10	0	0	15	15	5
389	6	3	1	16	2.5	2.5	2.5	2.5	2.5	2.5	2.5	3	3	3	3	3	3	3	0	0	0	0	0	0	0	100	0	0	10	0	0	0	0	16	5
390	6	2	1	1	9	0	0	0	0	0	0	0	0	0	0	0	0	0	0	0	0	0	0	0	0	0	50	50	0	50	50	1	1	0	5
391	6	2	1	2	7	7.5	0	0	0	0	0	0	0	0	0	0	0	0	0	0	0	0	0	0	0	56	56	56	50	50	50	2	2	2	5
392	6	2	1	3	5.5	6	6	0	0	0	0	0	0	0	0	0	0	0	0	0	0	0	0	0	0	62	62	62	50	50	50	3	3	3	5
393	6	2	1	4	5	5	5	5	0	0	0	0	0	0	0	0	0	0	0	0	0	0	0	0	0	68	68	68	50	50	50	4	4	4	5
394	6	2	1	5	4	4	4.5	4.5	4.5	0	0	0	0	0	0	0	0	0	0	0	0	0	0	0	0	74	74	74	50	50	50	5	5	5	5
395	6	2	1	6	3.5	3.5	4	4	4	4	0	0	0	0	0	0	0	0	0	0	0	0	0	0	0	80	80	60	50	50	40	6	6	6	5
396	6	2	1	7	3.5	3.5	3.5	3.5	3.5	3.5	3.5	0	0	0	0	0	0	0	0	0	0	0	0	0	0	86	86	56	50	50	20	7	7	7	5
397	6	2	1	8	3	3	3	3	3	3.5	3.5	3.5	0	0	0	0	0	0	0	0	0	0	0	0	0	92	92	56	50	50	10	8	8	8	5
398	6	2	1	9	3	3	3	3	3	3	3	3	3	0	0	0	0	0	0	0	0	0	0	0	0	98	78	0	50	30	0	0	9	9	5
399	6	2	1	10	2.5	2.5	2.5	3	3	3	3	3	3	3	0	0	0	0	0	0	0	0	0	0	0	94	74	0	40	20	0	0	10	10	5
400	6	2	1	11	2.5	2.5	2.5	2.5	3	3	3	3	3	3	3	0	0	0	0	0	0	0	0	0	0	90	70	0	30	10	0	0	11	11	5
401	6	2	1	12	2.5	2.5	2.5	2.5	2.5	2.5	3	3	3	3	3	3	0	0	0	0	0	0	0	0	0	86	0	0	20	0	0	0	0	12	5
402	6	2	1	13	2.5	2.5	2.5	2.5	2.5	2.5	3	3	3	3	3	3	3	0	0	0	0	0	0	0	0	82	0	0	10	0	0	0	0	13	5
403	6	1	1	1	9	0	0	0	0	0	0	0	0	0	0	0	0	0	0	0	0	0	0	0	0	0	50	50	0	50	50	1	1	0	5
404	6	1	1	2	7	7	0	0	0	0	0	0	0	0	0	0	0	0	0	0	0	0	0	0	0	56	56	56	50	50	50	2	2	2	5
405	6	1	1	3	5.5	5.5	6	0	0	0	0	0	0	0	0	0	0	0	0	0	0	0	0	0	0	62	62	62	50	50	50	3	3	3	5
406	6	1	1	4	4.5	4.5	4.5	5	0	0	0	0	0	0	0	0	0	0	0	0	0	0	0	0	0	68	68	68	50	50	50	4	4	4	5
407	6	1	1	5	4	4	4	4	4.5	0	0	0	0	0	0	0	0	0	0	0	0	0	0	0	0	74	74	74	50	50	50	5	5	5	5
408	6	1	1	6	3.5	3.5	3.5	3.5	4	4	0	0	0	0	0	0	0	0	0	0	0	0	0	0	0	80	80	65	50	50	35	6	6	6	5
409	6	1	1	7	3	3	3	3	3.5	3.5	3.5	0	0	0	0	0	0	0	0	0	0	0	0	0	0	86	86	51	50	50	15	7	7	7	5
410	6	1	1	8	3	3	3	3	3	3	3	3	0	0	0	0	0	0	0	0	0	0	0	0	0	92	72	0	50	30	0	0	8	8	5
411	6	1	1	9	3	3	3	3	3	3	3	3	3	0	0	0	0	0	0	0	0	0	0	0	0	88	68	0	40	20	0	0	9	9	5
412	6	1	1	10	2.5	2.5	3	3	3	3	3	3	3	3	0	0	0	0	0	0	0	0	0	0	0	84	69	0	30	15	0	0	10	10	5
413	6	1	1	11	2.5	2.5	2.5	2.5	3	3	3	3	3	3	3	0	0	0	0	0	0	0	0	0	0	80	0	0	20	0	0	0	0	11	5
414	6	1	1	12	2.5	2.5	2.5	2.5	2.5	3	3	3	3	3	3	3	0	0	0	0	0	0	0	0	0	83	0	0	10	0	0	0	0	12	5
415	5.5	3	1	1	9	0	0	0	0	0	0	0	0	0	0	0	0	0	0	0	0	0	0	0	0	0	50	50	0	50	50	1	1	0	5
416	5.5	3	1	2	8.5	9.5	0	0	0	0	0	0	0	0	0	0	0	0	0	0	0	0	0	0	0	55	55	55	50	50	50	2	2	2	5
417	5.5	3	1	3	7	7.5	8	0	0	0	0	0	0	0	0	0	0	0	0	0	0	0	0	0	0	61	61	61	50	50	50	3	3	3	5
418	5.5	3	1	4	6	6.5	6.5	6.5	0	0	0	0	0	0	0	0	0	0	0	0	0	0	0	0	0	67	67	67	50	50	50	4	4	4	5
419	5.5	3	1	5	5	5.5	5.5	6	6	0	0	0	0	0	0	0	0	0	0	0	0	0	0	0	0	72	72	72	50	50	50	5	5	5	5
420	5.5	3	1	6	4.5	4.5	5	5	5.5	5.5	0	0	0	0	0	0	0	0	0	0	0	0	0	0	0	78	78	78	50	50	50	6	6	6	5
421	5.5	3	1	7	4	4	4.5	4.5	4.5	5	5	0	0	0	0	0	0	0	0	0	0	0	0	0	0	83	83	83	50	50	50	7	7	7	5
422	5.5	3	1	8	3.5	3.5	4	4	4	4	4.5	4.5	0	0	0	0	0	0	0	0	0	0	0	0	0	88	88	82	50	50	45	8	8	8	5
423	5.5	3	1	9	3.5	3.5	3.5	3.5	3.5	4	4	4	4	0	0	0	0	0	0	0	0	0	0	0	0	94	94	74	50	50	30	9	9	9	5
424	5.5	3	1	10	3	3	3	3.5	3.5	3.5	3.5	3.5	4	4	0	0	0	0	0	0	0	0	0	0	0	99	99	74	50	50	25	10	10	10	5
425	5.5	3	1	11	3	3	3	3	3	3.5	3.5	3.5	3.5	3.5	3.5	0	0	0	0	0	0	0	0	0	0	105	100	65	50	45	10	11	11	11	5
426	5.5	3	1	12	2.5	2.5	2.5	3	3	3	3	3	3	3.5	3.5	3.5	0	0	0	0	0	0	0	0	0	110	101	0	50	45	0	0	12	12	5
427	5.5	3	1	13	2.5	2.5	2.5	2.5	2.5	3	3	3	3	3	3	3.5	3.5	0	0	0	0	0	0	0	0	112	101	0	50	35	0	0	13	13	5
428	5.5	3	1	14	2.5	2.5	2.5	2.5	2.5	2.5	3	3	3	3	3	3	3.5	0	0	0	0	0	0	0	0	111	96	0	40	25	0	0	14	14	5
429	5.5	3	1	15	2.5	2.5	2.5	2.5	2.5	2.5	3	3	3	3	3	3	3	0	0	0	0	0	0	0	0	102	97	0	25	20	0	0	15	15	5
430	5.5	3	1	16	2.5	2.5	2.5	2.5	2.5	2.5	2.5	3	3	3	3	3	3	3	0	0	0	0	0	0	0	102	92	0	20	10	0	0	16	16	5
431	5.5	2	1	1	9	0	0	0	0	0	0	0	0	0	0	0	0	0	0	0	0	0	0	0	0	0	50	50	0	50	50	1	1	0	5
432	5.5	2	1	2	7.5	7.5	0	0	0	0	0	0	0	0	0	0	0	0	0	0	0	0	0	0	0	56	56	56	50	50	50	2	2	2	5
433	5.5	2	1	3	5.5	6	6	0	0	0	0	0	0	0	0	0	0	0	0	0	0	0	0	0	0	61	61	61	50	50	50	3	3	3	5
434	5.5	2	1	4	5	5	5	5	0	0	0	0	0	0	0	0	0	0	0	0	0	0	0	0	0	67	67	67	50	50	50	4	4	4	5
435	5.5	2	1	5	4	4.5	4.5	4.5	4.5	0	0	0	0	0	0	0	0	0	0	0	0	0	0	0	0	72	72	72	50	50	50	5	5	5	5
436	5.5	2	1	6	3.5	4	4	4	4	4	0	0	0	0	0	0	0	0	0	0	0	0	0	0	0	78	78	68	50	50	40	6	6	6	5
437	5.5	2	1	7	3.5	3.5	3.5	3.5	3.5	3.5	3.5	0	0	0	0	0	0	0	0	0	0	0	0	0	0	83	83	58	50	50	25	7	7	7	5
438	5.5	2	1	8	3	3	3	3	3.5	3.5	3.5	3.5	0	0	0	0	0	0	0	0	0	0	0	0	0	89	89	59	50	50	20	8	8	8	5
439	5.5	2	1	9	3	3	3	3	3	3	3	3	3	0	0	0	0	0	0	0	0	0	0	0	0	94	79	0	50	35	0	0	9	9	5
440	5.5	2	1	10	2.5	2.5	2.5	3	3	3	3	3	3	3	0	0	0	0	0	0	0	0	0	0	0	90	80	0	40	30	0	0	10	10	5
441	5.5	2	1	11	2.5	2.5	2.5	2.5	2.5	2.5	3	3	3	3	3	0	0	0	0	0	0	0	0	0	0	85	75	0	30	20	0	0	11	11	5
442	5.5	2	1	12	2.5	2.5	2.5	2.5	2.5	2.5	2.5	3	3	3	3	3	0	0	0	0	0	0	0	0	0	81	71	0	20	10	0	0	12	12	5
443	5.5	2	1	13	2.5	2.5	2.5	2.5	2.5	2.5	2.5	2.5	3	3	3	3	3	0	0	0	0	0	0	0	0	76	0	0	10	0	0	0	0	13	5
444	5.5	1	1	1	9	0	0	0	0	0	0	0	0	0	0	0	0	0	0	0	0	0	0	0	0	0	50	50	0	50	50	1	1	0	5
445	5.5	1	1	2	7	7	0	0	0	0	0	0	0	0	0	0	0	0	0	0	0	0	0	0	0	56	56	56	50	50	50	2	2	2	5
446	5.5	1	1	3	5.5	5.5	6	0	0	0	0	0	0	0	0	0	0	0	0	0	0	0	0	0	0	61	61	61	50	50	50	3	3	3	5
447	5.5	1	1	4	4.5	4.5	5	5	0	0	0	0	0	0	0	0	0	0	0	0	0	0	0	0	0	67	67	67	50	50	50	4	4	4	5
448	5.5	1	1	5	4	4	4	4	4.5	0	0	0	0	0	0	0	0	0	0	0	0	0	0	0	0	72	72	72	50	50	50	5	5	5	5
449	5.5	1	1	6	3.5	3.5	3.5	3.5	4	4	0	0	0	0	0	0	0	0	0	0	0	0	0	0	0	78	78	63	50	50	35	6	6	6	5
450	5.5	1	1	7	3	3	3	3.5	3.5	3.5	3.5	0	0	0	0	0	0	0	0	0	0	0	0	0	0	83	83	63	50	50	20	7	7	7	5
451	5.5	1	1	8	3	3	3	3	3	3	3	3.5	0	0	0	0	0	0	0	0	0	0	0	0	0	89	84	49	50	45	10	8	8	8	5
452	5.5	1	1	9	3	3	3	3	3	3	3	3	3	0	0	0	0	0	0	0	0	0	0	0	0	84	74	0	40	30	0	0	9	9	5
453	5.5	1	1	10	2.5	2.5	3	3	3	3	3	3	3	3	0	0	0	0	0	0	0	0	0	0	0	80	70	0	30	20	0	0	10	10	5
454	5.5	1	1	11	2.5	2.5	2.5	2.5	3	3	3	3	3	3	3	0	0	0	0	0	0	0	0	0	0	75	65	0	20	10	0	0	11	11	5
455	5.5	1	1	12	2.5	2.5	2.5	2.5	2.5	3	3	3	3	3	3	3	0	0	0	0	0	0	0	0	0	71	0	0	10	0	0	0	0	12	5
456	5	3	1	1	9	0	0	0	0	0	0	0	0	0	0	0	0	0	0	0	0	0	0	0	0	0	50	50	0	50	50	1	1	0	5
457	5	3	1	2	8.5	9.5	0	0	0	0	0	0	0	0	0	0	0	0	0	0	0	0	0	0	0	55	55	55	50	50	50	2	2	2	5
458	5	3	1	3	7	7.5	8	0	0	0	0	0	0	0	0	0	0	0	0	0	0	0	0	0	0	60	60	60	50	50	50	3	3	3	5
459	5	3	1	4	6	6.5	6.5	6.5	0	0	0	0	0	0	0	0	0	0	0	0	0	0	0	0	0	65	65	65	50	50	50	4	4	4	5
460	5	3	1	5	5	5	5.5	6	6	0	0	0	0	0	0	0	0	0	0	0	0	0	0	0	0	70	70	70	50	50	50	5	5	5	5
461	5	3	1	6	4.5	4.5	5	5	5	5.5	0	0	0	0	0	0	0	0	0	0	0	0	0	0	0	75	75	75	50	50	50	6	6	6	5
462	5	3	1	7	4	4	4.5	4.5	4.5	4.5	5	0	0	0	0	0	0	0	0	0	0	0	0	0	0	80	80	80	50	50	50	7	7	7	5
463	5	3	1	8	3.5	3.5	4	4	4	4.5	4.5	4.5	0	0	0	0	0	0	0	0	0	0	0	0	0	85	85	85	50	50	50	8	8	8	5
464	5	3	1	9	3.5	3.5	3.5	3.5	4	4	4	4	4	0	0	0	0	0	0	0	0	0	0	0	0	90	90	80	50	50	40	9	9	9	5
465	5	3	1	10	3	3	3.5	3.5	3.5	3.5	3.5	3.5	4	4	0	0	0	0	0	0	0	0	0	0	0	95	95	75	50	50	30	10	10	10	5
466	5	3	1	11	3	3	3	3	3	3	3	3.5	3.5	3.5	3.5	0	0	0	0	0	0	0	0	0	0	100	100	70	50	50	20	11	11	11	5
467	5	3	1	12	2.5	2.5	3	3	3	3	3	3	3.5	3.5	3.5	3.5	0	0	0	0	0	0	0	0	0	105	105	65	50	50	10	12	12	12	5
468	5	3	1	13	2.5	2.5	2.5	2.5	3	3	3	3	3	3	3	3.5	3.5	0	0	0	0	0	0	0	0	110	100	0	50	40	0	0	13	13	5
469	5	3	1	14	2.5	2.5	2.5	2.5	2.5	3	3	3	3	3	3	3	3.5	0	0	0	0	0	0	0	0	105	100	0	40	35	0	0	14	14	5
470	5	3	1	15	2.5	2.5	2.5	2.5	2.5	2.5	3	3	3	3	3	3	3.5	0	0	0	0	0	0	0	0	100	100	0	30	30	0	0	15	15	5
471	5	3	1	16	2.5	2.5	2.5	2.5	2.5	2.5	2.5	3	3	3	3	3	3	3	0	0	0	0	0	0	0	95	95	0	20	20	0	0	16	16	5
472	5	3	1	17	2.5	2.5	2.5	2.5	2.5	2.5	2.5	3	3	3	3	3	3	3	3	0	0	0	0	0	0	90	90	0	10	10	0	0	17	17	5
473	5	2	1	1	9	0	0	0	0	0	0	0	0	0	0	0	0	0	0	0	0	0	0	0	0	0	50	50	0	50	50	1	1	0	5
474	5	2	1	2	7.5	7.5	0	0	0	0	0	0	0	0	0	0	0	0	0	0	0	0	0	0	0	55	55	55	50	50	50	2	2	2	5
475	5	2	1	3	6	6	6	0	0	0	0	0	0	0	0	0	0	0	0	0	0	0	0	0	0	60	60	60	50	50	50	3	3	3	5
476	5	2	1	4	5	5	5	5	0	0	0	0	0	0	0	0	0	0	0	0	0	0	0	0	0	65	65	65	50	50	50	4	4	4	5
477	5	2	1	5	4	4.5	4.5	4.5	4.5	0	0	0	0	0	0	0	0	0	0	0	0	0	0	0	0	70	70	70	50	50	50	5	5	5	5
478	5	2	1	6	3.5	4	4	4	4	4	0	0	0	0	0	0	0	0	0	0	0	0	0	0	0	75	75	75	50	50	50	6	6	6	5
479	5	2	1	7	3.5	3.5	3.5	3.5	3.5	3.5	4	0	0	0	0	0	0	0	0	0	0	0	0	0	0	80	80	65	50	50	35	7	7	7	5
480	5	2	1	8	3	3	3	3	3.5	3.5	3.5	3.5	0	0	0	0	0	0	0	0	0	0	0	0	0	85	85	60	50	50	25	8	8	8	5
481	5	2	1	9	3	3	3	3	3	3	3	3	3.5	0	0	0	0	0	0	0	0	0	0	0	0	90	90	55	50	50	15	9	9	9	5
482	5	2	1	10	2.5	3	3	3	3	3	3	3	3	3.5	0	0	0	0	0	0	0	0	0	0	0	85	85	55	40	40	10	10	10	10	5
483	5	2	1	11	2.5	2.5	3	3	3	3	3	3	3	3	3.5	0	0	0	0	0	0	0	0	0	0	80	80	0	30	30	0	0	11	11	5
484	5	2	1	12	2.5	2.5	2.5	3	3	3	3	3	3	3	3	3.5	0	0	0	0	0	0	0	0	0	75	75	0	20	20	0	0	12	12	5
485	5	2	1	13	2.5	2.5	2.5	2.5	3	3	3	3	3	3	3	3	3.5	0	0	0	0	0	0	0	0	70	70	0	10	10	0	0	13	13	5
486	5	1	1	1	9	0	0	0	0	0	0	0	0	0	0	0	0	0	0	0	0	0	0	0	0	0	50	50	0	50	50	1	1	0	5
487	5	1	1	2	7	7	0	0	0	0	0	0	0	0	0	0	0	0	0	0	0	0	0	0	0	55	55	55	50	50	50	2	2	2	5
488	5	1	1	3	5.5	5.5	6	0	0	0	0	0	0	0	0	0	0	0	0	0	0	0	0	0	0	60	60	60	50	50	50	3	3	3	5
489	5	1	1	4	4.5	4.5	5	5	0	0	0	0	0	0	0	0	0	0	0	0	0	0	0	0	0	65	65	65	50	50	50	4	4	4	5
490	5	1	1	5	4	4	4	4	4.5	0	0	0	0	0	0	0	0	0	0	0	0	0	0	0	0	70	70	70	50	50	50	5	5	5	5
491	5	1	1	6	3.5	3.5	3.5	3.5	4	4	0	0	0	0	0	0	0	0	0	0	0	0	0	0	0	75	75	65	50	50	40	6	6	6	5
492	5	1	1	7	3	3	3	3	3.5	3.5	3.5	0	0	0	0	0	0	0	0	0	0	0	0	0	0	80	80	55	50	50	25	7	7	7	5
493	5	1	1	8	3	3	3	3	3	3	3	3.5	0	0	0	0	0	0	0	0	0	0	0	0	0	85	85	55	50	50	20	8	8	8	5
494	5	1	1	9	3	3	3	3	3	3	3	3	3	0	0	0	0	0	0	0	0	0	0	0	0	80	80	0	50	50	0	0	9	9	5
495	5	1	1	10	2.5	3	3	3	3	3	3	3	3	3	0	0	0	0	0	0	0	0	0	0	0	75	75	0	30	30	0	0	10	10	5
496	5	1	1	11	2.5	2.5	3	3	3	3	3	3	3	3	3	0	0	0	0	0	0	0	0	0	0	70	70	0	20	20	0	0	11	11	5
497	5	1	1	12	2.5	2.5	2.5	3	3	3	3	3	3	3	3	3	0	0	0	0	0	0	0	0	0	65	65	0	10	10	0	0	12	12	5
498	4.5	3	1	1	9	0	0	0	0	0	0	0	0	0	0	0	0	0	0	0	0	0	0	0	0	0	50	50	0	50	50	1	1	0	5
499	4.5	3	1	2	9	9.5	0	0	0	0	0	0	0	0	0	0	0	0	0	0	0	0	0	0	0	55	55	55	50	50	50	2	2	2	5
500	4.5	3	1	3	7	7.5	8	0	0	0	0	0	0	0	0	0	0	0	0	0	0	0	0	0	0	59	59	59	50	50	50	3	3	3	5
501	4.5	3	1	4	6	6	6.5	6.5	0	0	0	0	0	0	0	0	0	0	0	0	0	0	0	0	0	64	64	64	50	50	50	4	4	4	5
502	4.5	3	1	5	5	5	5.5	6	6	0	0	0	0	0	0	0	0	0	0	0	0	0	0	0	0	68	68	68	50	50	50	5	5	5	5
503	4.5	3	1	6	4.5	4.5	5	5	5	5.5	0	0	0	0	0	0	0	0	0	0	0	0	0	0	0	73	73	73	50	50	50	6	6	6	5
504	4.5	3	1	7	4	4	4.5	4.5	4.5	5	5	0	0	0	0	0	0	0	0	0	0	0	0	0	0	77	77	77	50	50	50	7	7	7	5
505	4.5	3	1	8	3.5	4	4	4	4	4.5	4.5	4.5	0	0	0	0	0	0	0	0	0	0	0	0	0	82	82	82	50	50	50	8	8	8	5
506	4.5	3	1	9	3.5	3.5	3.5	3.5	4	4	4	4	4	0	0	0	0	0	0	0	0	0	0	0	0	86	86	76	50	50	40	9	9	9	5
507	4.5	3	1	10	3	3	3.5	3.5	3.5	3.5	3.5	4	4	4	0	0	0	0	0	0	0	0	0	0	0	90	90	76	50	50	35	10	10	10	5
508	4.5	3	1	11	3	3	3	3	3.5	3.5	3.5	3.5	3.5	3.5	3.5	0	0	0	0	0	0	0	0	0	0	95	95	70	50	50	25	11	11	11	5
509	4.5	3	1	12	3	3	3	3	3	3	3	3.5	3.5	3.5	3.5	3.5	0	0	0	0	0	0	0	0	0	100	100	70	50	50	20	12	12	12	5
510	4.5	3	1	13	2.5	2.5	2.5	3	3	3	3	3	3	3	3	3.5	3.5	0	0	0	0	0	0	0	0	104	104	64	50	50	10	13	13	13	5
511	4.5	3	1	14	2.5	2.5	2.5	3	3	3	3	3	3	3	3	3	3	3	0	0	0	0	0	0	0	109	94	0	50	35	0	0	14	14	5
512	4.5	3	1	15	2.5	2.5	2.5	2.5	2.5	2.5	3	3	3	3	3	3	3	3	3	0	0	0	0	0	0	103	93	0	40	30	0	0	15	15	5
513	4.5	3	1	16	2.5	2.5	2.5	2.5	2.5	2.5	2.5	3	3	3	3	3	3	3	3	3	0	0	0	0	0	98	98	0	30	30	0	0	16	16	5
514	4.5	3	1	17	2.5	2.5	2.5	2.5	2.5	2.5	2.5	2.5	3	3	3	3	3	3	3	3	3	0	0	0	0	92	92	0	20	20	0	0	17	17	5
515	4.5	3	1	18	2.5	2.5	2.5	2.5	2.5	2.5	2.5	2.5	3	3	3	3	3	3	3	3	3	3	0	0	0	87	87	0	10	10	0	0	18	18	5
516	4.5	2	1	1	9	0	0	0	0	0	0	0	0	0	0	0	0	0	0	0	0	0	0	0	0	0	50	50	0	50	50	1	1	0	5
517	4.5	2	1	2	7	7.5	0	0	0	0	0	0	0	0	0	0	0	0	0	0	0	0	0	0	0	55	55	55	50	50	50	2	2	2	5
518	4.5	2	1	3	6	6	6	0	0	0	0	0	0	0	0	0	0	0	0	0	0	0	0	0	0	59	59	59	50	50	50	3	3	3	5
519	4.5	2	1	4	5	5	5	5	0	0	0	0	0	0	0	0	0	0	0	0	0	0	0	0	0	64	64	64	50	50	50	4	4	4	5
520	4.5	2	1	5	4	4.5	4.5	4.5	4.5	0	0	0	0	0	0	0	0	0	0	0	0	0	0	0	0	68	68	68	50	50	50	5	5	5	5
521	4.5	2	1	6	3.5	4	4	4	4	4	0	0	0	0	0	0	0	0	0	0	0	0	0	0	0	73	73	73	50	50	50	6	6	6	5
522	4.5	2	1	7	3.5	3.5	3.5	3.5	3.5	4	4	0	0	0	0	0	0	0	0	0	0	0	0	0	0	77	77	67	50	50	40	7	7	7	5
523	4.5	2	1	8	3	3	3	3.5	3.5	3.5	3.5	3.5	0	0	0	0	0	0	0	0	0	0	0	0	0	82	82	62	50	50	30	8	8	8	5
524	4.5	2	1	9	3	3	3	3	3	3	3	3	3.5	0	0	0	0	0	0	0	0	0	0	0	0	86	86	51	50	50	20	9	9	9	5
525	4.5	2	1	10	2.5	2.5	2.5	3	3	3	3	3	3	3	0	0	0	0	0	0	0	0	0	0	0	91	91	51	50	50	10	10	10	10	5
526	4.5	2	1	11	2.5	2.5	2.5	2.5	3	3	3	3	3	3	3	0	0	0	0	0	0	0	0	0	0	85	85	0	40	40	0	0	11	11	5
527	4.5	2	1	12	2.5	2.5	2.5	2.5	2.5	3	3	3	3	3	3	3	0	0	0	0	0	0	0	0	0	80	80	0	30	30	0	0	12	12	5
528	4.5	2	1	13	2.5	2.5	2.5	2.5	2.5	2.5	3	3	3	3	3	3	3	0	0	0	0	0	0	0	0	74	74	0	20	20	0	0	13	13	5
529	4.5	2	1	14	2.5	2.5	2.5	2.5	2.5	2.5	3	3	3	3	3	3	3	3	0	0	0	0	0	0	0	69	69	0	10	10	0	0	14	14	5
530	4.5	1	1	1	9	0	0	0	0	0	0	0	0	0	0	0	0	0	0	0	0	0	0	0	0	0	50	50	0	50	50	1	1	0	5
531	4.5	1	1	2	7	7.5	0	0	0	0	0	0	0	0	0	0	0	0	0	0	0	0	0	0	0	55	55	55	50	50	50	2	2	2	5
532	4.5	1	1	3	5.5	5.5	6	0	0	0	0	0	0	0	0	0	0	0	0	0	0	0	0	0	0	59	59	59	50	50	50	3	3	3	5
533	4.5	1	1	4	4.5	4.5	5	5	0	0	0	0	0	0	0	0	0	0	0	0	0	0	0	0	0	64	64	64	50	50	50	4	4	4	5
534	4.5	1	1	5	4	4	4	4	4.5	0	0	0	0	0	0	0	0	0	0	0	0	0	0	0	0	68	68	68	50	50	50	5	5	5	5
535	4.5	1	1	6	3.5	3.5	3.5	3.5	4	4	0	0	0	0	0	0	0	0	0	0	0	0	0	0	0	73	73	68	50	50	45	6	6	6	5
536	4.5	1	1	7	3	3	3	3.5	3.5	3.5	3.5	0	0	0	0	0	0	0	0	0	0	0	0	0	0	77	77	62	50	50	35	7	7	7	5
537	4.5	1	1	8	3	3	3	3	3	3	3	3.5	0	0	0	0	0	0	0	0	0	0	0	0	0	82	82	57	50	50	25	8	8	8	5
538	4.5	1	1	9	2.5	2.5	3	3	3	3	3	3	3	0	0	0	0	0	0	0	0	0	0	0	0	86	86	46	50	50	10	9	9	9	5
539	4.5	1	1	10	2.5	2.5	2.5	2.5	3	3	3	3	3	3	0	0	0	0	0	0	0	0	0	0	0	81	81	0	40	40	0	0	10	10	5
540	4.5	1	1	11	2.5	2.5	2.5	2.5	2.5	3	3	3	3	3	3	0	0	0	0	0	0	0	0	0	0	75	75	0	30	30	0	0	11	11	5
541	4.5	1	1	12	2.5	2.5	2.5	2.5	2.5	2.5	3	3	3	3	3	3	0	0	0	0	0	0	0	0	0	70	70	0	20	20	0	0	12	12	5
542	4.5	1	1	13	2.5	2.5	2.5	2.5	2.5	2.5	2.5	3	3	3	3	3	3	0	0	0	0	0	0	0	0	64	64	0	10	10	0	0	13	13	5
543	4	3	1	1	9	0	0	0	0	0	0	0	0	0	0	0	0	0	0	0	0	0	0	0	0	0	50	50	0	50	50	1	1	0	5
544	4	3	1	2	9	9.5	0	0	0	0	0	0	0	0	0	0	0	0	0	0	0	0	0	0	0	54	54	54	50	50	50	2	2	2	5
545	4	3	1	3	7	7.5	8	0	0	0	0	0	0	0	0	0	0	0	0	0	0	0	0	0	0	58	58	58	50	50	50	3	3	3	5
546	4	3	1	4	6	6.5	6.5	6.5	0	0	0	0	0	0	0	0	0	0	0	0	0	0	0	0	0	62	62	62	50	50	50	4	4	4	5
547	4	3	1	5	5	5.5	5.5	6	6	0	0	0	0	0	0	0	0	0	0	0	0	0	0	0	0	66	66	66	50	50	50	5	5	5	5
548	4	3	1	6	4.5	4.5	5	5	5.5	5.5	0	0	0	0	0	0	0	0	0	0	0	0	0	0	0	70	70	70	50	50	50	6	6	6	5
549	4	3	1	7	4	4.5	4.5	4.5	4.5	5	5	0	0	0	0	0	0	0	0	0	0	0	0	0	0	74	74	74	50	50	50	7	7	7	5
550	4	3	1	8	4	4	4	4	4.5	4.5	4.5	4.5	0	0	0	0	0	0	0	0	0	0	0	0	0	78	78	78	50	50	50	8	8	8	5
551	4	3	1	9	3.5	3.5	3.5	4	4	4	4	4	4.5	0	0	0	0	0	0	0	0	0	0	0	0	82	82	82	50	50	50	9	9	9	5
552	4	3	1	10	3	3.5	3.5	3.5	3.5	3.5	4	4	4	4	0	0	0	0	0	0	0	0	0	0	0	86	86	76	50	50	40	10	10	10	5
553	4	3	1	11	3	3	3	3.5	3.5	3.5	3.5	3.5	3.5	3.5	4	0	0	0	0	0	0	0	0	0	0	90	90	80	50	50	40	11	11	11	5
554	4	3	1	12	3	3	3	3	3	3	3.5	3.5	3.5	3.5	3.5	3.5	0	0	0	0	0	0	0	0	0	94	94	74	50	50	30	12	12	12	5
555	4	3	1	13	2.5	2.5	3	3	3	3	3	3	3	3	3.5	3.5	3.5	0	0	0	0	0	0	0	0	98	98	68	50	50	20	13	13	13	5
556	4	3	1	14	2.5	2.5	2.5	3	3	3	3	3	3	3	3	3	3	3	0	0	0	0	0	0	0	102	96	62	50	40	10	14	14	14	5
557	4	3	1	15	2.5	2.5	2.5	2.5	2.5	3	3	3	3	3	3	3	3	3	3	0	0	0	0	0	0	96	91	0	40	35	0	0	15	15	5
558	4	3	1	16	2.5	2.5	2.5	2.5	2.5	2.5	3	3	3	3	3	3	3	3	3	3	0	0	0	0	0	90	90	0	30	30	0	0	16	16	5
559	4	3	1	17	2.5	2.5	2.5	2.5	2.5	2.5	2.5	2.5	3	3	3	3	3	3	3	3	3	0	0	0	0	84	84	0	20	20	0	0	17	17	5
560	4	3	1	18	2.5	2.5	2.5	2.5	2.5	2.5	2.5	2.5	3	3	3	3	3	3	3	3	3	3	0	0	0	78	78	0	10	10	0	0	18	18	5
561	4	2	1	1	9	0	0	0	0	0	0	0	0	0	0	0	0	0	0	0	0	0	0	0	0	0	50	50	0	50	50	1	1	0	5
562	4	2	1	2	7.5	7.5	0	0	0	0	0	0	0	0	0	0	0	0	0	0	0	0	0	0	0	54	54	54	50	50	50	2	2	2	5
563	4	2	1	3	6	6	6	0	0	0	0	0	0	0	0	0	0	0	0	0	0	0	0	0	0	58	58	58	50	50	50	3	3	3	5
564	4	2	1	4	5	5	5	5.5	0	0	0	0	0	0	0	0	0	0	0	0	0	0	0	0	0	62	62	62	50	50	50	4	4	4	5
565	4	2	1	5	4.5	4.5	4.5	4.5	4.5	0	0	0	0	0	0	0	0	0	0	0	0	0	0	0	0	66	66	66	50	50	50	5	5	5	5
566	4	2	1	6	4	4	4	4	4	4	0	0	0	0	0	0	0	0	0	0	0	0	0	0	0	70	70	70	50	50	50	6	6	6	5
567	4	2	1	7	3.5	3.5	3.5	3.5	3.5	4	4	0	0	0	0	0	0	0	0	0	0	0	0	0	0	74	74	74	50	50	50	7	7	7	5
568	4	2	1	8	3	3	3.5	3.5	3.5	3.5	3.5	3.5	0	0	0	0	0	0	0	0	0	0	0	0	0	78	78	68	50	50	40	8	8	8	5
569	4	2	1	9	3	3	3	3	3	3	3	3	3.5	0	0	0	0	0	0	0	0	0	0	0	0	82	82	62	50	50	30	9	9	9	5
570	4	2	1	10	2.5	2.5	3	3	3	3	3	3	3	3	0	0	0	0	0	0	0	0	0	0	0	86	86	51	50	50	15	10	10	10	5
571	4	2	1	11	2.5	2.5	2.5	2.5	2.5	2.5	3	3	3	3	3	0	0	0	0	0	0	0	0	0	0	90	90	50	50	50	10	11	11	11	5
572	4	2	1	12	2.5	2.5	2.5	2.5	2.5	2.5	2.5	3	3	3	3	3	0	0	0	0	0	0	0	0	0	84	84	0	40	40	0	0	12	12	5
573	4	2	1	13	2.5	2.5	2.5	2.5	2.5	2.5	2.5	2.5	3	3	3	3	3	0	0	0	0	0	0	0	0	78	78	0	30	30	0	0	13	13	5
574	4	2	1	14	2.5	2.5	2.5	2.5	2.5	2.5	2.5	2.5	3	3	3	3	3	3	0	0	0	0	0	0	0	72	72	0	20	20	0	0	14	14	5
575	4	2	1	15	2.5	2.5	2.5	2.5	2.5	2.5	2.5	2.5	3	3	3	3	3	3	3	0	0	0	0	0	0	66	66	0	10	10	0	0	15	15	5
576	4	1	1	1	9	0	0	0	0	0	0	0	0	0	0	0	0	0	0	0	0	0	0	0	0	0	50	50	0	50	50	1	1	0	5
577	4	1	1	2	7	7	0	0	0	0	0	0	0	0	0	0	0	0	0	0	0	0	0	0	0	54	54	54	50	50	50	2	2	2	5
578	4	1	1	3	5.5	5.5	5.5	0	0	0	0	0	0	0	0	0	0	0	0	0	0	0	0	0	0	58	58	58	50	50	50	3	3	3	5
579	4	1	1	4	4.5	4.5	5	5	0	0	0	0	0	0	0	0	0	0	0	0	0	0	0	0	0	62	62	62	50	50	50	4	4	4	5
580	4	1	1	5	4	4	4	4.5	4.5	0	0	0	0	0	0	0	0	0	0	0	0	0	0	0	0	66	66	66	50	50	50	5	5	5	5
581	4	1	1	6	3.5	3.5	3.5	3.5	4	4	0	0	0	0	0	0	0	0	0	0	0	0	0	0	0	70	70	70	50	50	50	6	6	6	5
582	4	1	1	7	3	3	3.5	3.5	3.5	3.5	3.5	0	0	0	0	0	0	0	0	0	0	0	0	0	0	74	74	64	50	50	40	7	7	7	5
583	4	1	1	8	3	3	3	3	3	3	3.5	3.5	0	0	0	0	0	0	0	0	0	0	0	0	0	78	78	58	50	50	30	8	8	8	5
584	4	1	1	9	2.5	2.5	3	3	3	3	3	3	3	0	0	0	0	0	0	0	0	0	0	0	0	82	82	52	50	50	20	9	9	9	5
585	4	1	1	10	2.5	2.5	2.5	3	3	3	3	3	3	3	0	0	0	0	0	0	0	0	0	0	0	76	76	46	40	40	10	10	10	10	5
586	4	1	1	11	2.5	2.5	2.5	2.5	3	3	3	3	3	3	3	0	0	0	0	0	0	0	0	0	0	70	70	0	30	30	0	0	11	11	5
587	4	1	1	12	2.5	2.5	2.5	2.5	3	3	3	3	3	3	3	3	0	0	0	0	0	0	0	0	0	64	64	0	20	20	0	0	12	12	5
588	4	1	1	13	2.5	2.5	2.5	2.5	2.5	2.5	2.5	2.5	3	3	3	3	3	0	0	0	0	0	0	0	0	63	63	0	15	15	0	0	13	13	5
589	4	1	1	14	2.5	2.5	2.5	2.5	2.5	2.5	2.5	2.5	2.5	3	3	3	3	3	0	0	0	0	0	0	0	62	62	0	10	10	0	0	14	14	5
590	3.5	3	1	1	9	0	0	0	0	0	0	0	0	0	0	0	0	0	0	0	0	0	0	0	0	0	50	50	0	50	50	1	1	0	5
591	3.5	3	1	2	9	9.5	0	0	0	0	0	0	0	0	0	0	0	0	0	0	0	0	0	0	0	54	54	54	50	50	50	2	2	2	5
592	3.5	3	1	3	7	7.5	8	0	0	0	0	0	0	0	0	0	0	0	0	0	0	0	0	0	0	57	57	57	50	50	50	3	3	3	5
593	3.5	3	1	4	6	6.5	6.5	7	0	0	0	0	0	0	0	0	0	0	0	0	0	0	0	0	0	61	61	61	50	50	50	4	4	4	5
594	3.5	3	1	5	5	5.5	5.5	6	6	0	0	0	0	0	0	0	0	0	0	0	0	0	0	0	0	64	64	64	50	50	50	5	5	5	5
595	3.5	3	1	6	4.5	5	5	5	5.5	5.5	0	0	0	0	0	0	0	0	0	0	0	0	0	0	0	68	68	68	50	50	50	6	6	6	5
596	3.5	3	1	7	4	4.5	4.5	4.5	4.5	5	5	0	0	0	0	0	0	0	0	0	0	0	0	0	0	71	71	71	50	50	50	7	7	7	5
597	3.5	3	1	8	4	4	4	4	4.5	4.5	4.5	4.5	0	0	0	0	0	0	0	0	0	0	0	0	0	75	75	75	50	50	50	8	8	8	5
598	3.5	3	1	9	3.5	3.5	4	4	4	4	4	4.5	4.5	0	0	0	0	0	0	0	0	0	0	0	0	78	78	78	50	50	50	9	9	9	5
599	3.5	3	1	10	3	3.5	3.5	3.5	3.5	4	4	4	4	4	0	0	0	0	0	0	0	0	0	0	0	82	82	82	50	50	50	10	10	10	5
600	3.5	3	1	11	3	3	3.5	3.5	3.5	3.5	3.5	3.5	3.5	3.5	4	0	0	0	0	0	0	0	0	0	0	85	85	80	50	50	45	11	11	11	5
601	3.5	3	1	12	3	3	3	3	3	3	3.5	3.5	3.5	3.5	3.5	3.5	0	0	0	0	0	0	0	0	0	89	89	74	50	50	35	12	12	12	5
602	3.5	3	1	13	2.5	3	3	3	3	3	3	3	3	3.5	3.5	3.5	3.5	0	0	0	0	0	0	0	0	92	92	77	50	50	35	13	13	13	5
603	3.5	3	1	14	2.5	2.5	2.5	3	3	3	3	3	3	3	3	3	3.5	0	0	0	0	0	0	0	0	96	96	76	50	50	30	14	14	14	5
604	3.5	3	1	15	2.5	2.5	2.5	2.5	2.5	3	3	3	3	3	3	3	3	3	3	0	0	0	0	0	0	99	99	64	50	50	15	15	15	15	5
605	3.5	3	1	16	2.5	2.5	2.5	2.5	2.5	2.5	2.5	2.5	3	3	3	3	3	3	3	3	0	0	0	0	0	103	98	63	50	45	10	16	16	16	5
606	3.5	3	1	17	2.5	2.5	2.5	2.5	2.5	2.5	2.5	2.5	2.5	3	3	3	3	3	3	3	3	0	0	0	0	96	96	0	40	40	0	0	17	17	5
607	3.5	3	1	18	2.5	2.5	2.5	2.5	2.5	2.5	2.5	2.5	2.5	3	3	3	3	3	3	3	3	3	0	0	0	90	90	0	30	30	0	0	18	18	5
608	3.5	3	1	19	2.5	2.5	2.5	2.5	2.5	2.5	2.5	2.5	2.5	3	3	3	3	3	3	3	3	3	3	0	0	83	83	0	20	20	0	0	19	19	5
609	3.5	3	1	20	2.5	2.5	2.5	2.5	2.5	2.5	2.5	2.5	2.5	3	3	3	3	3	3	3	3	3	3	3	0	77	77	0	10	10	0	0	20	20	5
610	3.5	2	1	1	9	0	0	0	0	0	0	0	0	0	0	0	0	0	0	0	0	0	0	0	0	0	50	50	0	50	50	1	1	0	5
611	3.5	2	1	2	7.5	8	0	0	0	0	0	0	0	0	0	0	0	0	0	0	0	0	0	0	0	54	54	54	50	50	50	2	2	2	5
612	3.5	2	1	3	6	6	6.5	0	0	0	0	0	0	0	0	0	0	0	0	0	0	0	0	0	0	57	57	57	50	50	50	3	3	3	5
613	3.5	2	1	4	5	5	5.5	5.5	0	0	0	0	0	0	0	0	0	0	0	0	0	0	0	0	0	61	61	61	50	50	50	4	4	4	5
614	3.5	2	1	5	4.5	4.5	4.5	4.5	5	0	0	0	0	0	0	0	0	0	0	0	0	0	0	0	0	64	64	64	50	50	50	5	5	5	5
615	3.5	2	1	6	4	4	4	4	4.5	4.5	0	0	0	0	0	0	0	0	0	0	0	0	0	0	0	68	68	68	50	50	50	6	6	6	5
616	3.5	2	1	7	3.5	3.5	3.5	4	4	4	4	0	0	0	0	0	0	0	0	0	0	0	0	0	0	71	71	71	50	50	50	7	7	7	5
617	3.5	2	1	8	3.5	3.5	3.5	3.5	3.5	3.5	3.5	3.5	0	0	0	0	0	0	0	0	0	0	0	0	0	75	75	70	50	50	45	8	8	8	5
618	3.5	2	1	9	3	3	3	3	3	3	3.5	3.5	3.5	0	0	0	0	0	0	0	0	0	0	0	0	78	78	68	50	50	40	9	9	9	5
619	3.5	2	1	10	3	3	3	3	3	3	3	3	3	3	0	0	0	0	0	0	0	0	0	0	0	82	82	57	50	50	25	10	10	10	5
620	3.5	2	1	11	2.5	2.5	2.5	3	3	3	3	3	3	3	3	0	0	0	0	0	0	0	0	0	0	85	85	55	50	50	20	11	11	11	5
621	3.5	2	1	12	2.5	2.5	2.5	2.5	3	3	3	3	3	3	3	3	0	0	0	0	0	0	0	0	0	79	79	54	40	40	15	12	12	12	5
622	3.5	2	1	13	2.5	2.5	2.5	2.5	2.5	3	3	3	3	3	3	3	3	0	0	0	0	0	0	0	0	72	72	52	30	30	10	13	13	13	5
623	3.5	2	1	14	2.5	2.5	2.5	2.5	2.5	2.5	3	3	3	3	3	3	3	3	0	0	0	0	0	0	0	71	71	0	25	25	0	0	14	14	5
624	3.5	2	1	15	2.5	2.5	2.5	2.5	2.5	2.5	2.5	3	3	3	3	3	3	3	3	0	0	0	0	0	0	64	64	0	15	15	0	0	15	15	5
625	3.5	2	1	16	2.5	2.5	2.5	2.5	2.5	2.5	2.5	2.5	3	3	3	3	3	3	3	3	0	0	0	0	0	63	63	0	10	10	0	0	16	16	5
626	3.5	1	1	1	9	0	0	0	0	0	0	0	0	0	0	0	0	0	0	0	0	0	0	0	0	0	50	50	0	50	50	1	1	0	5
627	3.5	1	1	2	7	7.5	0	0	0	0	0	0	0	0	0	0	0	0	0	0	0	0	0	0	0	54	54	54	50	50	50	2	2	2	5
628	3.5	1	1	3	5.5	5.5	6	0	0	0	0	0	0	0	0	0	0	0	0	0	0	0	0	0	0	57	57	57	50	50	50	3	3	3	5
629	3.5	1	1	4	4.5	4.5	5	5	0	0	0	0	0	0	0	0	0	0	0	0	0	0	0	0	0	61	61	61	50	50	50	4	4	4	5
630	3.5	1	1	5	4	4	4	4.5	4.5	0	0	0	0	0	0	0	0	0	0	0	0	0	0	0	0	64	64	64	50	50	50	5	5	5	5
631	3.5	1	1	6	3.5	3.5	4	4	4	4	0	0	0	0	0	0	0	0	0	0	0	0	0	0	0	68	68	68	50	50	50	6	6	6	5
632	3.5	1	1	7	3	3.5	3.5	3.5	3.5	3.5	3.5	0	0	0	0	0	0	0	0	0	0	0	0	0	0	71	71	66	50	50	45	7	7	7	5
633	3.5	1	1	8	3	3	3	3	3	3.5	3.5	3.5	0	0	0	0	0	0	0	0	0	0	0	0	0	75	75	65	50	50	40	8	8	8	5
634	3.5	1	1	9	3	3	3	3	3	3	3	3	3	0	0	0	0	0	0	0	0	0	0	0	0	78	78	58	50	50	30	9	9	9	5
635	3.5	1	1	10	2.5	2.5	2.5	2.5	3	3	3	3	3	3	0	0	0	0	0	0	0	0	0	0	0	82	82	57	50	50	25	10	10	10	5
636	3.5	1	1	11	2.5	2.5	2.5	2.5	2.5	3	3	3	3	3	3	0	0	0	0	0	0	0	0	0	0	75	75	50	40	40	15	11	11	11	5
637	3.5	1	1	12	2.5	2.5	2.5	2.5	2.5	2.5	3	3	3	3	3	3	0	0	0	0	0	0	0	0	0	69	69	49	30	30	10	12	12	12	5
638	3.5	1	1	13	2.5	2.5	2.5	2.5	2.5	2.5	3	3	3	3	3	3	3	0	0	0	0	0	0	0	0	62	62	0	20	20	0	0	13	13	5
639	3.5	1	1	14	2.5	2.5	2.5	2.5	2.5	2.5	2.5	2.5	3	3	3	3	3	3	0	0	0	0	0	0	0	61	61	0	15	15	0	0	14	14	5
640	3.5	1	1	15	2.5	2.5	2.5	2.5	2.5	2.5	2.5	2.5	2.5	2.5	3	3	3	3	3	0	0	0	0	0	0	59	59	0	10	10	0	0	15	15	5
641	3	3	1	1	9	0	0	0	0	0	0	0	0	0	0	0	0	0	0	0	0	0	0	0	0	0	50	50	0	50	50	1	1	0	5
642	3	3	1	2	9	9.5	0	0	0	0	0	0	0	0	0	0	0	0	0	0	0	0	0	0	0	53	53	53	50	50	50	2	2	2	5
643	3	3	1	3	7	7.5	8	0	0	0	0	0	0	0	0	0	0	0	0	0	0	0	0	0	0	56	56	56	50	50	50	3	3	3	5
644	3	3	1	4	6	6.5	6.5	7	0	0	0	0	0	0	0	0	0	0	0	0	0	0	0	0	0	59	59	59	50	50	50	4	4	4	5
645	3	3	1	5	5	5.5	5.5	6	6	0	0	0	0	0	0	0	0	0	0	0	0	0	0	0	0	62	62	62	50	50	50	5	5	5	5
646	3	3	1	6	4.5	5	5	5	5.5	5.5	0	0	0	0	0	0	0	0	0	0	0	0	0	0	0	65	65	65	50	50	50	6	6	6	5
647	3	3	1	7	4	4.5	4.5	4.5	4.5	5	5	0	0	0	0	0	0	0	0	0	0	0	0	0	0	68	68	68	50	50	50	7	7	7	5
648	3	3	1	8	4	4	4	4	4.5	4.5	4.5	4.5	0	0	0	0	0	0	0	0	0	0	0	0	0	71	71	71	50	50	50	8	8	8	5
649	3	3	1	9	3.5	3.5	4	4	4	4	4	4.5	4.5	0	0	0	0	0	0	0	0	0	0	0	0	74	74	74	50	50	50	9	9	9	5
650	3	3	1	10	3.5	3.5	3.5	3.5	3.5	4	4	4	4	4	0	0	0	0	0	0	0	0	0	0	0	77	77	77	50	50	50	10	10	10	5
651	3	3	1	11	3	3.5	3.5	3.5	3.5	3.5	3.5	3.5	4	4	4	0	0	0	0	0	0	0	0	0	0	80	80	80	50	50	50	11	11	11	5
652	3	3	1	12	3	3	3	3	3.5	3.5	3.5	3.5	3.5	3.5	3.5	3.5	0	0	0	0	0	0	0	0	0	83	83	78	50	50	45	12	12	12	5
653	3	3	1	13	3	3	3	3	3	3	3	3	3.5	3.5	3.5	3.5	3.5	0	0	0	0	0	0	0	0	86	86	76	50	50	40	13	13	13	5
654	3	3	1	14	2.5	2.5	3	3	3	3	3	3	3	3	3	3	3.5	0	0	0	0	0	0	0	0	89	89	79	50	50	40	14	14	14	5
655	3	3	1	15	2.5	2.5	2.5	3	3	3	3	3	3	3	3	3	3	0	0	0	0	0	0	0	0	92	92	72	50	50	30	15	15	15	5
656	3	3	1	16	2.5	2.5	2.5	2.5	2.5	2.5	3	3	3	3	3	3	3	3	3	3	0	0	0	0	0	95	95	65	50	45	20	16	16	16	5
657	3	3	1	17	2.5	2.5	2.5	2.5	2.5	2.5	2.5	3	3	3	3	3	3	3	3	3	3	0	0	0	0	88	88	68	40	40	20	17	17	17	5
658	3	3	1	18	2.5	2.5	2.5	2.5	2.5	2.5	2.5	3	3	3	3	3	3	3	3	3	3	3	0	0	0	81	81	61	30	30	10	18	18	18	5
659	3	3	1	19	2.5	2.5	2.5	2.5	2.5	2.5	2.5	2.5	2.5	3	3	3	3	3	3	3	3	3	3	0	0	79	79	64	25	25	10	19	19	19	5
660	3	3	1	20	2.5	2.5	2.5	2.5	2.5	2.5	2.5	2.5	2.5	3	3	3	3	3	3	3	3	3	3	3	0	77	77	0	20	20	0	0	20	20	5
661	3	3	1	21	2.5	2.5	2.5	2.5	2.5	2.5	2.5	2.5	2.5	2.5	3	3	3	3	3	3	3	3	3	3	3	70	70	0	10	10	0	0	21	21	5
662	3	2	1	1	9	0	0	0	0	0	0	0	0	0	0	0	0	0	0	0	0	0	0	0	0	0	50	50	0	50	50	1	1	0	5
663	3	2	1	2	7.5	8	0	0	0	0	0	0	0	0	0	0	0	0	0	0	0	0	0	0	0	53	53	53	50	50	50	2	2	2	5
664	3	2	1	3	6	6	6.5	0	0	0	0	0	0	0	0	0	0	0	0	0	0	0	0	0	0	56	56	56	50	50	50	3	3	3	5
665	3	2	1	4	5	5	5.5	5.5	0	0	0	0	0	0	0	0	0	0	0	0	0	0	0	0	0	59	59	59	50	50	50	4	4	4	5
666	3	2	1	5	4.5	4.5	4.5	4.5	5	0	0	0	0	0	0	0	0	0	0	0	0	0	0	0	0	62	62	62	50	50	50	5	5	5	5
667	3	2	1	6	4	4	4	4	4.5	4.5	0	0	0	0	0	0	0	0	0	0	0	0	0	0	0	65	65	65	50	50	50	6	6	6	5
668	3	2	1	7	3.5	3.5	3.5	4	4	4	4	0	0	0	0	0	0	0	0	0	0	0	0	0	0	68	68	68	50	50	50	7	7	7	5
669	3	2	1	8	3.5	3.5	3.5	3.5	3.5	3.5	3.5	3.5	0	0	0	0	0	0	0	0	0	0	0	0	0	71	71	71	50	50	50	8	8	8	5
670	3	2	1	9	3	3	3	3	3	3.5	3.5	3.5	3.5	0	0	0	0	0	0	0	0	0	0	0	0	74	74	74	50	50	50	9	9	9	5
671	3	2	1	10	3	3	3	3	3	3	3	3	3	3.5	0	0	0	0	0	0	0	0	0	0	0	77	77	67	50	50	40	10	10	10	5
672	3	2	1	11	3	3	3	3	3	3	3	3	3	3	3	0	0	0	0	0	0	0	0	0	0	70	70	60	40	40	30	11	11	11	5
673	3	2	1	12	2.5	2.5	3	3	3	3	3	3	3	3	3	3	0	0	0	0	0	0	0	0	0	68	68	58	35	35	25	12	12	12	5
674	3	2	1	13	2.5	2.5	2.5	2.5	3	3	3	3	3	3	3	3	3	0	0	0	0	0	0	0	0	66	66	56	30	30	20	13	13	13	5
675	3	2	1	14	2.5	2.5	2.5	2.5	2.5	2.5	3	3	3	3	3	3	3	3	0	0	0	0	0	0	0	64	64	54	25	25	15	14	14	14	5
676	3	2	1	15	2.5	2.5	2.5	2.5	2.5	2.5	2.5	2.5	3	3	3	3	3	3	3	0	0	0	0	0	0	62	62	52	20	20	10	15	15	15	5
677	3	2	1	16	2.5	2.5	2.5	2.5	2.5	2.5	2.5	2.5	2.5	2.5	3	3	3	3	3	3	0	0	0	0	0	60	60	55	15	15	10	16	16	16	5
678	3	2	1	17	2.5	2.5	2.5	2.5	2.5	2.5	2.5	2.5	2.5	2.5	2.5	3	3	3	3	3	3	0	0	0	0	58	58	0	10	10	0	0	17	17	5
679	3	1	1	1	9	0	0	0	0	0	0	0	0	0	0	0	0	0	0	0	0	0	0	0	0	0	50	50	0	50	50	1	1	0	5
680	3	1	1	2	7	7	0	0	0	0	0	0	0	0	0	0	0	0	0	0	0	0	0	0	0	53	53	53	50	50	50	2	2	2	5
681	3	1	1	3	5.5	5.5	6	0	0	0	0	0	0	0	0	0	0	0	0	0	0	0	0	0	0	56	56	56	50	50	50	3	3	3	5
682	3	1	1	4	4.5	5	5	5	0	0	0	0	0	0	0	0	0	0	0	0	0	0	0	0	0	59	59	59	50	50	50	4	4	4	5
683	3	1	1	5	4	4	4	4.5	4.5	0	0	0	0	0	0	0	0	0	0	0	0	0	0	0	0	62	62	62	50	50	50	5	5	5	5
684	3	1	1	6	3.5	3.5	3.5	4	4	4	0	0	0	0	0	0	0	0	0	0	0	0	0	0	0	65	65	65	50	50	50	6	6	6	5
685	3	1	1	7	3.5	3.5	3.5	3.5	3.5	3.5	3.5	0	0	0	0	0	0	0	0	0	0	0	0	0	0	68	68	68	50	50	50	7	7	7	5
686	3	1	1	8	3	3	3	3	3	3.5	3.5	3.5	0	0	0	0	0	0	0	0	0	0	0	0	0	71	71	71	50	50	50	8	8	8	5
687	3	1	1	9	3	3	3	3	3	3	3	3	3.5	0	0	0	0	0	0	0	0	0	0	0	0	69	69	64	45	45	40	9	9	9	5
688	3	1	1	10	3	3	3	3	3	3	3	3	3	3	0	0	0	0	0	0	0	0	0	0	0	67	67	57	40	40	30	10	10	10	5
689	3	1	1	11	2.5	2.5	2.5	3	3	3	3	3	3	3	3	0	0	0	0	0	0	0	0	0	0	62	62	57	35	35	30	11	11	11	5
690	3	1	1	12	2.5	2.5	2.5	2.5	2.5	3	3	3	3	3	3	3	0	0	0	0	0	0	0	0	0	63	63	53	30	30	20	12	12	12	5
691	3	1	1	13	2.5	2.5	2.5	2.5	2.5	2.5	2.5	3	3	3	3	3	3	0	0	0	0	0	0	0	0	61	61	51	25	25	15	13	13	13	5
692	3	1	1	14	2.5	2.5	2.5	2.5	2.5	2.5	2.5	2.5	2.5	3	3	3	3	3	0	0	0	0	0	0	0	59	59	49	20	20	10	14	14	14	5
693	3	1	1	15	2.5	2.5	2.5	2.5	2.5	2.5	2.5	2.5	2.5	2.5	2.5	3	3	3	3	0	0	0	0	0	0	57	57	52	15	15	10	15	15	15	5
694	3	1	1	16	2.5	2.5	2.5	2.5	2.5	2.5	2.5	2.5	2.5	2.5	2.5	2.5	3	3	3	3	0	0	0	0	0	55	55	0	10	10	0	0	16	16	5
695	2.5	3	1	1	9	0	0	0	0	0	0	0	0	0	0	0	0	0	0	0	0	0	0	0	0	0	50	50	0	50	50	1	1	0	5
696	2.5	3	1	2	9	9.5	0	0	0	0	0	0	0	0	0	0	0	0	0	0	0	0	0	0	0	53	53	53	50	50	50	2	2	2	5
697	2.5	3	1	3	7.5	8	8	0	0	0	0	0	0	0	0	0	0	0	0	0	0	0	0	0	0	55	55	55	50	50	50	3	3	3	5
698	2.5	3	1	4	6	6.5	6.5	7	0	0	0	0	0	0	0	0	0	0	0	0	0	0	0	0	0	58	58	58	50	50	50	4	4	4	5
699	2.5	3	1	5	5.5	5.5	6	6	6	0	0	0	0	0	0	0	0	0	0	0	0	0	0	0	0	60	60	60	50	50	50	5	5	5	5
700	2.5	3	1	6	5	5	5	5.5	5.5	5.5	0	0	0	0	0	0	0	0	0	0	0	0	0	0	0	63	63	63	50	50	50	6	6	6	5
701	2.5	3	1	7	4.5	4.5	4.5	5	5	5	5	0	0	0	0	0	0	0	0	0	0	0	0	0	0	65	65	65	50	50	50	7	7	7	5
702	2.5	3	1	8	4	4	4.5	4.5	4.5	4.5	4.5	5	0	0	0	0	0	0	0	0	0	0	0	0	0	68	68	68	50	50	50	8	8	8	5
703	2.5	3	1	9	4	4	4	4	4	4	4	4.5	4.5	0	0	0	0	0	0	0	0	0	0	0	0	70	70	70	50	50	50	9	9	9	5
704	2.5	3	1	10	3.5	3.5	4	4	4	4	4	4	4	4	0	0	0	0	0	0	0	0	0	0	0	73	73	73	50	50	50	10	10	10	5
705	2.5	3	1	11	3.5	3.5	3.5	3.5	3.5	3.5	3.5	4	4	4	4	0	0	0	0	0	0	0	0	0	0	75	75	75	50	50	50	11	11	11	5
706	2.5	3	1	12	3	3	3.5	3.5	3.5	3.5	3.5	3.5	3.5	3.5	3.5	3.5	0	0	0	0	0	0	0	0	0	78	78	78	50	50	50	12	12	12	5
707	2.5	3	1	13	3	3	3	3	3	3	3.5	3.5	3.5	3.5	3.5	3.5	3.5	0	0	0	0	0	0	0	0	80	80	80	50	50	50	13	13	13	5
708	2.5	3	1	14	3	3	3	3	3	3	3	3	3	3	3.5	3.5	3.5	0	0	0	0	0	0	0	0	83	83	78	50	50	45	14	14	14	5
709	2.5	3	1	15	2.5	2.5	3	3	3	3	3	3	3	3	3	3	3.5	0	0	0	0	0	0	0	0	85	85	75	50	50	40	15	15	15	5
710	2.5	3	1	16	2.5	2.5	2.5	2.5	2.5	3	3	3	3	3	3	3	3	3	3	3	0	0	0	0	0	88	88	73	50	50	35	16	16	16	5
711	2.5	3	1	17	2.5	2.5	2.5	2.5	2.5	2.5	2.5	2.5	3	3	3	3	3	3	3	3	3	0	0	0	0	90	90	70	50	50	30	17	17	17	5
712	2.5	3	1	18	2.5	2.5	2.5	2.5	2.5	2.5	2.5	2.5	3	3	3	3	3	3	3	3	3	3	0	0	0	83	83	68	40	40	25	18	18	18	5
713	2.5	3	1	19	2.5	2.5	2.5	2.5	2.5	2.5	2.5	3	3	3	3	3	3	3	3	3	3	3	3	0	0	75	75	64	30	30	20	19	19	19	5
714	2.5	3	1	20	2.5	2.5	2.5	2.5	2.5	2.5	2.5	2.5	3	3	3	3	3	3	3	3	3	3	3	3	0	68	68	63	20	20	15	20	20	20	5
715	2.5	3	1	21	2.5	2.5	2.5	2.5	2.5	2.5	2.5	2.5	2.5	3	3	3	3	3	3	3	3	3	3	3	3	60	60	60	10	10	10	21	21	21	5
716	2.5	2	1	1	9	0	0	0	0	0	0	0	0	0	0	0	0	0	0	0	0	0	0	0	0	0	50	50	0	50	50	1	1	0	5
717	2.5	2	1	2	7.5	7.5	0	0	0	0	0	0	0	0	0	0	0	0	0	0	0	0	0	0	0	53	53	53	50	50	50	2	2	2	5
718	2.5	2	1	3	6	6	6	0	0	0	0	0	0	0	0	0	0	0	0	0	0	0	0	0	0	55	55	55	50	50	50	3	3	3	5
719	2.5	2	1	4	5	5	5	5.5	0	0	0	0	0	0	0	0	0	0	0	0	0	0	0	0	0	58	58	58	50	50	50	4	4	4	5
720	2.5	2	1	5	4.5	4.5	4.5	4.5	5	0	0	0	0	0	0	0	0	0	0	0	0	0	0	0	0	60	60	60	50	50	50	5	5	5	5
721	2.5	2	1	6	4	4	4	4	4	4.5	0	0	0	0	0	0	0	0	0	0	0	0	0	0	0	63	63	63	50	50	50	6	6	6	5
722	2.5	2	1	7	3.5	3.5	3.5	3.5	4	4	4	0	0	0	0	0	0	0	0	0	0	0	0	0	0	65	65	65	50	50	50	7	7	7	5
723	2.5	2	1	8	3.5	3.5	3.5	3.5	3.5	3.5	3.5	3.5	0	0	0	0	0	0	0	0	0	0	0	0	0	68	68	68	50	50	50	8	8	8	5
724	2.5	2	1	9	3	3	3	3	3	3.5	3.5	3.5	3.5	0	0	0	0	0	0	0	0	0	0	0	0	70	70	70	50	50	50	9	9	9	5
725	2.5	2	1	10	3	3	3	3	3	3	3	3	3.5	3.5	0	0	0	0	0	0	0	0	0	0	0	68	68	68	45	45	45	10	10	10	5
726	2.5	2	1	11	3	3	3	3	3	3	3	3	3	3	3.5	0	0	0	0	0	0	0	0	0	0	65	65	65	40	40	40	11	11	11	5
727	2.5	2	1	12	2.5	3	3	3	3	3	3	3	3	3	3	3	0	0	0	0	0	0	0	0	0	63	63	63	35	35	35	12	12	12	5
728	2.5	2	1	13	2.5	2.5	2.5	3	3	3	3	3	3	3	3	3	3	0	0	0	0	0	0	0	0	60	60	60	30	30	30	13	13	13	5
729	2.5	2	1	14	2.5	2.5	2.5	2.5	2.5	3	3	3	3	3	3	3	3	3	0	0	0	0	0	0	0	58	58	58	25	25	25	14	14	14	5
730	2.5	2	1	15	2.5	2.5	2.5	2.5	2.5	2.5	3	3	3	3	3	3	3	3	3	0	0	0	0	0	0	55	55	55	20	20	20	15	15	15	5
731	2.5	2	1	16	2.5	2.5	2.5	2.5	2.5	2.5	2.5	2.5	3	3	3	3	3	3	3	3	0	0	0	0	0	53	53	53	15	15	15	16	16	16	5
732	2.5	2	1	17	2.5	2.5	2.5	2.5	2.5	2.5	2.5	2.5	2.5	2.5	3	3	3	3	3	3	3	0	0	0	0	50	50	50	10	10	10	17	17	17	5
733	2.5	1	1	1	9	0	0	0	0	0	0	0	0	0	0	0	0	0	0	0	0	0	0	0	0	0	50	50	0	50	50	1	1	0	5
734	2.5	1	1	2	7	7	0	0	0	0	0	0	0	0	0	0	0	0	0	0	0	0	0	0	0	53	53	53	50	50	50	2	2	2	5
735	2.5	1	1	3	5.5	5.5	6	0	0	0	0	0	0	0	0	0	0	0	0	0	0	0	0	0	0	55	55	55	50	50	50	3	3	3	5
736	2.5	1	1	4	4.5	4.5	5	5	0	0	0	0	0	0	0	0	0	0	0	0	0	0	0	0	0	58	58	58	50	50	50	4	4	4	5
737	2.5	1	1	5	4	4	4	4.5	4.5	0	0	0	0	0	0	0	0	0	0	0	0	0	0	0	0	60	60	60	50	50	50	5	5	5	5
738	2.5	1	1	6	3.5	3.5	4	4	4	4	0	0	0	0	0	0	0	0	0	0	0	0	0	0	0	63	63	63	50	50	50	6	6	6	5
739	2.5	1	1	7	3.5	3.5	3.5	3.5	3.5	3.5	3.5	0	0	0	0	0	0	0	0	0	0	0	0	0	0	65	65	65	50	50	50	7	7	7	5
740	2.5	1	1	8	3	3	3	3	3.5	3.5	3.5	3.5	0	0	0	0	0	0	0	0	0	0	0	0	0	68	68	68	50	50	50	8	8	8	5
741	2.5	1	1	9	3	3	3	3	3	3	3	3.5	3.5	0	0	0	0	0	0	0	0	0	0	0	0	65	65	65	45	45	45	9	9	9	5
742	2.5	1	1	10	3	3	3	3	3	3	3	3	3	3.5	0	0	0	0	0	0	0	0	0	0	0	63	63	63	40	40	40	10	10	10	5
743	2.5	1	1	11	2.5	3	3	3	3	3	3	3	3	3	3	0	0	0	0	0	0	0	0	0	0	60	60	60	35	35	35	11	11	11	5
744	2.5	1	1	12	2.5	2.5	2.5	3	3	3	3	3	3	3	3	3	0	0	0	0	0	0	0	0	0	58	58	58	30	30	30	12	12	12	5
745	2.5	1	1	13	2.5	2.5	2.5	2.5	2.5	3	3	3	3	3	3	3	3	0	0	0	0	0	0	0	0	55	55	55	25	25	25	13	13	13	5
746	2.5	1	1	14	2.5	2.5	2.5	2.5	2.5	2.5	2.5	3	3	3	3	3	3	3	0	0	0	0	0	0	0	53	53	53	20	20	20	14	14	14	5
747	2.5	1	1	15	2.5	2.5	2.5	2.5	2.5	2.5	2.5	2.5	3	3	3	3	3	3	3	0	0	0	0	0	0	50	50	50	15	15	15	15	15	15	5
748	2.5	1	1	16	2.5	2.5	2.5	2.5	2.5	2.5	2.5	2.5	2.5	2.5	3	3	3	3	3	3	0	0	0	0	0	48	48	48	10	10	10	16	16	16	5
749	12	3	2	1	9	0	0	0	0	0	0	0	0	0	0	0	0	0	0	0	0	0	0	0	0	33	44	59	24	35	50	1	1	1	5
750	12	3	2	2	6.5	7	0	0	0	0	0	0	0	0	0	0	0	0	0	0	0	0	0	0	0	45	56	71	24	35	50	2	2	2	5
751	12	3	2	3	5	5.5	6	0	0	0	0	0	0	0	0	0	0	0	0	0	0	0	0	0	0	57	68	73	24	35	40	3	3	3	5
752	12	3	2	4	4.5	5	5.5	5.5	0	0	0	0	0	0	0	0	0	0	0	0	0	0	0	0	0	65	65	65	20	20	20	4	4	4	5
753	12	3	2	5	4	4	4.5	4.5	5	0	0	0	0	0	0	0	0	0	0	0	0	0	0	0	0	77	77	67	20	20	10	5	5	5	5
754	12	3	2	6	3.5	3.5	4	4	4.5	4.5	0	0	0	0	0	0	0	0	0	0	0	0	0	0	0	84	84	0	15	15	0	0	6	6	5
755	12	3	2	7	3	3	3.5	3.5	3.5	4	4	0	0	0	0	0	0	0	0	0	0	0	0	0	0	96	0	0	15	0	0	0	0	7	5
756	12	3	2	8	3	3	3	3.5	3.5	3.5	4	4	0	0	0	0	0	0	0	0	0	0	0	0	0	98	0	0	5	0	0	0	0	8	5
757	12	2	2	1	8.5	0	0	0	0	0	0	0	0	0	0	0	0	0	0	0	0	0	0	0	0	34	44	59	25	35	50	1	1	1	5
758	12	2	2	2	5.5	6	0	0	0	0	0	0	0	0	0	0	0	0	0	0	0	0	0	0	0	46	56	66	25	35	45	2	2	2	5
759	12	2	2	3	4.5	5	5	0	0	0	0	0	0	0	0	0	0	0	0	0	0	0	0	0	0	58	68	63	25	35	30	3	3	3	5
760	12	2	2	4	4	4	4.5	4.5	0	0	0	0	0	0	0	0	0	0	0	0	0	0	0	0	0	70	70	50	25	25	5	4	4	4	5
761	12	2	2	5	3.5	3.5	4	4	4	0	0	0	0	0	0	0	0	0	0	0	0	0	0	0	0	77	67	0	20	10	0	0	5	5	5
762	12	2	2	6	3	3.5	3.5	3.5	4	4	0	0	0	0	0	0	0	0	0	0	0	0	0	0	0	79	0	0	10	0	0	0	0	6	5
763	12	1	2	1	7	0	0	0	0	0	0	0	0	0	0	0	0	0	0	0	0	0	0	0	0	34	44	59	25	35	50	1	1	1	5
764	12	1	2	2	5	5	0	0	0	0	0	0	0	0	0	0	0	0	0	0	0	0	0	0	0	51	61	71	25	35	45	2	2	2	5
765	12	1	2	3	4	4.5	4.5	0	0	0	0	0	0	0	0	0	0	0	0	0	0	0	0	0	0	58	63	53	25	30	20	3	3	3	5
766	12	1	2	4	3.5	4	4	4	0	0	0	0	0	0	0	0	0	0	0	0	0	0	0	0	0	65	65	0	20	20	0	0	4	4	5
767	12	1	2	5	3	3.5	3.5	3.5	3.5	0	0	0	0	0	0	0	0	0	0	0	0	0	0	0	0	77	0	0	20	0	0	0	0	5	5
768	12	1	2	6	3	3	3.5	3.5	3.5	3.5	0	0	0	0	0	0	0	0	0	0	0	0	0	0	0	74	0	0	5	0	0	0	0	6	5
769	11.5	3	2	1	9	0	0	0	0	0	0	0	0	0	0	0	0	0	0	0	0	0	0	0	0	33	44	59	24	35	50	1	1	1	5
770	11.5	3	2	2	6.5	7	0	0	0	0	0	0	0	0	0	0	0	0	0	0	0	0	0	0	0	44	55	70	24	35	50	2	2	2	5
771	11.5	3	2	3	5	5.5	6	0	0	0	0	0	0	0	0	0	0	0	0	0	0	0	0	0	0	56	67	72	24	35	40	3	3	3	5
772	11.5	3	2	4	4.5	5	5.5	5.5	0	0	0	0	0	0	0	0	0	0	0	0	0	0	0	0	0	63	63	63	20	20	20	4	4	4	5
773	11.5	3	2	5	4	4.5	4.5	4.5	5	0	0	0	0	0	0	0	0	0	0	0	0	0	0	0	0	75	75	65	20	20	10	5	5	5	5
774	11.5	3	2	6	3.5	4	4	4	4.5	4.5	0	0	0	0	0	0	0	0	0	0	0	0	0	0	0	82	82	0	15	15	0	0	6	6	5
775	11.5	3	2	7	3	3.5	3.5	3.5	3.5	4	4	0	0	0	0	0	0	0	0	0	0	0	0	0	0	93	83	0	15	5	0	0	7	7	5
776	11.5	3	2	8	3	3	3.5	3.5	3.5	3.5	4	4	0	0	0	0	0	0	0	0	0	0	0	0	0	95	0	0	5	0	0	0	0	8	5
777	11.5	2	2	1	8.5	0	0	0	0	0	0	0	0	0	0	0	0	0	0	0	0	0	0	0	0	34	44	59	25	35	50	1	1	1	5
778	11.5	2	2	2	5.5	6	0	0	0	0	0	0	0	0	0	0	0	0	0	0	0	0	0	0	0	46	56	66	25	35	45	2	2	2	5
779	11.5	2	2	3	4.5	5	5	0	0	0	0	0	0	0	0	0	0	0	0	0	0	0	0	0	0	57	67	62	25	35	30	3	3	3	5
780	11.5	2	2	4	4	4	4.5	4.5	0	0	0	0	0	0	0	0	0	0	0	0	0	0	0	0	0	69	74	54	25	30	10	4	4	4	5
781	11.5	2	2	5	3.5	3.5	4	4	4	0	0	0	0	0	0	0	0	0	0	0	0	0	0	0	0	80	70	0	25	15	0	0	5	5	5
782	11.5	2	2	6	3	3.5	3.5	3.5	4	4	0	0	0	0	0	0	0	0	0	0	0	0	0	0	0	82	0	0	15	0	0	0	0	6	5
783	11.5	1	2	1	7	0	0	0	0	0	0	0	0	0	0	0	0	0	0	0	0	0	0	0	0	34	44	59	25	35	50	1	1	1	5
784	11.5	1	2	2	5	5	0	0	0	0	0	0	0	0	0	0	0	0	0	0	0	0	0	0	0	46	56	66	25	35	45	2	2	2	5
785	11.5	1	2	3	4	4.5	4.5	0	0	0	0	0	0	0	0	0	0	0	0	0	0	0	0	0	0	62	67	57	25	30	20	3	3	3	5
786	11.5	1	2	4	3.5	4	4	4	0	0	0	0	0	0	0	0	0	0	0	0	0	0	0	0	0	69	69	0	20	20	0	0	4	4	5
787	11.5	1	2	5	3	3.5	3.5	3.5	3.5	0	0	0	0	0	0	0	0	0	0	0	0	0	0	0	0	80	0	0	20	0	0	0	0	5	5
788	11.5	1	2	6	3	3	3.5	3.5	3.5	3.5	0	0	0	0	0	0	0	0	0	0	0	0	0	0	0	77	0	0	5	0	0	0	0	6	5
789	11	3	2	1	9	0	0	0	0	0	0	0	0	0	0	0	0	0	0	0	0	0	0	0	0	33	44	59	24	35	50	1	1	1	5
790	11	3	2	2	6.5	7	0	0	0	0	0	0	0	0	0	0	0	0	0	0	0	0	0	0	0	44	55	70	24	35	50	2	2	2	5
791	11	3	2	3	5	5.5	6	0	0	0	0	0	0	0	0	0	0	0	0	0	0	0	0	0	0	55	66	76	24	35	45	3	3	3	5
792	11	3	2	4	4.5	5	5.5	5.5	0	0	0	0	0	0	0	0	0	0	0	0	0	0	0	0	0	66	66	66	24	24	24	4	4	4	5
793	11	3	2	5	4	4	4.5	4.5	5	0	0	0	0	0	0	0	0	0	0	0	0	0	0	0	0	73	73	68	20	20	15	5	5	5	5
794	11	3	2	6	3.5	3.5	4	4	4	4.5	0	0	0	0	0	0	0	0	0	0	0	0	0	0	0	84	84	0	20	20	0	0	6	6	5
795	11	3	2	7	3	3.5	3.5	3.5	3.5	4	4	0	0	0	0	0	0	0	0	0	0	0	0	0	0	90	85	0	15	10	0	0	7	7	5
796	11	3	2	8	3	3	3	3.5	3.5	3.5	3.5	3.5	0	0	0	0	0	0	0	0	0	0	0	0	0	96	0	0	10	0	0	0	0	8	5
797	11	2	2	1	8.5	0	0	0	0	0	0	0	0	0	0	0	0	0	0	0	0	0	0	0	0	34	44	59	25	35	50	1	1	1	5
798	11	2	2	2	5.5	6	0	0	0	0	0	0	0	0	0	0	0	0	0	0	0	0	0	0	0	45	55	70	25	35	50	2	2	2	5
799	11	2	2	3	4.5	5	5	0	0	0	0	0	0	0	0	0	0	0	0	0	0	0	0	0	0	56	66	61	25	35	30	3	3	3	5
800	11	2	2	4	4	4	4.5	4.5	0	0	0	0	0	0	0	0	0	0	0	0	0	0	0	0	0	67	72	54	25	30	12	4	4	4	5
801	11	2	2	5	3.5	3.5	4	4	4	0	0	0	0	0	0	0	0	0	0	0	0	0	0	0	0	78	70	0	25	17	0	0	5	5	5
802	11	2	2	6	3	3.5	3.5	3.5	4	4	0	0	0	0	0	0	0	0	0	0	0	0	0	0	0	79	69	0	15	5	0	0	0	6	5
803	11	2	2	7	3	3	3	3.5	3.5	3.5	3.5	0	0	0	0	0	0	0	0	0	0	0	0	0	0	82	0	0	7	0	0	0	0	7	5
804	11	1	2	1	7	0	0	0	0	0	0	0	0	0	0	0	0	0	0	0	0	0	0	0	0	34	44	59	25	35	50	1	1	1	5
805	11	1	2	2	5	5	0	0	0	0	0	0	0	0	0	0	0	0	0	0	0	0	0	0	0	45	55	70	25	35	50	2	2	2	5
806	11	1	2	3	4	4.5	4.5	0	0	0	0	0	0	0	0	0	0	0	0	0	0	0	0	0	0	56	66	56	25	35	25	3	3	3	5
807	11	1	2	4	3.5	4	4	4	0	0	0	0	0	0	0	0	0	0	0	0	0	0	0	0	0	67	67	0	25	25	0	0	4	4	5
808	11	1	2	5	3.5	3.5	3.5	3.5	3.5	0	0	0	0	0	0	0	0	0	0	0	0	0	0	0	0	73	58	0	20	5	0	0	5	5	5
809	11	1	2	6	3	3	3.5	3.5	3.5	3.5	0	0	0	0	0	0	0	0	0	0	0	0	0	0	0	74	0	0	10	0	0	0	0	6	5
810	10.5	3	2	1	9	0	0	0	0	0	0	0	0	0	0	0	0	0	0	0	0	0	0	0	0	34	44	59	25	35	50	1	1	1	5
811	10.5	3	2	2	6.5	7	0	0	0	0	0	0	0	0	0	0	0	0	0	0	0	0	0	0	0	45	55	70	25	35	50	2	2	2	5
812	10.5	3	2	3	5	5.5	5.5	0	0	0	0	0	0	0	0	0	0	0	0	0	0	0	0	0	0	55	65	80	25	35	50	3	3	3	5
813	10.5	3	2	4	4.5	5	5	5	0	0	0	0	0	0	0	0	0	0	0	0	0	0	0	0	0	66	71	61	25	30	30	4	4	4	5
814	10.5	3	2	5	4	4	4.5	4.5	4.5	0	0	0	0	0	0	0	0	0	0	0	0	0	0	0	0	81	81	61	25	25	10	5	5	5	5
815	10.5	3	2	6	3.5	3.5	4	4	4	4.5	0	0	0	0	0	0	0	0	0	0	0	0	0	0	0	82	82	0	20	20	0	0	6	6	5
816	10.5	3	2	7	3	3.5	3.5	3.5	4	4	4	0	0	0	0	0	0	0	0	0	0	0	0	0	0	87	82	0	15	10	0	0	7	7	5
817	10.5	3	2	8	3	3	3	3.5	3.5	3.5	3.5	4	0	0	0	0	0	0	0	0	0	0	0	0	0	93	0	0	10	0	0	0	0	8	5
818	10.5	3	2	9	2.5	3	3	3	3	3.5	3.5	3.5	3.5	0	0	0	0	0	0	0	0	0	0	0	0	98	0	0	5	0	0	0	0	9	5
819	10.5	2	2	1	8.5	0	0	0	0	0	0	0	0	0	0	0	0	0	0	0	0	0	0	0	0	34	44	59	25	35	50	1	1	1	5
820	10.5	2	2	2	5.5	6	0	0	0	0	0	0	0	0	0	0	0	0	0	0	0	0	0	0	0	45	55	70	25	35	50	2	2	2	5
821	10.5	2	2	3	4.5	5	5	0	0	0	0	0	0	0	0	0	0	0	0	0	0	0	0	0	0	55	65	65	25	35	35	3	3	3	5
822	10.5	2	2	4	4	4	4.5	4.5	0	0	0	0	0	0	0	0	0	0	0	0	0	0	0	0	0	66	71	56	25	30	15	4	4	4	5
823	10.5	2	2	5	3.5	3.5	4	4	4	0	0	0	0	0	0	0	0	0	0	0	0	0	0	0	0	76	73	0	25	22	0	0	5	5	5
824	10.5	2	2	6	3	3.5	3.5	3.5	4	4	0	0	0	0	0	0	0	0	0	0	0	0	0	0	0	77	72	0	15	5	0	0	6	6	5
825	10.5	2	2	7	3	3	3	3.5	3.5	3.5	3.5	0	0	0	0	0	0	0	0	0	0	0	0	0	0	82	0	0	10	0	0	0	0	7	5
826	10.5	1	2	1	7	0	0	0	0	0	0	0	0	0	0	0	0	0	0	0	0	0	0	0	0	34	44	59	25	35	50	1	1	1	5
827	10.5	1	2	2	5	5	0	0	0	0	0	0	0	0	0	0	0	0	0	0	0	0	0	0	0	45	55	70	25	35	50	2	2	2	5
828	10.5	1	2	3	4	4.5	4.5	0	0	0	0	0	0	0	0	0	0	0	0	0	0	0	0	0	0	55	65	57	25	35	27	3	3	3	5
829	10.5	1	2	4	3.5	4	4	4	0	0	0	0	0	0	0	0	0	0	0	0	0	0	0	0	0	66	66	46	25	25	5	4	4	4	5
830	10.5	1	2	5	3.5	3.5	3.5	3.5	3.5	0	0	0	0	0	0	0	0	0	0	0	0	0	0	0	0	71	61	0	20	10	0	0	5	5	5
831	10.5	1	2	6	3	3	3.5	3.5	3.5	3.5	0	0	0	0	0	0	0	0	0	0	0	0	0	0	0	72	0	0	10	0	0	0	0	6	5
832	10	3	2	1	9	0	0	0	0	0	0	0	0	0	0	0	0	0	0	0	0	0	0	0	0	34	44	59	25	35	50	1	1	1	5
833	10	3	2	2	6	6.5	0	0	0	0	0	0	0	0	0	0	0	0	0	0	0	0	0	0	0	44	54	69	25	35	50	2	2	2	5
834	10	3	2	3	5	5.5	5.5	0	0	0	0	0	0	0	0	0	0	0	0	0	0	0	0	0	0	54	64	74	25	35	45	3	3	3	5
835	10	3	2	4	4.5	5	5	5.5	0	0	0	0	0	0	0	0	0	0	0	0	0	0	0	0	0	64	64	64	25	25	25	4	4	4	5
836	10	3	2	5	4	4.5	4.5	4.5	5	0	0	0	0	0	0	0	0	0	0	0	0	0	0	0	0	74	69	64	25	20	15	5	5	5	5
837	10	3	2	6	3.5	4	4	4	4.5	4.5	0	0	0	0	0	0	0	0	0	0	0	0	0	0	0	79	74	0	20	15	0	0	6	6	5
838	10	3	2	7	3.5	3.5	3.5	3.5	4	4	4	0	0	0	0	0	0	0	0	0	0	0	0	0	0	84	79	0	15	10	0	0	7	7	5
839	10	3	2	8	3	3	3	3.5	3.5	3.5	3.5	4	0	0	0	0	0	0	0	0	0	0	0	0	0	94	0	0	15	0	0	0	0	8	5
840	10	3	2	9	2.5	2.5	3	3	3	3	3	3.5	3.5	0	0	0	0	0	0	0	0	0	0	0	0	99	0	0	10	0	0	0	0	9	5
841	10	2	2	1	8.5	0	0	0	0	0	0	0	0	0	0	0	0	0	0	0	0	0	0	0	0	34	44	59	25	35	50	1	1	1	5
842	10	2	2	2	5.5	6	0	0	0	0	0	0	0	0	0	0	0	0	0	0	0	0	0	0	0	44	54	69	25	35	50	2	2	2	5
843	10	2	2	3	4.5	5	5	0	0	0	0	0	0	0	0	0	0	0	0	0	0	0	0	0	0	54	64	64	25	35	35	3	3	3	5
844	10	2	2	4	4	4	4.5	4.5	0	0	0	0	0	0	0	0	0	0	0	0	0	0	0	0	0	64	69	56	25	30	17	4	4	4	5
845	10	2	2	5	3.5	3.5	4	4	4	0	0	0	0	0	0	0	0	0	0	0	0	0	0	0	0	74	74	0	25	25	0	0	5	5	5
846	10	2	2	6	3	3	3.5	3.5	3.5	3.5	0	0	0	0	0	0	0	0	0	0	0	0	0	0	0	79	64	0	20	5	0	0	6	6	5
847	10	2	2	7	3	3	3	3.5	3.5	3.5	3.5	0	0	0	0	0	0	0	0	0	0	0	0	0	0	84	0	0	15	0	0	0	0	7	5
848	10	1	2	1	7	0	0	0	0	0	0	0	0	0	0	0	0	0	0	0	0	0	0	0	0	34	44	59	25	35	50	1	1	1	5
849	10	1	2	2	5	5	0	0	0	0	0	0	0	0	0	0	0	0	0	0	0	0	0	0	0	44	54	69	25	35	50	2	2	2	5
850	10	1	2	3	4	4.5	4.5	0	0	0	0	0	0	0	0	0	0	0	0	0	0	0	0	0	0	54	64	59	25	35	30	3	3	3	5
851	10	1	2	4	3.5	4	4	4	0	0	0	0	0	0	0	0	0	0	0	0	0	0	0	0	0	64	64	47	25	25	8	4	4	4	5
852	10	1	2	5	3.5	3.5	3.5	3.5	3.5	0	0	0	0	0	0	0	0	0	0	0	0	0	0	0	0	69	61	0	20	12	0	0	5	5	5
853	10	1	2	6	3	3	3.5	3.5	3.5	3.5	0	0	0	0	0	0	0	0	0	0	0	0	0	0	0	69	0	0	10	0	0	0	0	6	5
854	9.5	3	2	1	9	0	0	0	0	0	0	0	0	0	0	0	0	0	0	0	0	0	0	0	0	34	44	59	25	35	50	1	1	1	5
855	9.5	3	2	2	6	6.5	0	0	0	0	0	0	0	0	0	0	0	0	0	0	0	0	0	0	0	44	54	69	25	35	50	2	2	2	5
856	9.5	3	2	3	5	5.5	5.5	0	0	0	0	0	0	0	0	0	0	0	0	0	0	0	0	0	0	53	63	78	25	35	50	3	3	3	5
857	9.5	3	2	4	4.5	5	5	5.5	0	0	0	0	0	0	0	0	0	0	0	0	0	0	0	0	0	62	67	67	25	30	30	4	4	4	5
858	9.5	3	2	5	4	4.5	4.5	4.5	5	0	0	0	0	0	0	0	0	0	0	0	0	0	0	0	0	72	72	67	25	25	20	5	5	5	5
859	9.5	3	2	6	3.5	4	4	4	4.5	4.5	0	0	0	0	0	0	0	0	0	0	0	0	0	0	0	81	81	61	25	25	5	6	6	6	5
860	9.5	3	2	7	3	3.5	3.5	3.5	3.5	4	4	0	0	0	0	0	0	0	0	0	0	0	0	0	0	91	86	0	25	20	0	0	7	7	5
861	9.5	3	2	8	3	3	3	3.5	3.5	3.5	3.5	4	0	0	0	0	0	0	0	0	0	0	0	0	0	96	86	0	20	10	0	0	8	8	5
862	9.5	3	2	9	2.5	2.5	3	3	3	3	3	3.5	3.5	0	0	0	0	0	0	0	0	0	0	0	0	100	0	0	15	0	0	0	0	9	5
863	9.5	3	2	10	2.5	2.5	2.5	3	3	3	3	3	3.5	3.5	0	0	0	0	0	0	0	0	0	0	0	100	0	0	5	0	0	0	0	10	5
864	9.5	2	2	1	8.5	0	0	0	0	0	0	0	0	0	0	0	0	0	0	0	0	0	0	0	0	34	44	59	25	35	50	1	1	1	5
865	9.5	2	2	2	5.5	6	0	0	0	0	0	0	0	0	0	0	0	0	0	0	0	0	0	0	0	44	54	69	25	35	50	2	2	2	5
866	9.5	2	2	3	4.5	5	5	0	0	0	0	0	0	0	0	0	0	0	0	0	0	0	0	0	0	53	63	63	25	35	35	3	3	3	5
867	9.5	2	2	4	4	4	4.5	4.5	0	0	0	0	0	0	0	0	0	0	0	0	0	0	0	0	0	63	68	56	25	30	18	4	4	4	5
868	9.5	2	2	5	3.5	3.5	4	4	4	0	0	0	0	0	0	0	0	0	0	0	0	0	0	0	0	72	72	0	25	25	0	0	5	5	5
869	9.5	2	2	6	3.5	3.5	3.5	3.5	3.5	4	0	0	0	0	0	0	0	0	0	0	0	0	0	0	0	77	62	0	20	5	0	0	6	6	5
870	9.5	2	2	7	3	3	3	3.5	3.5	3.5	3.5	0	0	0	0	0	0	0	0	0	0	0	0	0	0	81	0	0	15	0	0	0	0	7	5
871	9.5	1	2	1	7	0	0	0	0	0	0	0	0	0	0	0	0	0	0	0	0	0	0	0	0	34	44	59	25	35	50	1	1	1	5
872	9.5	1	2	2	5	5	0	0	0	0	0	0	0	0	0	0	0	0	0	0	0	0	0	0	0	44	54	69	25	35	50	2	2	2	5
873	9.5	1	2	3	4	4.5	4.5	0	0	0	0	0	0	0	0	0	0	0	0	0	0	0	0	0	0	53	63	58	25	35	30	3	3	3	5
874	9.5	1	2	4	3.5	4	4	4	0	0	0	0	0	0	0	0	0	0	0	0	0	0	0	0	0	63	63	48	25	25	10	4	4	4	5
875	9.5	1	2	5	3.5	3.5	3.5	3.5	3.5	0	0	0	0	0	0	0	0	0	0	0	0	0	0	0	0	67	62	0	20	15	0	0	5	5	5
876	9.5	1	2	6	3	3	3.5	3.5	3.5	3.5	0	0	0	0	0	0	0	0	0	0	0	0	0	0	0	67	62	0	10	5	0	0	6	6	5
877	9.5	1	2	7	3	3	3	3	3	3.5	3.5	0	0	0	0	0	0	0	0	0	0	0	0	0	0	71	0	0	5	0	0	0	0	7	5
878	9	3	2	1	9	0	0	0	0	0	0	0	0	0	0	0	0	0	0	0	0	0	0	0	0	34	44	59	25	35	50	1	1	1	5
879	9	3	2	2	7	7.5	0	0	0	0	0	0	0	0	0	0	0	0	0	0	0	0	0	0	0	43	53	68	25	35	50	2	2	2	5
880	9	3	2	3	5.5	5.5	6	0	0	0	0	0	0	0	0	0	0	0	0	0	0	0	0	0	0	52	62	77	25	35	50	3	3	3	5
881	9	3	2	4	5	5	5.5	5.5	0	0	0	0	0	0	0	0	0	0	0	0	0	0	0	0	0	61	71	71	25	35	35	4	4	4	5
882	9	3	2	5	4	4.5	4.5	4.5	5	0	0	0	0	0	0	0	0	0	0	0	0	0	0	0	0	70	80	70	25	35	25	5	5	5	5
883	9	3	2	6	3.5	4	4	4	4.5	4.5	0	0	0	0	0	0	0	0	0	0	0	0	0	0	0	79	89	64	25	35	10	6	6	6	5
884	9	3	2	7	3	3.5	3.5	3.5	3.5	4	4	0	0	0	0	0	0	0	0	0	0	0	0	0	0	88	83	0	25	20	0	0	7	7	5
885	9	3	2	8	3	3	3.5	3.5	3.5	3.5	4	4	0	0	0	0	0	0	0	0	0	0	0	0	0	97	82	0	25	10	0	0	8	8	5
886	9	3	2	9	3	3	3	3	3.5	3.5	3.5	3.5	4	0	0	0	0	0	0	0	0	0	0	0	0	96	0	0	15	0	0	0	0	9	5
887	9	3	2	10	2.5	2.5	3	3	3	3	3.5	3.5	3.5	4	0	0	0	0	0	0	0	0	0	0	0	100	0	0	10	0	0	0	0	10	5
888	9	3	2	11	2.5	2.5	3	3	3	3	3.5	3.5	3.5	4	4	0	0	0	0	0	0	0	0	0	0	102	0	0	3	0	0	0	0	11	5
889	9	2	2	1	8.5	0	0	0	0	0	0	0	0	0	0	0	0	0	0	0	0	0	0	0	0	34	44	59	25	35	50	1	1	1	5
890	9	2	2	2	5.5	6	0	0	0	0	0	0	0	0	0	0	0	0	0	0	0	0	0	0	0	43	53	68	25	35	50	2	2	2	5
891	9	2	2	3	4.5	5	5	0	0	0	0	0	0	0	0	0	0	0	0	0	0	0	0	0	0	52	62	62	25	35	35	3	3	3	5
892	9	2	2	4	4	4	4.5	4.5	0	0	0	0	0	0	0	0	0	0	0	0	0	0	0	0	0	61	66	56	25	30	20	4	4	4	5
893	9	2	2	5	3.5	4	4	4	4	0	0	0	0	0	0	0	0	0	0	0	0	0	0	0	0	70	70	0	25	25	0	0	5	5	5
894	9	2	2	6	3.5	3.5	3.5	3.5	3.5	4	0	0	0	0	0	0	0	0	0	0	0	0	0	0	0	74	69	0	20	15	0	0	6	6	5
895	9	2	2	7	3	3	3	3.5	3.5	3.5	3.5	0	0	0	0	0	0	0	0	0	0	0	0	0	0	78	0	0	15	0	0	0	0	7	5
896	9	2	2	8	3	3	3	3	3	3	3.5	3.5	0	0	0	0	0	0	0	0	0	0	0	0	0	82	0	0	10	0	0	0	0	8	5
897	9	1	2	1	7	0	0	0	0	0	0	0	0	0	0	0	0	0	0	0	0	0	0	0	0	34	44	59	25	35	50	1	1	1	5
898	9	1	2	2	5	5	0	0	0	0	0	0	0	0	0	0	0	0	0	0	0	0	0	0	0	43	53	68	25	35	50	2	2	2	5
899	9	1	2	3	4	4.5	4.5	0	0	0	0	0	0	0	0	0	0	0	0	0	0	0	0	0	0	52	62	57	25	35	30	3	3	3	5
900	9	1	2	4	3.5	4	4	4	0	0	0	0	0	0	0	0	0	0	0	0	0	0	0	0	0	61	61	46	25	25	10	4	4	4	5
901	9	1	2	5	3.5	3.5	3.5	3.5	3.5	0	0	0	0	0	0	0	0	0	0	0	0	0	0	0	0	65	80	0	20	15	0	0	5	5	5
902	9	1	2	6	3	3	3.5	3.5	3.5	3.5	0	0	0	0	0	0	0	0	0	0	0	0	0	0	0	64	59	0	10	5	0	0	6	6	5
903	9	1	2	7	3	3	3	3	3	3.5	3.5	0	0	0	0	0	0	0	0	0	0	0	0	0	0	68	0	0	5	0	0	0	0	7	5
904	8.5	3	2	1	9	0	0	0	0	0	0	0	0	0	0	0	0	0	0	0	0	0	0	0	0	34	44	59	25	35	50	1	1	1	5
905	8.5	3	2	2	7	7.5	0	0	0	0	0	0	0	0	0	0	0	0	0	0	0	0	0	0	0	43	53	68	25	35	50	2	2	2	5
906	8.5	3	2	3	5.5	6	6	0	0	0	0	0	0	0	0	0	0	0	0	0	0	0	0	0	0	51	61	76	25	35	50	3	3	3	5
907	8.5	3	2	4	4.5	5	5.5	5.5	0	0	0	0	0	0	0	0	0	0	0	0	0	0	0	0	0	60	70	75	25	35	40	4	4	4	5
908	8.5	3	2	5	4	4.5	4.5	4.5	5	0	0	0	0	0	0	0	0	0	0	0	0	0	0	0	0	68	78	68	25	35	25	5	5	5	5
909	8.5	3	2	6	3.5	4	4	4	4.5	4.5	0	0	0	0	0	0	0	0	0	0	0	0	0	0	0	77	87	62	25	35	10	6	6	6	5
910	8.5	3	2	7	3.5	3.5	3.5	4	4	4	4.5	0	0	0	0	0	0	0	0	0	0	0	0	0	0	85	85	0	25	25	0	0	7	7	5
911	8.5	3	2	8	3	3	3.5	3.5	3.5	4	4	4	0	0	0	0	0	0	0	0	0	0	0	0	0	94	84	0	25	15	0	0	8	8	5
912	8.5	3	2	9	3	3	3	3	3.5	3.5	4	4	4	0	0	0	0	0	0	0	0	0	0	0	0	92	82	0	15	5	0	0	9	9	5
913	8.5	3	2	10	2.5	3	3	3	3	3.5	3.5	3.5	3.5	4	0	0	0	0	0	0	0	0	0	0	0	96	0	0	10	0	0	0	0	10	5
914	8.5	3	2	11	2.5	2.5	2.5	3	3	3	3	3.5	3.5	3.5	3.5	0	0	0	0	0	0	0	0	0	0	97	0	0	3	0	0	0	0	11	5
915	8.5	2	2	1	8.5	0	0	0	0	0	0	0	0	0	0	0	0	0	0	0	0	0	0	0	0	34	44	59	25	35	50	1	1	1	5
916	8.5	2	2	2	5.5	6	0	0	0	0	0	0	0	0	0	0	0	0	0	0	0	0	0	0	0	42	52	67	25	35	50	2	2	2	5
917	8.5	2	2	3	4.5	5	5	0	0	0	0	0	0	0	0	0	0	0	0	0	0	0	0	0	0	51	61	66	25	35	40	3	3	3	5
918	8.5	2	2	4	4	4	4	4.5	0	0	0	0	0	0	0	0	0	0	0	0	0	0	0	0	0	59	69	54	25	35	20	4	4	4	5
919	8.5	2	2	5	3.5	3.5	4	4	4	0	0	0	0	0	0	0	0	0	0	0	0	0	0	0	0	68	73	48	25	30	5	5	5	5	5
920	8.5	2	2	6	3.5	3.5	3.5	3.5	3.5	3.5	0	0	0	0	0	0	0	0	0	0	0	0	0	0	0	76	66	0	25	15	0	0	6	6	5
921	8.5	2	2	7	3	3	3	3	3.5	3.5	3.5	0	0	0	0	0	0	0	0	0	0	0	0	0	0	80	65	0	20	5	0	0	7	7	5
922	8.5	2	2	8	2.5	3	3	3	3	3	3	3.5	0	0	0	0	0	0	0	0	0	0	0	0	0	83	0	0	15	0	0	0	0	8	5
923	8.5	1	2	1	7	0	0	0	0	0	0	0	0	0	0	0	0	0	0	0	0	0	0	0	0	34	44	59	25	35	50	1	1	1	5
924	8.5	1	2	2	5	5	0	0	0	0	0	0	0	0	0	0	0	0	0	0	0	0	0	0	0	42	52	67	25	35	50	2	2	2	5
925	8.5	1	2	3	4	4.5	4.5	0	0	0	0	0	0	0	0	0	0	0	0	0	0	0	0	0	0	51	61	61	25	35	35	3	3	3	5
926	8.5	1	2	4	3.5	4	4	4	0	0	0	0	0	0	0	0	0	0	0	0	0	0	0	0	0	59	59	44	25	25	10	4	4	4	5
927	8.5	1	2	5	3.5	3.5	3.5	3.5	3.5	0	0	0	0	0	0	0	0	0	0	0	0	0	0	0	0	63	63	0	20	20	0	0	5	5	5
928	8.5	1	2	6	3	3	3.5	3.5	3.5	3.5	0	0	0	0	0	0	0	0	0	0	0	0	0	0	0	61	61	0	10	10	0	0	6	6	5
929	8.5	1	2	7	3	3	3	3	3	3.5	3.5	0	0	0	0	0	0	0	0	0	0	0	0	0	0	65	0	0	5	0	0	0	0	7	5
930	8	3	2	1	9	0	0	0	0	0	0	0	0	0	0	0	0	0	0	0	0	0	0	0	0	34	44	59	25	35	50	1	1	1	5
931	8	3	2	2	7	7	0	0	0	0	0	0	0	0	0	0	0	0	0	0	0	0	0	0	0	42	52	67	25	35	50	2	2	2	5
932	8	3	2	3	5.5	5.5	6	0	0	0	0	0	0	0	0	0	0	0	0	0	0	0	0	0	0	50	60	75	25	35	50	3	3	3	5
933	8	3	2	4	4.5	5	5	5	0	0	0	0	0	0	0	0	0	0	0	0	0	0	0	0	0	58	68	73	25	35	40	4	4	4	5
934	8	3	2	5	4	4.5	4.5	4.5	4.5	0	0	0	0	0	0	0	0	0	0	0	0	0	0	0	0	66	76	66	25	35	25	5	5	5	5
935	8	3	2	6	3.5	3.5	4	4	4	4.5	0	0	0	0	0	0	0	0	0	0	0	0	0	0	0	74	84	64	25	35	15	6	6	6	5
936	8	3	2	7	3	3.5	3.5	3.5	4	4	4	0	0	0	0	0	0	0	0	0	0	0	0	0	0	82	87	0	25	30	0	0	7	7	5
937	8	3	2	8	3	3	3.5	3.5	3.5	3.5	4	4	0	0	0	0	0	0	0	0	0	0	0	0	0	90	85	0	25	20	0	0	8	8	5
938	8	3	2	9	3	3	3	3	3.5	3.5	3.5	3.5	4	0	0	0	0	0	0	0	0	0	0	0	0	93	83	0	20	10	0	0	9	9	5
939	8	3	2	10	2.5	2.5	3	3	3	3	3.5	3.5	3.5	3.5	0	0	0	0	0	0	0	0	0	0	0	96	0	0	15	0	0	0	0	10	5
940	8	3	2	11	2.5	2.5	2.5	3	3	3	3	3.5	3.5	3.5	3.5	0	0	0	0	0	0	0	0	0	0	99	0	0	10	0	0	0	0	11	5
941	8	2	2	1	8.5	0	0	0	0	0	0	0	0	0	0	0	0	0	0	0	0	0	0	0	0	34	44	59	25	35	50	1	1	1	5
942	8	2	2	2	5.5	6	0	0	0	0	0	0	0	0	0	0	0	0	0	0	0	0	0	0	0	42	52	67	25	35	50	2	2	2	5
943	8	2	2	3	4.5	5	5	0	0	0	0	0	0	0	0	0	0	0	0	0	0	0	0	0	0	50	60	65	25	35	40	3	3	3	5
944	8	2	2	4	4	4	4.5	4.5	0	0	0	0	0	0	0	0	0	0	0	0	0	0	0	0	0	58	68	58	25	35	25	4	4	4	5
945	8	2	2	5	3.5	3.5	4	4	4	0	0	0	0	0	0	0	0	0	0	0	0	0	0	0	0	66	71	51	25	30	10	5	5	5	5
946	8	2	2	6	3.5	3.5	3.5	3.5	3.5	3.5	0	0	0	0	0	0	0	0	0	0	0	0	0	0	0	74	64	0	25	15	0	0	6	6	5
947	8	2	2	7	3	3	3	3	3.5	3.5	3.5	0	0	0	0	0	0	0	0	0	0	0	0	0	0	77	67	0	20	10	0	0	7	7	5
948	8	2	2	8	2.5	3	3	3	3	3	3	3.5	0	0	0	0	0	0	0	0	0	0	0	0	0	80	0	0	15	0	0	0	0	8	5
949	8	1	2	1	7	0	0	0	0	0	0	0	0	0	0	0	0	0	0	0	0	0	0	0	0	34	44	59	25	35	50	1	1	1	5
950	8	1	2	2	5	5	0	0	0	0	0	0	0	0	0	0	0	0	0	0	0	0	0	0	0	42	52	67	25	35	50	2	2	2	5
951	8	1	2	3	4	4.5	4.5	0	0	0	0	0	0	0	0	0	0	0	0	0	0	0	0	0	0	50	60	60	25	35	35	3	3	3	5
952	8	1	2	4	3.5	4	4	4	0	0	0	0	0	0	0	0	0	0	0	0	0	0	0	0	0	58	58	48	25	25	15	4	4	4	5
953	8	1	2	5	3.5	3.5	3.5	3.5	3.5	0	0	0	0	0	0	0	0	0	0	0	0	0	0	0	0	66	66	0	20	20	0	0	5	5	5
954	8	1	2	6	3	3	3.5	3.5	3.5	3.5	0	0	0	0	0	0	0	0	0	0	0	0	0	0	0	64	64	0	15	15	0	0	6	6	5
955	8	1	2	7	3	3	3	3	3	3.5	3.5	0	0	0	0	0	0	0	0	0	0	0	0	0	0	62	62	0	5	5	0	0	7	7	5
956	7.5	3	2	1	9	0	0	0	0	0	0	0	0	0	0	0	0	0	0	0	0	0	0	0	0	34	44	59	25	35	50	1	1	1	5
957	7.5	3	2	2	6.5	7	0	0	0	0	0	0	0	0	0	0	0	0	0	0	0	0	0	0	0	47	52	67	25	35	50	2	2	2	5
958	7.5	3	2	3	5	5.5	6	0	0	0	0	0	0	0	0	0	0	0	0	0	0	0	0	0	0	49	59	74	25	35	50	3	3	3	5
959	7.5	3	2	4	4.5	5	5	5	0	0	0	0	0	0	0	0	0	0	0	0	0	0	0	0	0	56	66	76	25	35	45	4	4	4	5
960	7.5	3	2	5	4	4.5	4.5	4.5	4.5	0	0	0	0	0	0	0	0	0	0	0	0	0	0	0	0	64	74	69	25	35	30	5	5	5	5
961	7.5	3	2	6	3.5	3.5	4	4	4	4.5	0	0	0	0	0	0	0	0	0	0	0	0	0	0	0	71	81	66	25	35	20	6	6	6	5
962	7.5	3	2	7	3	3.5	3.5	3.5	4	4	4	0	0	0	0	0	0	0	0	0	0	0	0	0	0	79	84	59	25	30	5	7	7	7	5
963	7.5	3	2	8	3	3	3	3.5	3.5	3.5	4	4	0	0	0	0	0	0	0	0	0	0	0	0	0	86	86	0	25	25	0	0	8	8	5
964	7.5	3	2	9	3	3	3	3	3	3.5	3.5	3.5	3.5	0	0	0	0	0	0	0	0	0	0	0	0	94	79	0	25	10	0	0	9	9	5
965	7.5	3	2	10	2.5	2.5	3	3	3	3	3.5	3.5	3.5	3.5	0	0	0	0	0	0	0	0	0	0	0	96	0	0	20	0	0	0	0	10	5
966	7.5	3	2	11	2.5	2.5	2.5	3	3	3	3	3.5	3.5	3.5	3.5	0	0	0	0	0	0	0	0	0	0	94	0	0	10	0	0	0	0	11	5
967	7.5	3	2	12	2.5	2.5	2.5	2.5	3	3	3	3	3.5	3.5	3.5	3.5	0	0	0	0	0	0	0	0	0	96	0	0	5	0	0	0	0	12	5
968	7.5	2	2	1	8.5	0	0	0	0	0	0	0	0	0	0	0	0	0	0	0	0	0	0	0	0	34	44	59	25	35	50	1	1	1	5
969	7.5	2	2	2	5.5	5.5	0	0	0	0	0	0	0	0	0	0	0	0	0	0	0	0	0	0	0	47	52	66	25	35	50	2	2	2	5
970	7.5	2	2	3	4.5	5	5	0	0	0	0	0	0	0	0	0	0	0	0	0	0	0	0	0	0	49	59	64	25	35	40	3	3	3	5
971	7.5	2	2	4	4	4	4.5	4.5	0	0	0	0	0	0	0	0	0	0	0	0	0	0	0	0	0	56	66	61	25	35	30	4	4	4	5
972	7.5	2	2	5	3.5	3.5	4	4	4	0	0	0	0	0	0	0	0	0	0	0	0	0	0	0	0	64	69	54	25	30	15	5	5	5	5
973	7.5	2	2	6	3.5	3.5	3.5	3.5	3.5	3.5	0	0	0	0	0	0	0	0	0	0	0	0	0	0	0	71	66	0	25	20	0	0	6	6	5
974	7.5	2	2	7	3	3	3	3	3.5	3.5	3.5	0	0	0	0	0	0	0	0	0	0	0	0	0	0	79	69	0	25	15	0	0	7	7	5
975	7.5	2	2	8	3	3	3	3	3	3	3.5	3.5	0	0	0	0	0	0	0	0	0	0	0	0	0	76	66	0	15	5	0	0	8	8	5
976	7.5	2	2	9	2.5	3	3	3	3	3	3	3.5	3.5	0	0	0	0	0	0	0	0	0	0	0	0	74	0	0	5	0	0	0	0	9	5
977	7.5	1	2	1	7	0	0	0	0	0	0	0	0	0	0	0	0	0	0	0	0	0	0	0	0	34	44	59	25	35	50	1	1	1	5
978	7.5	1	2	2	5	5	0	0	0	0	0	0	0	0	0	0	0	0	0	0	0	0	0	0	0	47	52	66	25	35	50	2	2	2	5
979	7.5	1	2	3	4	4.5	4.5	0	0	0	0	0	0	0	0	0	0	0	0	0	0	0	0	0	0	49	59	59	25	35	35	3	3	3	5
980	7.5	1	2	4	3.5	4	4	4	0	0	0	0	0	0	0	0	0	0	0	0	0	0	0	0	0	56	58	46	25	27	15	4	4	4	5
981	7.5	1	2	5	3.5	3.5	3.5	3.5	3.5	0	0	0	0	0	0	0	0	0	0	0	0	0	0	0	0	64	64	0	25	25	0	0	5	5	5
982	7.5	1	2	6	3	3	3.5	3.5	3.5	3.5	0	0	0	0	0	0	0	0	0	0	0	0	0	0	0	61	61	0	15	15	0	0	6	6	5
983	7.5	1	2	7	3	3	3	3	3	3.5	3.5	0	0	0	0	0	0	0	0	0	0	0	0	0	0	64	64	0	10	10	0	0	7	7	5
984	7.5	1	2	8	2.5	3	3	3	3	3	3	3	0	0	0	0	0	0	0	0	0	0	0	0	0	66	0	0	5	0	0	0	0	8	5
985	7	3	2	1	9	0	0	0	0	0	0	0	0	0	0	0	0	0	0	0	0	0	0	0	0	34	44	59	25	35	50	1	1	1	5
986	7	3	2	2	6.5	7	0	0	0	0	0	0	0	0	0	0	0	0	0	0	0	0	0	0	0	41	51	66	25	35	50	2	2	2	5
987	7	3	2	3	5	5.5	6	0	0	0	0	0	0	0	0	0	0	0	0	0	0	0	0	0	0	48	58	73	25	35	50	3	3	3	5
988	7	3	2	4	4.5	4.5	5	5	0	0	0	0	0	0	0	0	0	0	0	0	0	0	0	0	0	55	65	75	25	35	45	4	4	4	5
989	7	3	2	5	4	4.5	4.5	4.5	5	0	0	0	0	0	0	0	0	0	0	0	0	0	0	0	0	62	72	67	25	35	30	5	5	5	5
990	7	3	2	6	3.5	3.5	4	4	4	4.5	0	0	0	0	0	0	0	0	0	0	0	0	0	0	0	69	79	69	25	35	25	6	6	6	5
991	7	3	2	7	3	3.5	3.5	3.5	3.5	4	4	0	0	0	0	0	0	0	0	0	0	0	0	0	0	76	86	61	25	35	10	7	7	7	5
992	7	3	2	8	3	3	3	3.5	3.5	3.5	3.5	4	0	0	0	0	0	0	0	0	0	0	0	0	0	83	88	0	25	30	0	0	8	8	5
993	7	3	2	9	3	3	3	3	3	3.5	3.5	3.5	3.5	0	0	0	0	0	0	0	0	0	0	0	0	90	87	0	25	15	0	0	9	9	5
994	7	3	2	10	2.5	2.5	3	3	3	3	3	3	3.5	3.5	0	0	0	0	0	0	0	0	0	0	0	97	77	0	25	5	0	0	10	10	5
995	7	3	2	11	2.5	2.5	2.5	3	3	3	3	3	3.5	3.5	3.5	0	0	0	0	0	0	0	0	0	0	89	0	0	10	0	0	0	0	11	5
996	7	3	2	12	2.5	2.5	2.5	2.5	2.5	3	3	3	3	3.5	3.5	3.5	0	0	0	0	0	0	0	0	0	91	0	0	5	0	0	0	0	12	5
997	7	2	2	1	8.5	0	0	0	0	0	0	0	0	0	0	0	0	0	0	0	0	0	0	0	0	34	44	59	25	35	50	1	1	1	5
998	7	2	2	2	5.5	6	0	0	0	0	0	0	0	0	0	0	0	0	0	0	0	0	0	0	0	41	51	66	25	35	50	2	2	2	5
999	7	2	2	3	4.5	5	5	0	0	0	0	0	0	0	0	0	0	0	0	0	0	0	0	0	0	48	58	63	25	35	40	3	3	3	5
1000	7	2	2	4	4	4	4.5	4.5	0	0	0	0	0	0	0	0	0	0	0	0	0	0	0	0	0	55	65	60	25	35	30	4	4	4	5
1001	7	2	2	5	3.5	3.5	4	4	4	0	0	0	0	0	0	0	0	0	0	0	0	0	0	0	0	62	67	52	25	30	15	5	5	5	5
1002	7	2	2	6	3.5	3.5	3.5	3.5	3.5	3.5	0	0	0	0	0	0	0	0	0	0	0	0	0	0	0	69	69	0	25	25	0	0	6	6	5
1003	7	2	2	7	3	3	3	3	3.5	3.5	3.5	0	0	0	0	0	0	0	0	0	0	0	0	0	0	76	71	0	25	20	0	0	7	7	5
1004	7	2	2	8	3	3	3	3	3	3	3.5	3.5	0	0	0	0	0	0	0	0	0	0	0	0	0	73	68	0	15	10	0	0	8	8	5
1005	7	2	2	9	2.5	3	3	3	3	3	3	3	3.5	0	0	0	0	0	0	0	0	0	0	0	0	75	0	0	10	0	0	0	0	9	5
1006	7	1	2	1	7	0	0	0	0	0	0	0	0	0	0	0	0	0	0	0	0	0	0	0	0	34	44	59	25	35	50	1	1	1	5
1007	7	1	2	2	5	5	0	0	0	0	0	0	0	0	0	0	0	0	0	0	0	0	0	0	0	41	51	66	25	35	50	2	2	2	5
1008	7	1	2	3	4	4.5	4.5	0	0	0	0	0	0	0	0	0	0	0	0	0	0	0	0	0	0	48	58	58	25	35	35	3	3	3	5
1009	7	1	2	4	3.5	4	4	4	0	0	0	0	0	0	0	0	0	0	0	0	0	0	0	0	0	55	60	50	25	30	20	4	4	4	5
1010	7	1	2	5	3.5	3.5	3.5	3.5	3.5	0	0	0	0	0	0	0	0	0	0	0	0	0	0	0	0	62	62	0	25	25	0	0	5	5	5
1011	7	1	2	6	3	3	3.5	3.5	3.5	3.5	0	0	0	0	0	0	0	0	0	0	0	0	0	0	0	59	59	0	15	15	0	0	6	6	5
1012	7	1	2	7	3	3	3	3	3	3.5	3.5	0	0	0	0	0	0	0	0	0	0	0	0	0	0	61	61	0	10	10	0	0	7	7	5
1013	7	1	2	8	2.5	3	3	3	3	3	3	3	0	0	0	0	0	0	0	0	0	0	0	0	0	68	0	0	10	0	0	0	0	8	5
1014	6.5	3	2	1	9	0	0	0	0	0	0	0	0	0	0	0	0	0	0	0	0	0	0	0	0	34	44	59	25	35	50	1	1	1	5
1015	6.5	3	2	2	6.5	7	0	0	0	0	0	0	0	0	0	0	0	0	0	0	0	0	0	0	0	40	50	65	25	35	50	2	2	2	5
1016	6.5	3	2	3	5	5.5	5.5	0	0	0	0	0	0	0	0	0	0	0	0	0	0	0	0	0	0	47	57	72	25	35	50	3	3	3	5
1017	6.5	3	2	4	4.5	4.5	4.5	5	0	0	0	0	0	0	0	0	0	0	0	0	0	0	0	0	0	53	63	78	25	35	50	4	4	4	5
1018	6.5	3	2	5	4	4	4	4.5	5	0	0	0	0	0	0	0	0	0	0	0	0	0	0	0	0	60	70	75	25	35	40	5	5	5	5
1019	6.5	3	2	6	3.5	3.5	4	4	4	4.5	0	0	0	0	0	0	0	0	0	0	0	0	0	0	0	66	76	71	25	35	30	6	6	6	5
1020	6.5	3	2	7	3	3.5	3.5	3.5	3.5	4	4	0	0	0	0	0	0	0	0	0	0	0	0	0	0	73	83	63	25	35	15	7	7	7	5
1021	6.5	3	2	8	3	3	3.5	3.5	3.5	3.5	3.5	3.5	0	0	0	0	0	0	0	0	0	0	0	0	0	79	84	0	25	30	0	0	8	8	5
1022	6.5	3	2	9	3	3	3	3	3	3.5	3.5	3.5	3.5	0	0	0	0	0	0	0	0	0	0	0	0	86	86	0	25	25	0	0	9	9	5
1023	6.5	3	2	10	2.5	2.5	3	3	3	3	3	3	3.5	3.5	0	0	0	0	0	0	0	0	0	0	0	92	82	0	25	15	0	0	10	10	5
1024	6.5	3	2	11	2.5	2.5	2.5	2.5	3	3	3	3	3	3	3.5	0	0	0	0	0	0	0	0	0	0	94	79	0	20	5	0	0	11	11	5
1025	6.5	3	2	12	2.5	2.5	2.5	2.5	2.5	3	3	3	3	3	3.5	3.5	0	0	0	0	0	0	0	0	0	90	0	0	10	0	0	0	0	12	5
1026	6.5	2	2	1	8	0	0	0	0	0	0	0	0	0	0	0	0	0	0	0	0	0	0	0	0	34	44	59	25	35	50	1	1	1	5
1027	6.5	2	2	2	5.5	6	0	0	0	0	0	0	0	0	0	0	0	0	0	0	0	0	0	0	0	40	50	65	25	35	50	2	2	2	5
1028	6.5	2	2	3	4.5	4.5	5	0	0	0	0	0	0	0	0	0	0	0	0	0	0	0	0	0	0	47	57	67	25	35	45	3	3	3	5
1029	6.5	2	2	4	4	4	4.5	4.5	0	0	0	0	0	0	0	0	0	0	0	0	0	0	0	0	0	53	63	63	25	35	35	4	4	4	5
1030	6.5	2	2	5	3.5	3.5	3.5	4	4	0	0	0	0	0	0	0	0	0	0	0	0	0	0	0	0	60	70	55	25	35	20	5	5	5	5
1031	6.5	2	2	6	3.5	3.5	3.5	3.5	3.5	3.5	0	0	0	0	0	0	0	0	0	0	0	0	0	0	0	66	71	0	25	30	0	0	6	6	5
1032	6.5	2	2	7	3	3	3	3	3.5	3.5	3.5	0	0	0	0	0	0	0	0	0	0	0	0	0	0	73	73	0	25	25	0	0	7	7	5
1033	6.5	2	2	8	3	3	3	3	3	3	3.5	3.5	0	0	0	0	0	0	0	0	0	0	0	0	0	69	64	0	15	10	0	0	8	8	5
1034	6.5	2	2	9	2.5	3	3	3	3	3	3	3	3.5	0	0	0	0	0	0	0	0	0	0	0	0	71	66	0	10	5	0	0	9	9	5
1035	6.5	2	2	10	2.5	2.5	2.5	3	3	3	3	3	3	3.5	0	0	0	0	0	0	0	0	0	0	0	72	0	0	5	0	0	0	0	10	5
1036	6.5	1	2	1	7	0	0	0	0	0	0	0	0	0	0	0	0	0	0	0	0	0	0	0	0	34	44	59	25	35	50	1	1	1	5
1037	6.5	1	2	2	5	5	0	0	0	0	0	0	0	0	0	0	0	0	0	0	0	0	0	0	0	40	50	65	25	35	50	2	2	2	5
1038	6.5	1	2	3	4	4.5	4.5	0	0	0	0	0	0	0	0	0	0	0	0	0	0	0	0	0	0	47	57	57	25	35	35	3	3	3	5
1039	6.5	1	2	4	3.5	4	4	4	0	0	0	0	0	0	0	0	0	0	0	0	0	0	0	0	0	53	58	53	25	30	25	4	4	4	5
1040	6.5	1	2	5	3.5	3.5	3.5	3.5	3.5	0	0	0	0	0	0	0	0	0	0	0	0	0	0	0	0	60	60	40	25	25	5	5	5	5	5
1041	6.5	1	2	6	3	3	3.5	3.5	3.5	3.5	0	0	0	0	0	0	0	0	0	0	0	0	0	0	0	56	56	0	15	15	0	0	6	6	5
1042	6.5	1	2	7	3	3	3	3	3	3.5	3.5	0	0	0	0	0	0	0	0	0	0	0	0	0	0	58	58	0	10	10	0	0	7	7	5
1043	6.5	1	2	8	2.5	3	3	3	3	3	3	3	0	0	0	0	0	0	0	0	0	0	0	0	0	64	0	0	10	0	0	0	0	8	5
1044	6	3	2	1	9	0	0	0	0	0	0	0	0	0	0	0	0	0	0	0	0	0	0	0	0	34	44	59	25	35	50	1	1	1	5
1045	6	3	2	2	7	7	0	0	0	0	0	0	0	0	0	0	0	0	0	0	0	0	0	0	0	40	50	65	25	35	50	2	2	2	5
1046	6	3	2	3	5.5	5.5	5.5	0	0	0	0	0	0	0	0	0	0	0	0	0	0	0	0	0	0	46	56	71	25	35	50	3	3	3	5
1047	6	3	2	4	4.5	4.5	4.5	5	0	0	0	0	0	0	0	0	0	0	0	0	0	0	0	0	0	52	62	77	25	35	50	4	4	4	5
1048	6	3	2	5	4	4	4.5	4.5	4.5	0	0	0	0	0	0	0	0	0	0	0	0	0	0	0	0	58	68	73	25	35	40	5	5	5	5
1049	6	3	2	6	3.5	4	4	4	4	4.5	0	0	0	0	0	0	0	0	0	0	0	0	0	0	0	64	74	69	25	35	30	6	6	6	5
1050	6	3	2	7	3.5	3.5	3.5	3.5	3.5	4	4	0	0	0	0	0	0	0	0	0	0	0	0	0	0	70	80	60	25	35	15	7	7	7	5
1051	6	3	2	8	3	3	3	3.5	3.5	3.5	3.5	4	0	0	0	0	0	0	0	0	0	0	0	0	0	76	86	61	25	35	10	8	8	8	5
1052	6	3	2	9	3	3	3	3	3	3.5	3.5	3.5	3.5	0	0	0	0	0	0	0	0	0	0	0	0	82	82	0	25	25	0	0	9	9	5
1053	6	3	2	10	2.5	2.5	3	3	3	3	3	3	3.5	3.5	0	0	0	0	0	0	0	0	0	0	0	88	83	0	25	20	0	0	10	10	5
1054	6	3	2	11	2.5	2.5	2.5	3	3	3	3	3	3	3.5	3.5	0	0	0	0	0	0	0	0	0	0	89	74	0	15	10	0	0	11	11	5
1055	6	3	2	12	2.5	2.5	2.5	2.5	3	3	3	3	3	3	3.5	3.5	0	0	0	0	0	0	0	0	0	85	0	0	10	0	0	0	0	12	5
1056	6	3	2	13	2.5	2.5	2.5	2.5	2.5	3	3	3	3	3	3	3.5	3.5	0	0	0	0	0	0	0	0	86	0	0	5	0	0	0	0	13	5
1057	6	2	2	1	8	0	0	0	0	0	0	0	0	0	0	0	0	0	0	0	0	0	0	0	0	34	44	59	25	35	50	1	1	1	5
1058	6	2	2	2	5.5	6	0	0	0	0	0	0	0	0	0	0	0	0	0	0	0	0	0	0	0	40	50	65	25	35	50	2	2	2	5
1059	6	2	2	3	4.5	4.5	5	0	0	0	0	0	0	0	0	0	0	0	0	0	0	0	0	0	0	46	56	66	25	35	45	3	3	3	5
1060	6	2	2	4	4	4	4.5	4.5	0	0	0	0	0	0	0	0	0	0	0	0	0	0	0	0	0	52	62	62	25	35	35	4	4	4	5
1061	6	2	2	5	3.5	3.5	3.5	4	4	0	0	0	0	0	0	0	0	0	0	0	0	0	0	0	0	58	68	58	25	35	25	5	5	5	5
1062	6	2	2	6	3	3.5	3.5	3.5	3.5	3.5	0	0	0	0	0	0	0	0	0	0	0	0	0	0	0	64	69	49	25	30	10	6	6	6	5
1063	6	2	2	7	3	3	3	3	3.5	3.5	3.5	0	0	0	0	0	0	0	0	0	0	0	0	0	0	70	70	0	25	25	0	0	7	7	5
1064	6	2	2	8	3	3	3	3	3	3	3.5	3.5	0	0	0	0	0	0	0	0	0	0	0	0	0	69	69	0	18	18	0	0	8	8	5
1065	6	2	2	9	2.5	3	3	3	3	3	3	3	3.5	0	0	0	0	0	0	0	0	0	0	0	0	69	67	0	12	10	0	0	9	9	5
1066	6	2	2	10	2.5	2.5	2.5	3	3	3	3	3	3	3.5	0	0	0	0	0	0	0	0	0	0	0	70	0	0	7	0	0	0	0	10	5
1067	6	1	2	1	7	0	0	0	0	0	0	0	0	0	0	0	0	0	0	0	0	0	0	0	0	34	44	59	25	35	50	1	1	1	5
1068	6	1	2	2	5	5	0	0	0	0	0	0	0	0	0	0	0	0	0	0	0	0	0	0	0	40	50	65	25	35	50	2	2	2	5
1069	6	1	2	3	4.5	4.5	4.5	0	0	0	0	0	0	0	0	0	0	0	0	0	0	0	0	0	0	46	56	56	25	35	35	3	3	3	5
1070	6	1	2	4	3.5	4	4	4	0	0	0	0	0	0	0	0	0	0	0	0	0	0	0	0	0	52	57	52	25	30	25	4	4	4	5
1071	6	1	2	5	3.5	3.5	3.5	3.5	3.5	0	0	0	0	0	0	0	0	0	0	0	0	0	0	0	0	58	58	43	25	25	10	5	5	5	5
1072	6	1	2	6	3	3	3.5	3.5	3.5	3.5	0	0	0	0	0	0	0	0	0	0	0	0	0	0	0	54	54	0	15	15	0	0	6	6	5
1073	6	1	2	7	3	3	3	3	3	3.5	3.5	0	0	0	0	0	0	0	0	0	0	0	0	0	0	55	55	0	10	10	0	0	7	7	5
1074	6	1	2	8	2.5	3	3	3	3	3	3	3	0	0	0	0	0	0	0	0	0	0	0	0	0	61	0	0	10	0	0	0	0	8	5
1075	5.5	3	2	1	9	0	0	0	0	0	0	0	0	0	0	0	0	0	0	0	0	0	0	0	0	34	44	59	25	35	50	1	1	1	5
1076	5.5	3	2	2	7	7	0	0	0	0	0	0	0	0	0	0	0	0	0	0	0	0	0	0	0	39	49	64	25	35	50	2	2	2	5
1077	5.5	3	2	3	5.5	5.5	5.5	0	0	0	0	0	0	0	0	0	0	0	0	0	0	0	0	0	0	45	55	70	25	35	50	3	3	3	5
1078	5.5	3	2	4	4.5	4.5	5	5	0	0	0	0	0	0	0	0	0	0	0	0	0	0	0	0	0	50	60	75	25	35	50	4	4	4	5
1079	5.5	3	2	5	4	4	4.5	4.5	4.5	0	0	0	0	0	0	0	0	0	0	0	0	0	0	0	0	56	66	76	25	35	45	5	5	5	5
1080	5.5	3	2	6	3.5	4	4	4	4	4.5	0	0	0	0	0	0	0	0	0	0	0	0	0	0	0	61	71	71	25	35	35	6	6	6	5
1081	5.5	3	2	7	3.5	3.5	3.5	3.5	3.5	4	4	0	0	0	0	0	0	0	0	0	0	0	0	0	0	67	77	62	25	35	20	7	7	7	5
1082	5.5	3	2	8	3	3	3	3.5	3.5	3.5	3.5	4	0	0	0	0	0	0	0	0	0	0	0	0	0	72	82	62	25	35	15	8	8	8	5
1083	5.5	3	2	9	3	3	3	3	3	3.5	3.5	3.5	3.5	0	0	0	0	0	0	0	0	0	0	0	0	78	83	0	25	30	0	0	9	9	5
1084	5.5	3	2	10	2.5	3	3	3	3	3	3	3.5	3.5	3.5	0	0	0	0	0	0	0	0	0	0	0	83	83	0	25	25	0	0	10	10	5
1085	5.5	3	2	11	2.5	2.5	2.5	3	3	3	3	3	3	3.5	3.5	0	0	0	0	0	0	0	0	0	0	84	79	0	20	15	0	0	11	11	5
1086	5.5	3	2	12	2.5	2.5	2.5	2.5	3	3	3	3	3	3	3.5	3.5	0	0	0	0	0	0	0	0	0	84	0	0	15	0	0	0	0	12	5
1087	5.5	3	2	13	2.5	2.5	2.5	2.5	2.5	3	3	3	3	3	3	3	3	0	0	0	0	0	0	0	0	85	0	0	10	0	0	0	0	13	5
1088	5.5	2	2	1	8	0	0	0	0	0	0	0	0	0	0	0	0	0	0	0	0	0	0	0	0	34	44	59	25	35	50	1	1	1	5
1089	5.5	2	2	2	5.5	5.5	0	0	0	0	0	0	0	0	0	0	0	0	0	0	0	0	0	0	0	39	49	64	25	35	50	2	2	2	5
1090	5.5	2	2	3	4.5	4.5	5	0	0	0	0	0	0	0	0	0	0	0	0	0	0	0	0	0	0	45	55	70	25	35	50	3	3	3	5
1091	5.5	2	2	4	4	4	4.5	4.5	0	0	0	0	0	0	0	0	0	0	0	0	0	0	0	0	0	50	60	65	25	35	40	4	4	4	5
1092	5.5	2	2	5	3.5	3.5	3.5	4	4	0	0	0	0	0	0	0	0	0	0	0	0	0	0	0	0	56	66	56	25	35	25	5	5	5	5
1093	5.5	2	2	6	3	3.5	3.5	3.5	3.5	3.5	0	0	0	0	0	0	0	0	0	0	0	0	0	0	0	61	71	47	25	35	10	6	6	6	5
1094	5.5	2	2	7	3	3	3	3	3.5	3.5	3.5	0	0	0	0	0	0	0	0	0	0	0	0	0	0	67	67	47	25	25	5	7	7	7	5
1095	5.5	2	2	8	3	3	3	3	3	3	3.5	3.5	0	0	0	0	0	0	0	0	0	0	0	0	0	67	67	0	20	20	0	0	8	8	5
1096	5.5	2	2	9	2.5	3	3	3	3	3	3	3	3.5	0	0	0	0	0	0	0	0	0	0	0	0	68	63	0	15	10	0	0	9	9	5
1097	5.5	2	2	10	2.5	2.5	2.5	3	3	3	3	3	3	3	0	0	0	0	0	0	0	0	0	0	0	68	0	0	10	0	0	0	0	10	5
1098	5.5	1	2	1	7	0	0	0	0	0	0	0	0	0	0	0	0	0	0	0	0	0	0	0	0	34	44	59	25	35	50	1	1	1	5
1099	5.5	1	2	2	5	5	0	0	0	0	0	0	0	0	0	0	0	0	0	0	0	0	0	0	0	39	49	64	25	35	50	2	2	2	5
1100	5.5	1	2	3	4.5	4.5	4.5	0	0	0	0	0	0	0	0	0	0	0	0	0	0	0	0	0	0	45	55	55	25	35	35	3	3	3	5
1101	5.5	1	2	4	3.5	4	4	4	0	0	0	0	0	0	0	0	0	0	0	0	0	0	0	0	0	50	55	55	25	30	30	4	4	4	5
1102	5.5	1	2	5	3.5	3.5	3.5	3.5	3.5	0	0	0	0	0	0	0	0	0	0	0	0	0	0	0	0	56	56	46	25	25	15	5	5	5	5
1103	5.5	1	2	6	3	3	3.5	3.5	3.5	3.5	0	0	0	0	0	0	0	0	0	0	0	0	0	0	0	55	55	41	19	19	5	6	6	6	5
1104	5.5	1	2	7	3	3	3	3	3	3.5	3.5	0	0	0	0	0	0	0	0	0	0	0	0	0	0	57	57	0	15	15	0	0	7	7	5
1105	5.5	1	2	8	2.5	3	3	3	3	3	3	3	0	0	0	0	0	0	0	0	0	0	0	0	0	62	0	0	10	0	0	0	0	8	5
1106	5	3	2	1	9	0	0	0	0	0	0	0	0	0	0	0	0	0	0	0	0	0	0	0	0	34	44	59	25	35	50	1	1	1	5
1107	5	3	2	2	6.5	7	0	0	0	0	0	0	0	0	0	0	0	0	0	0	0	0	0	0	0	39	49	64	25	35	50	2	2	2	5
1108	5	3	2	3	5.5	5.5	5.5	0	0	0	0	0	0	0	0	0	0	0	0	0	0	0	0	0	0	44	54	69	25	35	50	3	3	3	5
1109	5	3	2	4	4.5	4.5	4.5	5	0	0	0	0	0	0	0	0	0	0	0	0	0	0	0	0	0	49	59	74	25	35	50	4	4	4	5
1110	5	3	2	5	4	4	4	4.5	4.5	0	0	0	0	0	0	0	0	0	0	0	0	0	0	0	0	54	64	74	25	35	45	5	5	5	5
1111	5	3	2	6	4	4	4	4	4	4.5	0	0	0	0	0	0	0	0	0	0	0	0	0	0	0	59	69	69	25	35	35	6	6	6	5
1112	5	3	2	7	3.5	3.5	3.5	3.5	3.5	4	4	0	0	0	0	0	0	0	0	0	0	0	0	0	0	64	74	64	25	35	25	7	7	7	5
1113	5	3	2	8	3	3	3.5	3.5	3.5	3.5	3.5	3.5	0	0	0	0	0	0	0	0	0	0	0	0	0	69	79	59	25	35	15	8	8	8	5
1114	5	3	2	9	3	3	3	3	3	3.5	3.5	3.5	3.5	0	0	0	0	0	0	0	0	0	0	0	0	74	79	54	25	30	5	9	9	9	5
1115	5	3	2	10	2.5	3	3	3	3	3	3	3.5	3.5	3.5	0	0	0	0	0	0	0	0	0	0	0	79	79	0	25	25	0	0	10	10	5
1116	5	3	2	11	2.5	2.5	3	3	3	3	3	3	3	3.5	3.5	0	0	0	0	0	0	0	0	0	0	79	79	0	20	20	0	0	11	11	5
1117	5	3	2	12	2.5	2.5	2.5	2.5	3	3	3	3	3	3	3.5	3.5	0	0	0	0	0	0	0	0	0	79	79	0	15	15	0	0	12	12	5
1118	5	3	2	13	2.5	2.5	2.5	2.5	2.5	3	3	3	3	3	3	3	3.5	0	0	0	0	0	0	0	0	79	0	0	10	0	0	0	0	13	5
1119	5	2	2	1	8	0	0	0	0	0	0	0	0	0	0	0	0	0	0	0	0	0	0	0	0	34	44	59	25	35	50	1	1	1	5
1120	5	2	2	2	5.5	6	0	0	0	0	0	0	0	0	0	0	0	0	0	0	0	0	0	0	0	39	49	64	25	35	50	2	2	2	5
1121	5	2	2	3	4.5	4.5	4.5	0	0	0	0	0	0	0	0	0	0	0	0	0	0	0	0	0	0	44	54	69	25	35	50	3	3	3	5
1122	5	2	2	4	4	4	4	4.5	0	0	0	0	0	0	0	0	0	0	0	0	0	0	0	0	0	49	59	64	25	35	40	4	4	4	5
1123	5	2	2	5	3.5	3.5	3.5	4	4	0	0	0	0	0	0	0	0	0	0	0	0	0	0	0	0	54	64	59	25	35	30	5	5	5	5
1124	5	2	2	6	3	3.5	3.5	3.5	3.5	3.5	0	0	0	0	0	0	0	0	0	0	0	0	0	0	0	59	69	49	25	35	15	6	6	6	5
1125	5	2	2	7	3	3	3	3	3.5	3.5	3.5	0	0	0	0	0	0	0	0	0	0	0	0	0	0	64	66	49	25	27	10	7	7	7	5
1126	5	2	2	8	3	3	3	3	3	3	3	3.5	0	0	0	0	0	0	0	0	0	0	0	0	0	69	69	0	25	25	0	0	8	8	5
1127	5	2	2	9	2.5	3	3	3	3	3	3	3	3	0	0	0	0	0	0	0	0	0	0	0	0	69	61	0	20	12	0	0	9	9	5
1128	5	2	2	10	2.5	2.5	3	3	3	3	3	3	3	3	0	0	0	0	0	0	0	0	0	0	0	64	0	0	10	5	0	0	0	10	5
1129	5	2	2	11	2.5	2.5	2.5	3	3	3	3	3	3	3	3	0	0	0	0	0	0	0	0	0	0	64	0	0	5	0	0	0	0	11	5
1130	5	1	2	1	7	0	0	0	0	0	0	0	0	0	0	0	0	0	0	0	0	0	0	0	0	34	44	59	25	35	50	1	1	1	5
1131	5	1	2	2	5	5	0	0	0	0	0	0	0	0	0	0	0	0	0	0	0	0	0	0	0	39	49	64	25	35	50	2	2	2	5
1132	5	1	2	3	4.5	4.5	4.5	0	0	0	0	0	0	0	0	0	0	0	0	0	0	0	0	0	0	44	54	54	25	35	35	3	3	3	5
1133	5	1	2	4	3.5	4	4	4	0	0	0	0	0	0	0	0	0	0	0	0	0	0	0	0	0	49	54	54	25	30	30	4	4	4	5
1134	5	1	2	5	3.5	3.5	3.5	3.5	3.5	0	0	0	0	0	0	0	0	0	0	0	0	0	0	0	0	54	57	44	25	28	15	5	5	5	5
1135	5	1	2	6	3	3	3.5	3.5	3.5	3.5	0	0	0	0	0	0	0	0	0	0	0	0	0	0	0	54	54	44	20	20	10	6	6	6	5
1136	5	1	2	7	3	3	3	3	3	3.5	3.5	0	0	0	0	0	0	0	0	0	0	0	0	0	0	54	54	0	15	15	0	0	7	7	5
1137	5	1	2	8	2.5	3	3	3	3	3	3	3	0	0	0	0	0	0	0	0	0	0	0	0	0	56	56	0	12	12	0	0	8	8	5
1138	4.5	3	2	1	9	0	0	0	0	0	0	0	0	0	0	0	0	0	0	0	0	0	0	0	0	35	45	59	25	35	50	1	1	1	5
1139	4.5	3	2	2	7	7.5	0	0	0	0	0	0	0	0	0	0	0	0	0	0	0	0	0	0	0	39	49	64	25	35	50	2	2	2	5
1140	4.5	3	2	3	5.5	6	6	0	0	0	0	0	0	0	0	0	0	0	0	0	0	0	0	0	0	43	53	68	25	35	50	3	3	3	5
1141	4.5	3	2	4	4.5	5	5	5.5	0	0	0	0	0	0	0	0	0	0	0	0	0	0	0	0	0	48	58	73	25	35	50	4	4	4	5
1142	4.5	3	2	5	4	4.5	4.5	4.5	4.5	0	0	0	0	0	0	0	0	0	0	0	0	0	0	0	0	52	62	77	25	35	50	5	5	5	5
1143	4.5	3	2	6	4	4	4	4	4.5	4.5	0	0	0	0	0	0	0	0	0	0	0	0	0	0	0	57	67	72	25	35	40	6	6	6	5
1144	4.5	3	2	7	3.5	3.5	4	4	4	4	4.5	0	0	0	0	0	0	0	0	0	0	0	0	0	0	61	71	71	25	35	35	7	7	7	5
1145	4.5	3	2	8	3	3.5	3.5	3.5	3.5	3.5	4	4	0	0	0	0	0	0	0	0	0	0	0	0	0	65	75	65	25	35	25	8	8	8	5
1146	4.5	3	2	9	3	3	3.5	3.5	3.5	3.5	3.5	3.5	4	0	0	0	0	0	0	0	0	0	0	0	0	70	75	60	25	30	15	9	9	9	5
1147	4.5	3	2	10	3	3	3	3	3.5	3.5	3.5	3.5	3.5	3.5	0	0	0	0	0	0	0	0	0	0	0	74	74	54	25	25	5	10	10	10	5
1148	4.5	3	2	11	2.5	3	3	3	3	3	3.5	3.5	3.5	3.5	3.5	0	0	0	0	0	0	0	0	0	0	74	74	0	20	20	0	0	11	11	5
1149	4.5	3	2	12	2.5	2.5	3	3	3	3	3	3	3.5	3.5	3.5	3.5	0	0	0	0	0	0	0	0	0	74	74	0	15	15	0	0	12	12	5
1150	4.5	3	2	13	2.5	2.5	2.5	2.5	3	3	3	3	3	3	3.5	3.5	3.5	0	0	0	0	0	0	0	0	73	73	0	10	10	0	0	13	13	5
1151	4.5	3	2	14	2.5	2.5	2.5	2.5	2.5	3	3	3	3	3	3	3.5	3.5	0	0	0	0	0	0	0	0	83	83	0	5	5	0	0	14	14	5
1152	4.5	2	2	1	8	0	0	0	0	0	0	0	0	0	0	0	0	0	0	0	0	0	0	0	0	35	45	59	25	35	50	1	1	1	5
1153	4.5	2	2	2	5.5	5.5	0	0	0	0	0	0	0	0	0	0	0	0	0	0	0	0	0	0	0	39	49	63	25	35	50	2	2	2	5
1154	4.5	2	2	3	4.5	4.5	4.5	0	0	0	0	0	0	0	0	0	0	0	0	0	0	0	0	0	0	43	53	68	25	35	50	3	3	3	5
1155	4.5	2	2	4	4	4	4	4.5	0	0	0	0	0	0	0	0	0	0	0	0	0	0	0	0	0	48	58	87	25	35	45	4	4	4	5
1156	4.5	2	2	5	3.5	3.5	3.5	4	4	0	0	0	0	0	0	0	0	0	0	0	0	0	0	0	0	52	62	62	25	35	35	5	5	5	5
1157	4.5	2	2	6	3	3.5	3.5	3.5	3.5	3.5	0	0	0	0	0	0	0	0	0	0	0	0	0	0	0	57	66	51	25	35	20	6	6	6	5
1158	4.5	2	2	7	3	3	3	3	3.5	3.5	3.5	0	0	0	0	0	0	0	0	0	0	0	0	0	0	61	66	51	25	30	15	7	7	7	5
1159	4.5	2	2	8	3	3	3	3	3	3	3	3.5	0	0	0	0	0	0	0	0	0	0	0	0	0	65	65	45	25	25	5	8	8	8	5
1160	4.5	2	2	9	2.5	3	3	3	3	3	3	3	3	0	0	0	0	0	0	0	0	0	0	0	0	63	63	0	18	18	0	0	9	9	5
1161	4.5	2	2	10	2.5	2.5	3	3	3	3	3	3	3	3	0	0	0	0	0	0	0	0	0	0	0	61	61	0	12	12	0	0	10	10	5
1162	4.5	2	2	11	2.5	2.5	2.5	3	3	3	3	3	3	3	3	0	0	0	0	0	0	0	0	0	0	59	59	0	5	5	0	0	11	11	5
1163	4.5	1	2	1	7	0	0	0	0	0	0	0	0	0	0	0	0	0	0	0	0	0	0	0	0	35	45	59	25	35	50	1	1	1	5
1164	4.5	1	2	2	5	5	0	0	0	0	0	0	0	0	0	0	0	0	0	0	0	0	0	0	0	39	49	63	25	35	50	2	2	2	5
1165	4.5	1	2	3	4	4.5	4.5	0	0	0	0	0	0	0	0	0	0	0	0	0	0	0	0	0	0	43	53	58	25	35	40	3	3	3	5
1166	4.5	1	2	4	3.5	3.5	4	4	0	0	0	0	0	0	0	0	0	0	0	0	0	0	0	0	0	48	57	57	25	35	35	4	4	4	5
1167	4.5	1	2	5	3.5	3.5	3.5	3.5	3.5	0	0	0	0	0	0	0	0	0	0	0	0	0	0	0	0	52	57	47	25	30	20	5	5	5	5
1168	4.5	1	2	6	3	3	3	3	3.5	3.5	0	0	0	0	0	0	0	0	0	0	0	0	0	0	0	56	56	46	25	25	15	6	6	6	5
1169	4.5	1	2	7	3	3	3	3	3	3	3.5	0	0	0	0	0	0	0	0	0	0	0	0	0	0	65	56	46	20	20	10	7	7	7	5
1170	4.5	1	2	8	2.5	3	3	3	3	3	3	3	0	0	0	0	0	0	0	0	0	0	0	0	0	55	55	0	15	15	0	0	8	8	5
1171	4.5	1	2	9	2.5	2.5	2.5	3	3	3	3	3	3	0	0	0	0	0	0	0	0	0	0	0	0	55	55	0	10	10	0	0	9	9	5
1172	4	3	2	1	9	0	0	0	0	0	0	0	0	0	0	0	0	0	0	0	0	0	0	0	0	34	44	59	25	35	50	1	1	1	5
1173	4	3	2	2	6.5	7	0	0	0	0	0	0	0	0	0	0	0	0	0	0	0	0	0	0	0	38	48	63	25	35	50	2	2	2	5
1174	4	3	2	3	5.5	5.5	5.5	0	0	0	0	0	0	0	0	0	0	0	0	0	0	0	0	0	0	42	52	67	25	35	50	3	3	3	5
1175	4	3	2	4	4.5	4.5	5	5	0	0	0	0	0	0	0	0	0	0	0	0	0	0	0	0	0	46	56	71	25	35	50	4	4	4	5
1176	4	3	2	5	4	4	4	4	4.5	0	0	0	0	0	0	0	0	0	0	0	0	0	0	0	0	50	60	75	25	35	50	5	5	5	5
1177	4	3	2	6	3.5	3.5	4	4	4	4	0	0	0	0	0	0	0	0	0	0	0	0	0	0	0	54	64	74	25	35	45	6	6	6	5
1178	4	3	2	7	3.5	3.5	3.5	3.5	3.5	4	4	0	0	0	0	0	0	0	0	0	0	0	0	0	0	58	68	73	25	35	40	7	7	7	5
1179	4	3	2	8	3	3.5	3.5	3.5	3.5	3.5	3.5	3.5	0	0	0	0	0	0	0	0	0	0	0	0	0	62	72	62	25	35	25	8	8	8	5
1180	4	3	2	9	3	3	3	3	3.5	3.5	3.5	3.5	3.5	0	0	0	0	0	0	0	0	0	0	0	0	66	71	61	25	30	20	9	9	9	5
1181	4	3	2	10	3	3	3	3	3	3	3	3.5	3.5	3.5	0	0	0	0	0	0	0	0	0	0	0	70	70	60	25	25	15	10	10	10	5
1182	4	3	2	11	2.5	3	3	3	3	3	3	3	3	3.5	3.5	0	0	0	0	0	0	0	0	0	0	69	69	54	20	20	5	11	11	11	5
1183	4	3	2	12	2.5	2.5	2.5	3	3	3	3	3	3	3	3.5	3.5	0	0	0	0	0	0	0	0	0	68	68	0	15	15	0	0	12	12	5
1184	4	3	2	13	2.5	2.5	2.5	3	3	3	3	3	3	3	3	3	3.5	0	0	0	0	0	0	0	0	67	67	0	10	10	0	0	13	13	5
1185	4	3	2	14	2.5	2.5	2.5	2.5	3	3	3	3	3	3	3	3	3	3	0	0	0	0	0	0	0	66	66	0	5	5	0	0	14	14	5
1186	4	2	2	1	8	0	0	0	0	0	0	0	0	0	0	0	0	0	0	0	0	0	0	0	0	34	44	59	25	35	50	1	1	1	5
1187	4	2	2	2	5.5	5.5	0	0	0	0	0	0	0	0	0	0	0	0	0	0	0	0	0	0	0	38	48	63	25	35	50	2	2	2	5
1188	4	2	2	3	4.5	4.5	4.5	0	0	0	0	0	0	0	0	0	0	0	0	0	0	0	0	0	0	42	52	67	25	35	50	3	3	3	5
1189	4	2	2	4	4	4	4	4.5	0	0	0	0	0	0	0	0	0	0	0	0	0	0	0	0	0	46	56	66	25	35	45	4	4	4	5
1190	4	2	2	5	3.5	3.5	3.5	4	4	0	0	0	0	0	0	0	0	0	0	0	0	0	0	0	0	50	60	60	25	35	35	5	5	5	5
1191	4	2	2	6	3	3.5	3.5	3.5	3.5	3.5	0	0	0	0	0	0	0	0	0	0	0	0	0	0	0	54	64	54	25	35	25	6	6	6	5
1192	4	2	2	7	3	3	3	3	3.5	3.5	3.5	0	0	0	0	0	0	0	0	0	0	0	0	0	0	58	63	53	25	30	20	7	7	7	5
1193	4	2	2	8	3	3	3	3	3	3	3	3.5	0	0	0	0	0	0	0	0	0	0	0	0	0	62	62	47	25	25	10	8	8	8	5
1194	4	2	2	9	2.5	3	3	3	3	3	3	3	3	0	0	0	0	0	0	0	0	0	0	0	0	61	61	0	20	20	0	0	9	9	5
1195	4	2	2	10	2.5	2.5	3	3	3	3	3	3	3	3	0	0	0	0	0	0	0	0	0	0	0	57	57	0	12	12	0	0	10	10	5
1196	4	2	2	11	2.5	2.5	2.5	3	3	3	3	3	3	3	3	0	0	0	0	0	0	0	0	0	0	54	54	0	5	5	0	0	11	11	5
1197	4	1	2	1	7	0	0	0	0	0	0	0	0	0	0	0	0	0	0	0	0	0	0	0	0	34	44	59	25	35	50	1	1	1	5
1198	4	1	2	2	5	5	0	0	0	0	0	0	0	0	0	0	0	0	0	0	0	0	0	0	0	38	48	63	25	35	50	2	2	2	5
1199	4	1	2	3	4	4.5	4.5	0	0	0	0	0	0	0	0	0	0	0	0	0	0	0	0	0	0	42	52	57	25	35	40	3	3	3	5
1200	4	1	2	4	3.5	3.5	4	4	0	0	0	0	0	0	0	0	0	0	0	0	0	0	0	0	0	46	56	56	25	35	35	4	4	4	5
1201	4	1	2	5	3.5	3.5	3.5	3.5	3.5	0	0	0	0	0	0	0	0	0	0	0	0	0	0	0	0	50	55	55	25	30	30	5	5	5	5
1202	4	1	2	6	3	3	3	3	3.5	3.5	0	0	0	0	0	0	0	0	0	0	0	0	0	0	0	54	59	49	25	30	20	6	6	6	5
1203	4	1	2	7	3	3	3	3	3	3	3.5	0	0	0	0	0	0	0	0	0	0	0	0	0	0	53	53	43	20	20	10	7	7	7	5
1204	4	1	2	8	2.5	3	3	3	3	3	3	3	0	0	0	0	0	0	0	0	0	0	0	0	0	52	52	0	15	15	0	0	8	8	5
1205	4	1	2	9	2.5	2.5	2.5	3	3	3	3	3	3	0	0	0	0	0	0	0	0	0	0	0	0	51	51	0	10	10	0	0	9	9	5
1206	3.5	3	2	1	9	0	0	0	0	0	0	0	0	0	0	0	0	0	0	0	0	0	0	0	0	34	44	59	25	35	50	1	1	1	5
1207	3.5	3	2	2	6.5	7	0	0	0	0	0	0	0	0	0	0	0	0	0	0	0	0	0	0	0	37	47	62	25	35	50	2	2	2	5
1208	3.5	3	2	3	5.5	5.5	6	0	0	0	0	0	0	0	0	0	0	0	0	0	0	0	0	0	0	41	51	66	25	35	50	3	3	3	5
1209	3.5	3	2	4	4.5	4.5	5	5	0	0	0	0	0	0	0	0	0	0	0	0	0	0	0	0	0	44	54	69	25	35	50	4	4	4	5
1210	3.5	3	2	5	4	4	4	4.5	4.5	0	0	0	0	0	0	0	0	0	0	0	0	0	0	0	0	48	58	73	25	35	50	5	5	5	5
1211	3.5	3	2	6	3.5	3.5	4	4	4	4	0	0	0	0	0	0	0	0	0	0	0	0	0	0	0	51	61	76	25	35	50	6	6	6	5
1212	3.5	3	2	7	3.5	3.5	3.5	3.5	3.5	4	4	0	0	0	0	0	0	0	0	0	0	0	0	0	0	55	65	70	25	35	40	7	7	7	5
1213	3.5	3	2	8	3.5	3.5	3.5	3.5	3.5	3.5	3.5	3.5	0	0	0	0	0	0	0	0	0	0	0	0	0	58	68	63	25	35	30	8	8	8	5
1214	3.5	3	2	9	3	3	3	3	3	3.5	3.5	3.5	3.5	0	0	0	0	0	0	0	0	0	0	0	0	62	72	62	25	35	25	9	9	9	5
1215	3.5	3	2	10	3	3	3	3	3	3	3	3	3.5	3.5	0	0	0	0	0	0	0	0	0	0	0	65	70	60	25	30	20	10	10	10	5
1216	3.5	3	2	11	2.5	3	3	3	3	3	3	3	3	3	3.5	0	0	0	0	0	0	0	0	0	0	69	69	59	25	25	15	11	11	11	5
1217	3.5	3	2	12	2.5	2.5	3	3	3	3	3	3	3	3	3	3	0	0	0	0	0	0	0	0	0	67	67	0	20	20	0	0	12	12	5
1218	3.5	3	2	13	2.5	2.5	2.5	3	3	3	3	3	3	3	3	3	3	0	0	0	0	0	0	0	0	66	66	0	15	15	0	0	13	13	5
1219	3.5	3	2	14	2.5	2.5	2.5	2.5	3	3	3	3	3	3	3	3	3	3	0	0	0	0	0	0	0	64	64	0	10	10	0	0	14	14	5
1220	3.5	2	2	1	8	0	0	0	0	0	0	0	0	0	0	0	0	0	0	0	0	0	0	0	0	34	44	59	25	35	50	1	1	1	5
1221	3.5	2	2	2	6	6	0	0	0	0	0	0	0	0	0	0	0	0	0	0	0	0	0	0	0	37	47	62	25	35	50	2	2	2	5
1222	3.5	2	2	3	4.5	4.5	5	0	0	0	0	0	0	0	0	0	0	0	0	0	0	0	0	0	0	41	51	66	25	35	50	3	3	3	5
1223	3.5	2	2	4	4	4	4	4	0	0	0	0	0	0	0	0	0	0	0	0	0	0	0	0	0	44	54	69	25	35	50	4	4	4	5
1224	3.5	2	2	5	3.5	3.5	3.5	4	4	0	0	0	0	0	0	0	0	0	0	0	0	0	0	0	0	48	58	63	25	35	40	5	5	5	5
1225	3.5	2	2	6	3	3	3.5	3.5	3.5	3.5	0	0	0	0	0	0	0	0	0	0	0	0	0	0	0	51	61	56	25	35	30	6	6	6	5
1226	3.5	2	2	7	3	3	3	3.5	3.5	3.5	3.5	0	0	0	0	0	0	0	0	0	0	0	0	0	0	55	60	44	25	30	25	7	7	7	5
1227	3.5	2	2	8	3	3	3	3	3	3	3.5	3.5	0	0	0	0	0	0	0	0	0	0	0	0	0	58	58	53	25	25	20	8	8	8	5
1228	3.5	2	2	9	2.5	3	3	3	3	3	3	3	3	0	0	0	0	0	0	0	0	0	0	0	0	57	57	42	20	20	5	9	9	9	5
1229	3.5	2	2	10	2.5	2.5	3	3	3	3	3	3	3	3	0	0	0	0	0	0	0	0	0	0	0	55	55	0	15	15	0	0	10	10	5
1230	3.5	2	2	11	2.5	2.5	2.5	3	3	3	3	3	3	3	3	0	0	0	0	0	0	0	0	0	0	54	54	0	10	10	0	0	11	11	5
1231	3.5	1	2	1	7	0	0	0	0	0	0	0	0	0	0	0	0	0	0	0	0	0	0	0	0	34	44	59	25	35	50	1	1	1	5
1232	3.5	1	2	2	5	5	0	0	0	0	0	0	0	0	0	0	0	0	0	0	0	0	0	0	0	37	47	62	25	35	50	2	2	2	5
1233	3.5	1	2	3	4	4.5	4.5	0	0	0	0	0	0	0	0	0	0	0	0	0	0	0	0	0	0	41	51	56	25	35	40	3	3	3	5
1234	3.5	1	2	4	3.5	3.5	4	4	0	0	0	0	0	0	0	0	0	0	0	0	0	0	0	0	0	44	54	54	25	35	35	4	4	4	5
1235	3.5	1	2	5	3.5	3.5	3.5	3.5	3.5	0	0	0	0	0	0	0	0	0	0	0	0	0	0	0	0	48	53	53	25	30	30	5	5	5	5
1236	3.5	1	2	6	3	3	3	3	3.5	3.5	0	0	0	0	0	0	0	0	0	0	0	0	0	0	0	51	56	51	25	30	25	6	6	6	5
1237	3.5	1	2	7	3	3	3	3	3	3	3.5	0	0	0	0	0	0	0	0	0	0	0	0	0	0	50	50	50	20	20	20	7	7	7	5
1238	3.5	1	2	8	2.5	3	3	3	3	3	3	3	0	0	0	0	0	0	0	0	0	0	0	0	0	50	50	38	17	17	5	8	8	8	5
1239	3.5	1	2	9	2.5	2.5	2.5	3	3	3	3	3	3	0	0	0	0	0	0	0	0	0	0	0	0	49	49	0	12	12	0	0	9	9	5
1240	3	3	2	1	9	0	0	0	0	0	0	0	0	0	0	0	0	0	0	0	0	0	0	0	0	34	44	59	25	35	50	1	1	1	5
1241	3	3	2	2	7	7	0	0	0	0	0	0	0	0	0	0	0	0	0	0	0	0	0	0	0	37	47	62	25	35	50	2	2	2	5
1242	3	3	2	3	5.5	5.5	5.5	0	0	0	0	0	0	0	0	0	0	0	0	0	0	0	0	0	0	40	50	65	25	35	50	3	3	3	5
1243	3	3	2	4	4.5	4.5	5	5	0	0	0	0	0	0	0	0	0	0	0	0	0	0	0	0	0	43	53	68	25	35	50	4	4	4	5
1244	3	3	2	5	4	4	4	4.5	4.5	0	0	0	0	0	0	0	0	0	0	0	0	0	0	0	0	46	56	71	25	35	50	5	5	5	5
1245	3	3	2	6	3.5	3.5	3.5	4	4	4	0	0	0	0	0	0	0	0	0	0	0	0	0	0	0	49	59	74	25	35	50	6	6	6	5
1246	3	3	2	7	3.5	3.5	3.5	3.5	3.5	3.5	4	0	0	0	0	0	0	0	0	0	0	0	0	0	0	52	62	72	25	35	45	7	7	7	5
1247	3	3	2	8	3	3	3.5	3.5	3.5	3.5	3.5	3.5	0	0	0	0	0	0	0	0	0	0	0	0	0	55	65	70	25	35	40	8	8	8	5
1248	3	3	2	9	3	3	3	3	3.5	3.5	3.5	3.5	3.5	0	0	0	0	0	0	0	0	0	0	0	0	58	68	68	25	35	35	9	9	9	5
1249	3	3	2	10	3	3	3	3	3	3	3	3.5	3.5	3.5	0	0	0	0	0	0	0	0	0	0	0	61	66	66	25	30	30	10	10	10	5
1250	3	3	2	11	3	3	3	3	3	3	3	3	3	3.5	3.5	0	0	0	0	0	0	0	0	0	0	64	64	59	25	25	20	11	11	11	5
1251	3	3	2	12	2.5	3	3	3	3	3	3	3	3	3	3	3.5	0	0	0	0	0	0	0	0	0	62	62	57	20	20	15	12	12	12	5
1252	3	3	2	13	2.5	2.5	3	3	3	3	3	3	3	3	3	3	3	0	0	0	0	0	0	0	0	60	60	0	15	15	0	0	13	13	5
1253	3	3	2	14	2.5	2.5	2.5	2.5	3	3	3	3	3	3	3	3	3	3	0	0	0	0	0	0	0	58	58	0	10	10	0	0	14	14	5
1254	3	2	2	1	8	0	0	0	0	0	0	0	0	0	0	0	0	0	0	0	0	0	0	0	0	34	44	59	25	35	50	1	1	1	5
1255	3	2	2	2	6	6	0	0	0	0	0	0	0	0	0	0	0	0	0	0	0	0	0	0	0	37	47	62	25	35	50	2	2	2	5
1256	3	2	2	3	4.5	4.5	5	0	0	0	0	0	0	0	0	0	0	0	0	0	0	0	0	0	0	40	50	65	25	35	50	3	3	3	5
1257	3	2	2	4	4	4	4	4	0	0	0	0	0	0	0	0	0	0	0	0	0	0	0	0	0	43	53	68	25	35	50	4	4	4	5
1258	3	2	2	5	3.5	3.5	3.5	4	4	0	0	0	0	0	0	0	0	0	0	0	0	0	0	0	0	46	56	56	25	35	40	5	5	5	5
1259	3	2	2	6	3	3	3.5	3.5	3.5	3.5	0	0	0	0	0	0	0	0	0	0	0	0	0	0	0	49	59	59	25	35	35	6	6	6	5
1260	3	2	2	7	3	3	3	3.5	3.5	3.5	3.5	0	0	0	0	0	0	0	0	0	0	0	0	0	0	52	57	57	25	30	30	7	7	7	5
1261	3	2	2	8	3	3	3	3	3	3.5	3.5	3.5	0	0	0	0	0	0	0	0	0	0	0	0	0	55	55	55	25	25	25	8	8	8	5
1262	3	2	2	9	3	3	3	3	3	3	3	3	3.5	0	0	0	0	0	0	0	0	0	0	0	0	53	53	53	20	20	20	9	9	9	5
1263	3	2	2	10	3	3	3	3	3	3	3	3	3	3	0	0	0	0	0	0	0	0	0	0	0	51	51	46	15	15	10	10	10	10	5
1264	3	2	2	11	2.5	2.5	3	3	3	3	3	3	3	3	3	0	0	0	0	0	0	0	0	0	0	49	49	44	10	10	5	11	11	11	5
1265	3	2	2	12	2.5	2.5	2.5	3	3	3	3	3	3	3	3	3	0	0	0	0	0	0	0	0	0	47	47	0	5	5	0	0	12	12	5
1266	3	1	2	1	7	0	0	0	0	0	0	0	0	0	0	0	0	0	0	0	0	0	0	0	0	34	44	59	25	35	50	1	1	1	5
1267	3	1	2	2	5	5	0	0	0	0	0	0	0	0	0	0	0	0	0	0	0	0	0	0	0	37	47	62	25	35	50	2	2	2	5
1268	3	1	2	3	4	4.5	4.5	0	0	0	0	0	0	0	0	0	0	0	0	0	0	0	0	0	0	40	50	55	25	35	40	3	3	3	5
1269	3	1	2	4	3.5	3.5	4	4	0	0	0	0	0	0	0	0	0	0	0	0	0	0	0	0	0	43	53	58	25	35	40	4	4	4	5
1270	3	1	2	5	3.5	3.5	3.5	3.5	3.5	0	0	0	0	0	0	0	0	0	0	0	0	0	0	0	0	46	56	56	25	35	35	5	5	5	5
1271	3	1	2	6	3	3	3	3	3.5	3.5	0	0	0	0	0	0	0	0	0	0	0	0	0	0	0	49	54	54	25	30	30	6	6	6	5
1272	3	1	2	7	3	3	3	3	3	3	3.5	0	0	0	0	0	0	0	0	0	0	0	0	0	0	52	52	52	25	25	25	7	7	7	5
1273	3	1	2	8	2.5	3	3	3	3	3	3	3	0	0	0	0	0	0	0	0	0	0	0	0	0	50	50	40	20	20	10	8	8	8	5
1274	3	1	2	9	2.5	2.5	2.5	3	3	3	3	3	3	0	0	0	0	0	0	0	0	0	0	0	0	48	48	38	15	15	5	9	9	9	5
1275	3	1	2	10	2.5	2.5	2.5	3	3	3	3	3	3	3	0	0	0	0	0	0	0	0	0	0	0	41	41	41	5	5	5	10	10	10	5
1276	2.5	3	2	1	9	0	0	0	0	0	0	0	0	0	0	0	0	0	0	0	0	0	0	0	0	34	44	59	25	35	50	1	1	1	5
1277	2.5	3	2	2	7	7	0	0	0	0	0	0	0	0	0	0	0	0	0	0	0	0	0	0	0	36	46	61	25	35	50	2	2	2	5
1278	2.5	3	2	3	5.5	5.5	5.5	0	0	0	0	0	0	0	0	0	0	0	0	0	0	0	0	0	0	39	49	64	25	35	50	3	3	3	5
1279	2.5	3	2	4	4.5	5	5	5	0	0	0	0	0	0	0	0	0	0	0	0	0	0	0	0	0	41	51	66	25	35	50	4	4	4	5
1280	2.5	3	2	5	4	4	4.5	4.5	4.5	0	0	0	0	0	0	0	0	0	0	0	0	0	0	0	0	44	54	69	25	35	50	5	5	5	5
1281	2.5	3	2	6	3.5	3.5	4	4	4	4	0	0	0	0	0	0	0	0	0	0	0	0	0	0	0	46	56	71	25	35	50	6	6	6	5
1282	2.5	3	2	7	3.5	3.5	3.5	3.5	3.5	3.5	4	0	0	0	0	0	0	0	0	0	0	0	0	0	0	49	59	74	25	35	50	7	7	7	5
1283	2.5	3	2	8	3.5	3.5	3.5	3.5	3.5	3.5	3.5	3.5	0	0	0	0	0	0	0	0	0	0	0	0	0	51	61	66	25	35	40	8	8	8	5
1284	2.5	3	2	9	3	3	3	3.5	3.5	3.5	3.5	3.5	3.5	0	0	0	0	0	0	0	0	0	0	0	0	54	64	64	25	35	35	9	9	9	5
1285	2.5	3	2	10	3	3	3	3	3	3	3.5	3.5	3.5	3.5	0	0	0	0	0	0	0	0	0	0	0	56	61	61	25	30	30	10	10	10	5
1286	2.5	3	2	11	3	3	3	3	3	3	3	3	3.5	3.5	3.5	0	0	0	0	0	0	0	0	0	0	59	59	59	25	25	25	11	11	11	5
1287	2.5	3	2	12	3	3	3	3	3	3	3	3	3	3	3	3.5	0	0	0	0	0	0	0	0	0	56	56	56	20	20	20	12	12	12	5
1288	2.5	3	2	13	2.5	2.5	3	3	3	3	3	3	3	3	3	3	3.5	0	0	0	0	0	0	0	0	54	54	0	15	15	0	0	13	13	5
1289	2.5	3	2	14	2.5	2.5	3	3	3	3	3	3	3	3	3	3	3	3	0	0	0	0	0	0	0	51	51	0	10	10	0	0	14	14	5
1290	2.5	3	2	15	2.5	2.5	2.5	3	3	3	3	3	3	3	3	3	3	3	3	0	0	0	0	0	0	49	49	0	5	5	0	0	15	15	5
1291	2.5	2	2	1	8	0	0	0	0	0	0	0	0	0	0	0	0	0	0	0	0	0	0	0	0	34	44	59	25	35	50	1	1	1	5
1292	2.5	2	2	2	5.5	6	0	0	0	0	0	0	0	0	0	0	0	0	0	0	0	0	0	0	0	36	46	61	25	35	50	2	2	2	5
1293	2.5	2	2	3	4.5	4.5	5	0	0	0	0	0	0	0	0	0	0	0	0	0	0	0	0	0	0	39	49	64	25	35	50	3	3	3	5
1294	2.5	2	2	4	4	4	4	4	0	0	0	0	0	0	0	0	0	0	0	0	0	0	0	0	0	41	51	66	25	35	50	4	4	4	5
1295	2.5	2	2	5	3.5	3.5	3.5	4	4	0	0	0	0	0	0	0	0	0	0	0	0	0	0	0	0	44	54	64	25	35	45	5	5	5	5
1296	2.5	2	2	6	3	3	3.5	3.5	3.5	3.5	0	0	0	0	0	0	0	0	0	0	0	0	0	0	0	46	56	61	25	35	40	6	6	6	5
1297	2.5	2	2	7	3	3	3	3	3.5	3.5	3.5	0	0	0	0	0	0	0	0	0	0	0	0	0	0	49	59	59	25	35	35	7	7	7	5
1298	2.5	2	2	8	3	3	3	3	3	3	3.5	3.5	0	0	0	0	0	0	0	0	0	0	0	0	0	51	56	56	25	30	30	8	8	8	5
1299	2.5	2	2	9	3	3	3	3	3	3	3	3	3	0	0	0	0	0	0	0	0	0	0	0	0	54	54	49	25	25	20	9	9	9	5
1300	2.5	2	2	10	2.5	3	3	3	3	3	3	3	3	3	0	0	0	0	0	0	0	0	0	0	0	51	51	46	20	20	15	10	10	10	5
1301	2.5	2	2	11	2.5	2.5	2.5	3	3	3	3	3	3	3	3	0	0	0	0	0	0	0	0	0	0	49	49	44	15	15	10	11	11	11	5
1302	2.5	2	2	12	2.5	2.5	2.5	2.5	3	3	3	3	3	3	3	3	0	0	0	0	0	0	0	0	0	46	46	41	10	10	5	12	12	12	5
1303	2.5	2	2	13	2.5	2.5	2.5	2.5	2.5	2.5	3	3	3	3	3	3	3	0	0	0	0	0	0	0	0	44	44	0	5	5	0	0	13	13	5
1304	2.5	1	2	1	7	0	0	0	0	0	0	0	0	0	0	0	0	0	0	0	0	0	0	0	0	34	44	59	25	35	50	1	1	1	5
1305	2.5	1	2	2	5	5	0	0	0	0	0	0	0	0	0	0	0	0	0	0	0	0	0	0	0	36	46	61	25	35	50	2	2	2	5
1306	2.5	1	2	3	4	4.5	4.5	0	0	0	0	0	0	0	0	0	0	0	0	0	0	0	0	0	0	39	49	59	25	35	45	3	3	3	5
1307	2.5	1	2	4	3.5	3.5	4	4	0	0	0	0	0	0	0	0	0	0	0	0	0	0	0	0	0	41	51	56	25	35	40	4	4	4	5
1308	2.5	1	2	5	3.5	3.5	3.5	3.5	3.5	0	0	0	0	0	0	0	0	0	0	0	0	0	0	0	0	44	54	54	25	35	35	5	5	5	5
1309	2.5	1	2	6	3	3	3	3	3.5	3.5	0	0	0	0	0	0	0	0	0	0	0	0	0	0	0	46	51	51	25	30	30	6	6	6	5
1310	2.5	1	2	7	3	3	3	3	3	3	3	0	0	0	0	0	0	0	0	0	0	0	0	0	0	49	49	49	25	25	25	7	7	7	5
1311	2.5	1	2	8	2.5	3	3	3	3	3	3	3	0	0	0	0	0	0	0	0	0	0	0	0	0	46	46	46	20	20	20	8	8	8	5
1312	2.5	1	2	9	2.5	2.5	3	3	3	3	3	3	3	0	0	0	0	0	0	0	0	0	0	0	0	44	44	44	15	15	15	9	9	9	5
1313	2.5	1	2	10	2.5	2.5	2.5	3	3	3	3	3	3	3	0	0	0	0	0	0	0	0	0	0	0	41	41	41	10	10	10	10	10	10	5
1314	2.5	1	2	11	2.5	2.5	2.5	2.5	2.5	3	3	3	3	3	3	0	0	0	0	0	0	0	0	0	0	39	39	39	5	5	5	11	11	11	5
1315	12	3	4	1	7	0	0	0	0	0	0	0	0	0	0	0	0	0	0	0	0	0	0	0	0	43	53	68	25	35	50	1	1	1	5
1316	12	3	4	2	5	5	0	0	0	0	0	0	0	0	0	0	0	0	0	0	0	0	0	0	0	56	66	71	25	35	40	2	2	2	5
1317	12	3	4	3	4	4	4.5	0	0	0	0	0	0	0	0	0	0	0	0	0	0	0	0	0	0	67	72	54	25	30	12	3	3	3	5
1318	12	3	4	4	3.5	4	4	4	0	0	0	0	0	0	0	0	0	0	0	0	0	0	0	0	0	69	67	0	15	13	0	0	4	4	5
1319	12	3	4	5	3.5	3.5	3.5	3.5	4	0	0	0	0	0	0	0	0	0	0	0	0	0	0	0	0	71	0	0	5	0	0	0	0	5	5
1320	12	2	4	1	5.5	0	0	0	0	0	0	0	0	0	0	0	0	0	0	0	0	0	0	0	0	43	53	68	25	35	50	1	1	1	5
1321	12	2	4	2	4.5	4.5	0	0	0	0	0	0	0	0	0	0	0	0	0	0	0	0	0	0	0	50	50	50	20	20	20	2	2	2	5
1322	12	2	4	3	4	4	4	0	0	0	0	0	0	0	0	0	0	0	0	0	0	0	0	0	0	54	54	0	12	12	0	0	3	3	5
1323	12	2	4	4	3.5	3.5	3.5	3.5	0	0	0	0	0	0	0	0	0	0	0	0	0	0	0	0	0	61	0	0	7	0	0	0	0	4	5
1324	12	1	4	1	5	0	0	0	0	0	0	0	0	0	0	0	0	0	0	0	0	0	0	0	0	43	53	63	25	35	45	1	1	1	5
1325	12	1	4	2	4	4	0	0	0	0	0	0	0	0	0	0	0	0	0	0	0	0	0	0	0	50	50	38	20	20	8	2	2	2	5
1326	12	1	4	3	3.5	3.5	3.5	0	0	0	0	0	0	0	0	0	0	0	0	0	0	0	0	0	0	52	47	0	10	5	0	0	3	3	5
1327	11.5	3	4	1	7	0	0	0	0	0	0	0	0	0	0	0	0	0	0	0	0	0	0	0	0	43	53	68	25	35	50	1	1	1	5
1328	11.5	3	4	2	5	5	0	0	0	0	0	0	0	0	0	0	0	0	0	0	0	0	0	0	0	55	65	70	25	35	40	2	2	2	5
1329	11.5	3	4	3	4	4	4.5	0	0	0	0	0	0	0	0	0	0	0	0	0	0	0	0	0	0	66	71	55	25	30	14	3	3	3	5
1330	11.5	3	4	4	3.5	4	4	4	0	0	0	0	0	0	0	0	0	0	0	0	0	0	0	0	0	68	68	0	15	15	0	0	4	4	5
1331	11.5	3	4	5	3.5	3.5	3.5	3.5	4	0	0	0	0	0	0	0	0	0	0	0	0	0	0	0	0	69	0	0	5	0	0	0	0	5	5
1332	11.5	2	4	1	5.5	0	0	0	0	0	0	0	0	0	0	0	0	0	0	0	0	0	0	0	0	43	53	68	25	35	50	1	1	1	5
1333	11.5	2	4	2	4.5	4.5	0	0	0	0	0	0	0	0	0	0	0	0	0	0	0	0	0	0	0	50	50	50	20	20	20	2	2	2	5
1334	11.5	2	4	3	4	4	4	0	0	0	0	0	0	0	0	0	0	0	0	0	0	0	0	0	0	53	53	0	12	12	0	0	3	3	5
1335	11.5	2	4	4	3.5	3.5	3.5	3.5	0	0	0	0	0	0	0	0	0	0	0	0	0	0	0	0	0	61	0	0	8	0	0	0	0	4	5
1336	11.5	1	4	1	5	0	0	0	0	0	0	0	0	0	0	0	0	0	0	0	0	0	0	0	0	43	53	63	25	35	45	1	1	1	5
1337	11.5	1	4	2	4	4	0	0	0	0	0	0	0	0	0	0	0	0	0	0	0	0	0	0	0	50	50	40	20	20	10	2	2	2	5
1338	11.5	1	4	3	3.5	3.5	3.5	0	0	0	0	0	0	0	0	0	0	0	0	0	0	0	0	0	0	51	49	0	10	8	0	0	3	3	5
1339	11	3	4	1	7	0	0	0	0	0	0	0	0	0	0	0	0	0	0	0	0	0	0	0	0	43	53	68	25	35	50	1	1	1	5
1340	11	3	4	2	5	5	0	0	0	0	0	0	0	0	0	0	0	0	0	0	0	0	0	0	0	54	64	69	25	35	40	2	2	2	5
1341	11	3	4	3	4	4	4.5	0	0	0	0	0	0	0	0	0	0	0	0	0	0	0	0	0	0	65	70	55	25	30	15	3	3	3	5
1342	11	3	4	4	3.5	4	4	4	0	0	0	0	0	0	0	0	0	0	0	0	0	0	0	0	0	66	66	0	15	15	0	0	4	4	5
1343	11	3	4	5	3.5	3.5	3.5	3.5	4	0	0	0	0	0	0	0	0	0	0	0	0	0	0	0	0	67	0	0	5	0	0	0	0	5	5
1344	11	2	4	1	5.5	0	0	0	0	0	0	0	0	0	0	0	0	0	0	0	0	0	0	0	0	43	53	68	25	35	50	1	1	1	5
1345	11	2	4	2	4.5	4.5	0	0	0	0	0	0	0	0	0	0	0	0	0	0	0	0	0	0	0	49	49	49	20	20	20	2	2	2	5
1346	11	2	4	3	4	4	4	0	0	0	0	0	0	0	0	0	0	0	0	0	0	0	0	0	0	55	55	0	15	15	0	0	3	3	5
1347	11	2	4	4	3.5	3.5	3.5	3.5	0	0	0	0	0	0	0	0	0	0	0	0	0	0	0	0	0	61	0	0	10	0	0	0	0	4	5
1348	11	1	4	1	5	0	0	0	0	0	0	0	0	0	0	0	0	0	0	0	0	0	0	0	0	43	53	63	25	35	45	1	1	1	5
1349	11	1	4	2	4	4	0	0	0	0	0	0	0	0	0	0	0	0	0	0	0	0	0	0	0	49	49	45	20	20	16	2	2	2	5
1350	11	1	4	3	3.5	3.5	3.5	0	0	0	0	0	0	0	0	0	0	0	0	0	0	0	0	0	0	52	50	0	12	10	0	0	3	3	5
1351	11	1	4	4	3	3	3	3	0	0	0	0	0	0	0	0	0	0	0	0	0	0	0	0	0	56	0	0	5	0	0	0	0	4	5
1352	10.5	3	4	1	7	0	0	0	0	0	0	0	0	0	0	0	0	0	0	0	0	0	0	0	0	43	53	68	25	35	50	1	1	1	5
1353	10.5	3	4	2	5	5	0	0	0	0	0	0	0	0	0	0	0	0	0	0	0	0	0	0	0	54	64	69	25	35	40	2	2	2	5
1354	10.5	3	4	3	4	4	4.5	0	0	0	0	0	0	0	0	0	0	0	0	0	0	0	0	0	0	64	69	57	25	30	18	3	3	3	5
1355	10.5	3	4	4	3.5	4	4	4	0	0	0	0	0	0	0	0	0	0	0	0	0	0	0	0	0	65	65	0	15	15	0	0	4	4	5
1356	10.5	3	4	5	3.5	3.5	3.5	3.5	4	0	0	0	0	0	0	0	0	0	0	0	0	0	0	0	0	68	0	0	8	0	0	0	0	5	5
1357	10.5	3	4	6	3	3	3	3.5	3.5	3.5	0	0	0	0	0	0	0	0	0	0	0	0	0	0	0	76	0	0	5	0	0	0	0	6	5
1358	10.5	2	4	1	5.5	0	0	0	0	0	0	0	0	0	0	0	0	0	0	0	0	0	0	0	0	43	53	68	25	35	50	1	1	1	5
1359	10.5	2	4	2	4.5	4.5	0	0	0	0	0	0	0	0	0	0	0	0	0	0	0	0	0	0	0	49	49	49	20	20	20	2	2	2	5
1360	10.5	2	4	3	4	4	4	0	0	0	0	0	0	0	0	0	0	0	0	0	0	0	0	0	0	54	54	0	15	15	0	0	3	3	5
1361	10.5	2	4	4	3.5	3.5	3.5	3.5	0	0	0	0	0	0	0	0	0	0	0	0	0	0	0	0	0	60	0	0	10	0	0	0	0	4	5
1362	10.5	1	4	1	5	0	0	0	0	0	0	0	0	0	0	0	0	0	0	0	0	0	0	0	0	43	53	63	25	35	45	1	1	1	5
1363	10.5	1	4	2	4	4	0	0	0	0	0	0	0	0	0	0	0	0	0	0	0	0	0	0	0	49	49	45	20	20	16	2	2	2	5
1364	10.5	1	4	3	3.5	3.5	3.5	0	0	0	0	0	0	0	0	0	0	0	0	0	0	0	0	0	0	51	51	0	12	12	0	0	3	3	5
1365	10.5	1	4	4	3	3	3	3	0	0	0	0	0	0	0	0	0	0	0	0	0	0	0	0	0	58	0	0	8	0	0	0	0	4	5
1366	10	3	4	1	7	0	0	0	0	0	0	0	0	0	0	0	0	0	0	0	0	0	0	0	0	43	53	68	25	35	50	1	1	1	5
1367	10	3	4	2	5	5	0	0	0	0	0	0	0	0	0	0	0	0	0	0	0	0	0	0	0	53	63	68	25	35	40	2	2	2	5
1368	10	3	4	3	4	4	4.5	0	0	0	0	0	0	0	0	0	0	0	0	0	0	0	0	0	0	63	68	58	25	30	20	3	3	3	5
1369	10	3	4	4	3.5	4	4	4	0	0	0	0	0	0	0	0	0	0	0	0	0	0	0	0	0	65	65	0	17	17	0	0	4	4	5
1370	10	3	4	5	3.5	3.5	3.5	3.5	4	0	0	0	0	0	0	0	0	0	0	0	0	0	0	0	0	66	66	0	8	8	0	0	5	5	5
1371	10	3	4	6	3	3	3	3.5	3.5	3.5	0	0	0	0	0	0	0	0	0	0	0	0	0	0	0	73	0	0	5	0	0	0	0	6	5
1372	10	2	4	1	5.5	0	0	0	0	0	0	0	0	0	0	0	0	0	0	0	0	0	0	0	0	43	53	68	25	35	50	1	1	1	5
1373	10	2	4	2	4.5	4.5	0	0	0	0	0	0	0	0	0	0	0	0	0	0	0	0	0	0	0	48	48	48	20	20	20	2	2	2	5
1374	10	2	4	3	4	4	4	0	0	0	0	0	0	0	0	0	0	0	0	0	0	0	0	0	0	53	53	0	15	15	0	0	3	3	5
1375	10	2	4	4	3.5	3.5	3.5	3.5	0	0	0	0	0	0	0	0	0	0	0	0	0	0	0	0	0	58	0	0	10	0	0	0	0	4	5
1376	10	1	4	1	5	0	0	0	0	0	0	0	0	0	0	0	0	0	0	0	0	0	0	0	0	43	53	63	25	35	45	1	1	1	5
1377	10	1	4	2	4	4	0	0	0	0	0	0	0	0	0	0	0	0	0	0	0	0	0	0	0	48	48	46	20	20	18	2	2	2	5
1378	10	1	4	3	3.5	3.5	3.5	0	0	0	0	0	0	0	0	0	0	0	0	0	0	0	0	0	0	50	50	0	12	12	0	0	3	3	5
1379	10	1	4	4	3	3	3	3	0	0	0	0	0	0	0	0	0	0	0	0	0	0	0	0	0	58	0	0	10	0	0	0	0	4	5
1380	9.5	3	4	1	7	0	0	0	0	0	0	0	0	0	0	0	0	0	0	0	0	0	0	0	0	43	53	68	25	35	50	1	1	1	5
1381	9.5	3	4	2	5	5	0	0	0	0	0	0	0	0	0	0	0	0	0	0	0	0	0	0	0	53	63	68	25	35	40	2	2	2	5
1382	9.5	3	4	3	4	4	4.5	0	0	0	0	0	0	0	0	0	0	0	0	0	0	0	0	0	0	63	68	58	25	30	20	3	3	3	5
1383	9.5	3	4	4	3.5	4	4	4	0	0	0	0	0	0	0	0	0	0	0	0	0	0	0	0	0	63	63	0	17	17	0	0	4	4	5
1384	9.5	3	4	5	3.5	3.5	3.5	3.5	4	0	0	0	0	0	0	0	0	0	0	0	0	0	0	0	0	66	66	0	10	10	0	0	5	5	5
1385	9.5	3	4	6	3	3	3	3.5	3.5	3.5	0	0	0	0	0	0	0	0	0	0	0	0	0	0	0	76	0	0	10	0	0	0	0	6	5
1386	9.5	2	4	1	5.5	0	0	0	0	0	0	0	0	0	0	0	0	0	0	0	0	0	0	0	0	43	53	68	25	35	50	1	1	1	5
1387	9.5	2	4	2	4.5	4.5	0	0	0	0	0	0	0	0	0	0	0	0	0	0	0	0	0	0	0	48	48	48	20	20	20	2	2	2	5
1388	9.5	2	4	3	4	4	4	0	0	0	0	0	0	0	0	0	0	0	0	0	0	0	0	0	0	52	52	42	15	15	5	3	3	3	5
1389	9.5	2	4	4	3.5	3.5	3.5	3.5	0	0	0	0	0	0	0	0	0	0	0	0	0	0	0	0	0	57	52	0	10	5	0	0	4	4	5
1390	9.5	1	4	1	5	0	0	0	0	0	0	0	0	0	0	0	0	0	0	0	0	0	0	0	0	43	53	63	25	35	45	1	1	1	5
1391	9.5	1	4	2	4	4	0	0	0	0	0	0	0	0	0	0	0	0	0	0	0	0	0	0	0	48	48	46	20	20	18	2	2	2	5
1392	9.5	1	4	3	3.5	3.5	3.5	0	0	0	0	0	0	0	0	0	0	0	0	0	0	0	0	0	0	57	57	0	12	12	0	0	3	3	5
1393	9.5	1	4	4	3	3	3	3	0	0	0	0	0	0	0	0	0	0	0	0	0	0	0	0	0	57	0	0	10	0	0	0	0	4	5
1394	9	3	4	1	7	0	0	0	0	0	0	0	0	0	0	0	0	0	0	0	0	0	0	0	0	43	53	68	25	35	50	1	1	1	5
1395	9	3	4	2	5	5	0	0	0	0	0	0	0	0	0	0	0	0	0	0	0	0	0	0	0	52	62	67	25	35	40	2	2	2	5
1396	9	3	4	3	4	4	4.5	0	0	0	0	0	0	0	0	0	0	0	0	0	0	0	0	0	0	61	66	56	25	30	20	3	3	3	5
1397	9	3	4	4	3.5	4	4	4	0	0	0	0	0	0	0	0	0	0	0	0	0	0	0	0	0	65	65	0	20	20	0	0	4	4	5
1398	9	3	4	5	3.5	3.5	3.5	3.5	4	0	0	0	0	0	0	0	0	0	0	0	0	0	0	0	0	69	64	0	15	10	0	0	5	5	5
1399	9	3	4	6	3	3	3	3	3.5	3.5	0	0	0	0	0	0	0	0	0	0	0	0	0	0	0	75	0	0	10	0	0	0	0	6	5
1400	9	3	4	7	2.5	3	3	3	3	3.5	3.5	0	0	0	0	0	0	0	0	0	0	0	0	0	0	77	0	0	5	0	0	0	0	7	5
1401	9	2	4	1	5.5	0	0	0	0	0	0	0	0	0	0	0	0	0	0	0	0	0	0	0	0	43	53	68	25	35	50	1	1	1	5
1402	9	2	4	2	4.5	4.5	0	0	0	0	0	0	0	0	0	0	0	0	0	0	0	0	0	0	0	47	47	47	20	20	20	2	2	2	5
1403	9	2	4	3	3.5	4	4	0	0	0	0	0	0	0	0	0	0	0	0	0	0	0	0	0	0	51	51	41	15	15	5	3	3	3	5
1404	9	2	4	4	3.5	3.5	3.5	3.5	0	0	0	0	0	0	0	0	0	0	0	0	0	0	0	0	0	55	50	0	10	5	0	0	4	4	5
1405	9	2	4	5	3	3	3	3	3	0	0	0	0	0	0	0	0	0	0	0	0	0	0	0	0	59	0	0	5	0	0	0	0	5	5
1406	9	1	4	1	5	0	0	0	0	0	0	0	0	0	0	0	0	0	0	0	0	0	0	0	0	43	53	63	25	35	45	1	1	1	5
1407	9	1	4	2	4	4	0	0	0	0	0	0	0	0	0	0	0	0	0	0	0	0	0	0	0	47	47	45	20	20	18	2	2	2	5
1408	9	1	4	3	3.5	3.5	3.5	0	0	0	0	0	0	0	0	0	0	0	0	0	0	0	0	0	0	48	48	0	12	12	0	0	3	3	5
1409	9	1	4	4	3	3	3	3	0	0	0	0	0	0	0	0	0	0	0	0	0	0	0	0	0	55	0	0	10	0	0	0	0	4	5
1410	9	1	4	5	2.5	2.5	3	3	3	0	0	0	0	0	0	0	0	0	0	0	0	0	0	0	0	59	0	0	5	0	0	0	0	5	5
1411	8.5	3	4	1	7	0	0	0	0	0	0	0	0	0	0	0	0	0	0	0	0	0	0	0	0	43	53	68	25	35	50	1	1	1	5
1412	8.5	3	4	2	5	5	0	0	0	0	0	0	0	0	0	0	0	0	0	0	0	0	0	0	0	51	61	66	25	35	40	2	2	2	5
1413	8.5	3	4	3	4	4	4.5	0	0	0	0	0	0	0	0	0	0	0	0	0	0	0	0	0	0	60	65	55	25	30	20	3	3	3	5
1414	8.5	3	4	4	3.5	4	4	4	0	0	0	0	0	0	0	0	0	0	0	0	0	0	0	0	0	63	63	0	20	20	0	0	4	4	5
1415	8.5	3	4	5	3.5	3.5	3.5	3.5	4	0	0	0	0	0	0	0	0	0	0	0	0	0	0	0	0	67	64	0	15	12	0	0	5	5	5
1416	8.5	3	4	6	3	3	3	3	3.5	3.5	0	0	0	0	0	0	0	0	0	0	0	0	0	0	0	70	0	0	10	0	0	0	0	6	5
1417	8.5	3	4	7	2.5	3	3	3	3	3.5	3.5	0	0	0	0	0	0	0	0	0	0	0	0	0	0	74	0	0	5	0	0	0	0	7	5
1418	8.5	2	4	1	5.5	0	0	0	0	0	0	0	0	0	0	0	0	0	0	0	0	0	0	0	0	43	53	68	25	35	50	1	1	1	5
1419	8.5	2	4	2	4.5	4.5	0	0	0	0	0	0	0	0	0	0	0	0	0	0	0	0	0	0	0	46	46	46	20	20	20	2	2	2	5
1420	8.5	2	4	3	3.5	4	4	0	0	0	0	0	0	0	0	0	0	0	0	0	0	0	0	0	0	50	50	40	15	15	5	3	3	3	5
1421	8.5	2	4	4	3.5	3.5	3.5	3.5	0	0	0	0	0	0	0	0	0	0	0	0	0	0	0	0	0	53	50	0	10	7	0	0	4	4	5
1422	8.5	2	4	5	3	3	3	3	3	0	0	0	0	0	0	0	0	0	0	0	0	0	0	0	0	57	0	0	5	0	0	0	0	5	5
1423	8.5	1	4	1	5	0	0	0	0	0	0	0	0	0	0	0	0	0	0	0	0	0	0	0	0	43	53	63	25	35	45	1	1	1	5
1424	8.5	1	4	2	4	4	0	0	0	0	0	0	0	0	0	0	0	0	0	0	0	0	0	0	0	46	46	46	20	20	20	2	2	2	5
1425	8.5	1	4	3	3.5	3.5	3.5	0	0	0	0	0	0	0	0	0	0	0	0	0	0	0	0	0	0	49	49	0	14	14	0	0	3	3	5
1426	8.5	1	4	4	3	3	3	3	0	0	0	0	0	0	0	0	0	0	0	0	0	0	0	0	0	53	0	0	10	0	0	0	0	4	5
1427	8.5	1	4	5	2.5	2.5	3	3	3	0	0	0	0	0	0	0	0	0	0	0	0	0	0	0	0	57	0	0	5	0	0	0	0	5	5
1428	8	3	4	1	7	0	0	0	0	0	0	0	0	0	0	0	0	0	0	0	0	0	0	0	0	43	53	68	25	35	50	1	1	1	5
1429	8	3	4	2	5	5	0	0	0	0	0	0	0	0	0	0	0	0	0	0	0	0	0	0	0	51	61	71	25	35	45	2	2	2	5
1430	8	3	4	3	4	4	4.5	0	0	0	0	0	0	0	0	0	0	0	0	0	0	0	0	0	0	59	69	59	25	35	25	3	3	3	5
1431	8	3	4	4	3.5	4	4	4	0	0	0	0	0	0	0	0	0	0	0	0	0	0	0	0	0	62	62	0	20	20	0	0	4	4	5
1432	8	3	4	5	3.5	3.5	3.5	3.5	4	0	0	0	0	0	0	0	0	0	0	0	0	0	0	0	0	65	65	0	15	15	0	0	5	5	5
1433	8	3	4	6	3	3	3	3	3.5	3.5	0	0	0	0	0	0	0	0	0	0	0	0	0	0	0	70	0	0	12	0	0	0	0	6	5
1434	8	3	4	7	3	3	3	3	3	3.5	3.5	0	0	0	0	0	0	0	0	0	0	0	0	0	0	71	0	0	5	0	0	0	0	7	5
1435	8	2	4	1	5.5	0	0	0	0	0	0	0	0	0	0	0	0	0	0	0	0	0	0	0	0	43	53	68	25	35	50	1	1	1	5
1436	8	2	4	2	4.5	4.5	0	0	0	0	0	0	0	0	0	0	0	0	0	0	0	0	0	0	0	51	51	51	25	25	25	2	2	2	5
1437	8	2	4	3	3.5	4	4	0	0	0	0	0	0	0	0	0	0	0	0	0	0	0	0	0	0	49	49	39	15	15	5	3	3	3	5
1438	8	2	4	4	3	3.5	3.5	3.5	0	0	0	0	0	0	0	0	0	0	0	0	0	0	0	0	0	52	52	0	10	10	0	0	4	4	5
1439	8	2	4	5	3	3	3	3	3	0	0	0	0	0	0	0	0	0	0	0	0	0	0	0	0	57	0	0	10	0	0	0	0	5	5
1440	8	1	4	1	5	0	0	0	0	0	0	0	0	0	0	0	0	0	0	0	0	0	0	0	0	43	53	63	25	35	45	1	1	1	5
1441	8	1	4	2	4	4	0	0	0	0	0	0	0	0	0	0	0	0	0	0	0	0	0	0	0	48	48	48	22	22	22	2	2	2	5
1442	8	1	4	3	3.5	3.5	3.5	0	0	0	0	0	0	0	0	0	0	0	0	0	0	0	0	0	0	49	49	0	15	15	0	0	3	3	5
1443	8	1	4	4	3	3	3	3	0	0	0	0	0	0	0	0	0	0	0	0	0	0	0	0	0	52	0	0	10	0	0	0	0	4	5
1444	8	1	4	5	2.5	2.5	3	3	3	0	0	0	0	0	0	0	0	0	0	0	0	0	0	0	0	55	0	0	5	0	0	0	0	5	5
1445	7.5	3	4	1	7	0	0	0	0	0	0	0	0	0	0	0	0	0	0	0	0	0	0	0	0	43	53	68	25	35	50	1	1	1	5
1446	7.5	3	4	2	5	5	0	0	0	0	0	0	0	0	0	0	0	0	0	0	0	0	0	0	0	50	60	70	25	35	45	2	2	2	5
1447	7.5	3	4	3	4	4	4.5	0	0	0	0	0	0	0	0	0	0	0	0	0	0	0	0	0	0	58	68	68	25	35	35	3	3	3	5
1448	7.5	3	4	4	3.5	4	4	4	0	0	0	0	0	0	0	0	0	0	0	0	0	0	0	0	0	60	60	53	20	20	5	4	4	4	5
1449	7.5	3	4	5	3	3.5	3.5	3.5	4	0	0	0	0	0	0	0	0	0	0	0	0	0	0	0	0	68	68	0	20	20	0	0	5	5	5
1450	7.5	3	4	6	3	3	3	3	3.5	3.5	0	0	0	0	0	0	0	0	0	0	0	0	0	0	0	70	60	0	15	5	0	0	6	6	5
1451	7.5	3	4	7	3	3	3	3	3	3	3.5	0	0	0	0	0	0	0	0	0	0	0	0	0	0	70	0	0	7	0	0	0	0	7	5
1452	7.5	2	4	1	5.5	0	0	0	0	0	0	0	0	0	0	0	0	0	0	0	0	0	0	0	0	43	53	68	25	35	50	1	1	1	5
1453	7.5	2	4	2	4.5	4.5	0	0	0	0	0	0	0	0	0	0	0	0	0	0	0	0	0	0	0	51	51	51	25	25	25	2	2	2	5
1454	7.5	2	4	3	3.5	4	4	0	0	0	0	0	0	0	0	0	0	0	0	0	0	0	0	0	0	49	49	39	15	15	5	3	3	3	5
1455	7.5	2	4	4	3	3.5	3.5	3.5	0	0	0	0	0	0	0	0	0	0	0	0	0	0	0	0	0	52	52	0	10	10	0	0	4	4	5
1456	7.5	2	4	5	3	3	3	3	3	0	0	0	0	0	0	0	0	0	0	0	0	0	0	0	0	57	0	0	10	0	0	0	0	5	5
1457	7.5	1	4	1	5	0	0	0	0	0	0	0	0	0	0	0	0	0	0	0	0	0	0	0	0	43	53	63	25	35	45	1	1	1	5
1458	7.5	1	4	2	4	4	0	0	0	0	0	0	0	0	0	0	0	0	0	0	0	0	0	0	0	47	47	47	22	22	22	2	2	2	5
1459	7.5	1	4	3	3.5	3.5	3.5	0	0	0	0	0	0	0	0	0	0	0	0	0	0	0	0	0	0	48	48	0	15	15	0	0	3	3	5
1460	7.5	1	4	4	3	3	3	3	0	0	0	0	0	0	0	0	0	0	0	0	0	0	0	0	0	50	45	0	10	5	0	0	4	4	5
1461	7.5	1	4	5	2.5	2.5	3	3	3	0	0	0	0	0	0	0	0	0	0	0	0	0	0	0	0	53	0	0	5	0	0	0	0	5	5
1462	7	3	4	1	7	0	0	0	0	0	0	0	0	0	0	0	0	0	0	0	0	0	0	0	0	43	53	68	25	35	50	1	1	1	5
1463	7	3	4	2	5	5	0	0	0	0	0	0	0	0	0	0	0	0	0	0	0	0	0	0	0	50	60	70	25	35	45	2	2	2	5
1464	7	3	4	3	4	4	4.5	0	0	0	0	0	0	0	0	0	0	0	0	0	0	0	0	0	0	58	68	68	25	35	35	3	3	3	5
1465	7	3	4	4	3.5	4	4	4	0	0	0	0	0	0	0	0	0	0	0	0	0	0	0	0	0	60	60	53	20	20	5	4	4	4	5
1466	7	3	4	5	3	3.5	3.5	3.5	4	0	0	0	0	0	0	0	0	0	0	0	0	0	0	0	0	68	68	0	20	20	0	0	5	5	5
1467	7	3	4	6	3	3	3	3	3.5	3.5	0	0	0	0	0	0	0	0	0	0	0	0	0	0	0	70	60	0	15	5	0	0	6	6	5
1468	7	3	4	7	3	3	3	3	3	3	3.5	0	0	0	0	0	0	0	0	0	0	0	0	0	0	70	0	0	7	0	0	0	0	7	5
1469	7	2	4	1	5.5	0	0	0	0	0	0	0	0	0	0	0	0	0	0	0	0	0	0	0	0	43	53	68	25	35	50	1	1	1	5
1470	7	2	4	2	4.5	4.5	0	0	0	0	0	0	0	0	0	0	0	0	0	0	0	0	0	0	0	50	50	50	25	25	25	2	2	2	5
1471	7	2	4	3	3.5	4	4	0	0	0	0	0	0	0	0	0	0	0	0	0	0	0	0	0	0	47	47	42	15	15	10	3	3	3	5
1472	7	2	4	4	3	3.5	3.5	3.5	0	0	0	0	0	0	0	0	0	0	0	0	0	0	0	0	0	51	51	0	12	12	0	0	4	4	5
1473	7	2	4	5	3	3	3	3	3	0	0	0	0	0	0	0	0	0	0	0	0	0	0	0	0	56	0	0	10	0	0	0	0	5	5
1474	7	2	4	6	2.5	2.5	3	3	3	3	0	0	0	0	0	0	0	0	0	0	0	0	0	0	0	58	0	0	5	0	0	0	0	6	5
1475	7	1	4	1	5	0	0	0	0	0	0	0	0	0	0	0	0	0	0	0	0	0	0	0	0	43	53	63	25	35	45	1	1	1	5
1476	7	1	4	2	4	4	0	0	0	0	0	0	0	0	0	0	0	0	0	0	0	0	0	0	0	47	47	47	22	22	22	2	2	2	5
1477	7	1	4	3	3.5	3.5	3.5	0	0	0	0	0	0	0	0	0	0	0	0	0	0	0	0	0	0	47	47	0	15	15	0	0	3	3	5
1478	7	1	4	4	3	3	3	3	0	0	0	0	0	0	0	0	0	0	0	0	0	0	0	0	0	51	47	0	12	8	0	0	4	4	5
1479	7	1	4	5	2.5	2.5	3	3	3	0	0	0	0	0	0	0	0	0	0	0	0	0	0	0	0	51	0	0	5	0	0	0	0	5	5
1480	6.5	3	4	1	7	0	0	0	0	0	0	0	0	0	0	0	0	0	0	0	0	0	0	0	0	43	53	68	25	35	50	1	1	1	5
1481	6.5	3	4	2	5	5	0	0	0	0	0	0	0	0	0	0	0	0	0	0	0	0	0	0	0	49	59	69	25	35	45	2	2	2	5
1482	6.5	3	4	3	4	4	4.5	0	0	0	0	0	0	0	0	0	0	0	0	0	0	0	0	0	0	56	66	66	25	35	35	3	3	3	5
1483	6.5	3	4	4	3.5	4	4	4	0	0	0	0	0	0	0	0	0	0	0	0	0	0	0	0	0	59	59	47	22	22	10	4	4	4	5
1484	6.5	3	4	5	3	3.5	3.5	3.5	3.5	0	0	0	0	0	0	0	0	0	0	0	0	0	0	0	0	64	64	0	20	20	0	0	5	5	5
1485	6.5	3	4	6	3	3	3	3	3.5	3.5	0	0	0	0	0	0	0	0	0	0	0	0	0	0	0	67	60	0	17	10	0	0	6	6	5
1486	6.5	3	4	7	3	3	3	3	3	3	3	0	0	0	0	0	0	0	0	0	0	0	0	0	0	67	0	0	10	0	0	0	0	7	5
1487	6.5	3	4	8	2.5	2.5	3	3	3	3	3	3	0	0	0	0	0	0	0	0	0	0	0	0	0	70	0	0	5	0	0	0	0	8	5
1488	6.5	2	4	1	5.5	0	0	0	0	0	0	0	0	0	0	0	0	0	0	0	0	0	0	0	0	43	53	68	25	35	50	1	1	1	5
1489	6.5	2	4	2	4.5	4.5	0	0	0	0	0	0	0	0	0	0	0	0	0	0	0	0	0	0	0	49	49	49	25	25	25	2	2	2	5
1490	6.5	2	4	3	3.5	4	4	0	0	0	0	0	0	0	0	0	0	0	0	0	0	0	0	0	0	46	46	46	15	15	15	3	3	3	5
1491	6.5	2	4	4	3	3.5	3.5	3.5	0	0	0	0	0	0	0	0	0	0	0	0	0	0	0	0	0	49	49	0	12	12	0	0	4	4	5
1492	6.5	2	4	5	3	3	3	3	3	0	0	0	0	0	0	0	0	0	0	0	0	0	0	0	0	54	0	0	10	0	0	0	0	5	5
1493	6.5	2	4	6	2.5	2.5	3	3	3	3	0	0	0	0	0	0	0	0	0	0	0	0	0	0	0	55	0	0	5	0	0	0	0	6	5
1494	6.5	1	4	1	5	0	0	0	0	0	0	0	0	0	0	0	0	0	0	0	0	0	0	0	0	43	53	63	25	35	45	1	1	1	5
1495	6.5	1	4	2	4	4	0	0	0	0	0	0	0	0	0	0	0	0	0	0	0	0	0	0	0	46	46	46	22	22	22	2	2	2	5
1496	6.5	1	4	3	3.5	3.5	3.5	0	0	0	0	0	0	0	0	0	0	0	0	0	0	0	0	0	0	46	46	36	15	15	5	3	3	3	5
1497	6.5	1	4	4	3	3	3	3	0	0	0	0	0	0	0	0	0	0	0	0	0	0	0	0	0	49	49	0	12	12	0	0	4	4	5
1498	6.5	1	4	5	2.5	2.5	3	3	3	0	0	0	0	0	0	0	0	0	0	0	0	0	0	0	0	49	0	0	5	0	0	0	0	5	5
1499	6	3	4	1	7	0	0	0	0	0	0	0	0	0	0	0	0	0	0	0	0	0	0	0	0	43	53	68	25	35	50	1	1	1	5
1500	6	3	4	2	5	5	0	0	0	0	0	0	0	0	0	0	0	0	0	0	0	0	0	0	0	49	59	69	25	35	45	2	2	2	5
1501	6	3	4	3	4	4	4.5	0	0	0	0	0	0	0	0	0	0	0	0	0	0	0	0	0	0	55	65	65	25	35	35	3	3	3	5
1502	6	3	4	4	3.5	4	4	4	0	0	0	0	0	0	0	0	0	0	0	0	0	0	0	0	0	58	58	51	22	22	15	4	4	4	5
1503	6	3	4	5	3	3.5	3.5	3.5	3.5	0	0	0	0	0	0	0	0	0	0	0	0	0	0	0	0	64	64	0	22	22	0	0	5	5	5
1504	6	3	4	6	3	3	3	3	3.5	3.5	0	0	0	0	0	0	0	0	0	0	0	0	0	0	0	68	65	0	20	17	0	0	6	6	5
1505	6	3	4	7	3	3	3	3	3	3	3	0	0	0	0	0	0	0	0	0	0	0	0	0	0	66	0	0	12	0	0	0	0	7	5
1506	6	3	4	8	2.5	2.5	3	3	3	3	3	3	0	0	0	0	0	0	0	0	0	0	0	0	0	67	0	0	7	0	0	0	0	8	5
1507	6	2	4	1	5.5	0	0	0	0	0	0	0	0	0	0	0	0	0	0	0	0	0	0	0	0	43	53	68	25	35	50	1	1	1	5
1508	6	2	4	2	4.5	4.5	0	0	0	0	0	0	0	0	0	0	0	0	0	0	0	0	0	0	0	49	49	49	25	25	25	2	2	2	5
1509	6	2	4	3	3.5	4	4	0	0	0	0	0	0	0	0	0	0	0	0	0	0	0	0	0	0	45	45	45	15	15	15	3	3	3	5
1510	6	2	4	4	3	3.5	3.5	3.5	0	0	0	0	0	0	0	0	0	0	0	0	0	0	0	0	0	48	48	0	12	12	0	0	4	4	5
1511	6	2	4	5	3	3	3	3	3	0	0	0	0	0	0	0	0	0	0	0	0	0	0	0	0	52	0	0	10	0	0	0	0	5	5
1512	6	2	4	6	2.5	2.5	3	3	3	3	0	0	0	0	0	0	0	0	0	0	0	0	0	0	0	53	0	0	5	0	0	0	0	6	5
1513	6	1	4	1	5	0	0	0	0	0	0	0	0	0	0	0	0	0	0	0	0	0	0	0	0	43	53	63	25	35	45	1	1	1	5
1514	6	1	4	2	4	4	0	0	0	0	0	0	0	0	0	0	0	0	0	0	0	0	0	0	0	46	46	46	22	22	22	2	2	2	5
1515	6	1	4	3	3	3.5	3.5	0	0	0	0	0	0	0	0	0	0	0	0	0	0	0	0	0	0	45	45	35	15	15	5	3	3	3	5
1516	6	1	4	4	3	3	3	3	0	0	0	0	0	0	0	0	0	0	0	0	0	0	0	0	0	51	51	0	12	12	0	0	4	4	5
1517	6	1	4	5	2.5	2.5	3	3	3	0	0	0	0	0	0	0	0	0	0	0	0	0	0	0	0	47	47	0	5	5	0	0	5	5	5
1518	5.5	3	4	1	7	0	0	0	0	0	0	0	0	0	0	0	0	0	0	0	0	0	0	0	0	43	53	68	25	35	50	1	1	1	5
1519	5.5	3	4	2	5	5	0	0	0	0	0	0	0	0	0	0	0	0	0	0	0	0	0	0	0	48	58	68	25	35	45	2	2	2	5
1520	5.5	3	4	3	4	4	4.5	0	0	0	0	0	0	0	0	0	0	0	0	0	0	0	0	0	0	54	64	64	25	35	35	3	3	3	5
1521	5.5	3	4	4	3.5	4	4	4	0	0	0	0	0	0	0	0	0	0	0	0	0	0	0	0	0	56	56	54	22	22	20	4	4	4	5
1522	5.5	3	4	5	3	3.5	3.5	3.5	3.5	0	0	0	0	0	0	0	0	0	0	0	0	0	0	0	0	62	62	0	22	22	0	0	5	5	5
1523	5.5	3	4	6	3	3	3	3	3	3.5	0	0	0	0	0	0	0	0	0	0	0	0	0	0	0	65	65	0	20	20	0	0	6	6	5
1524	5.5	3	4	7	3	3	3	3	3	3	3	0	0	0	0	0	0	0	0	0	0	0	0	0	0	63	0	0	12	0	0	0	0	7	5
1525	5.5	3	4	8	2.5	2.5	3	3	3	3	3	3	0	0	0	0	0	0	0	0	0	0	0	0	0	63	0	0	7	0	0	0	0	8	5
1526	5.5	2	4	1	5.5	0	0	0	0	0	0	0	0	0	0	0	0	0	0	0	0	0	0	0	0	43	53	68	25	35	50	1	1	1	5
1527	5.5	2	4	2	4.5	4.5	0	0	0	0	0	0	0	0	0	0	0	0	0	0	0	0	0	0	0	48	48	48	25	25	25	2	2	2	5
1528	5.5	2	4	3	3.5	4	4	0	0	0	0	0	0	0	0	0	0	0	0	0	0	0	0	0	0	45	45	45	16	16	16	3	3	3	5
1529	5.5	2	4	4	3	3.5	3.5	3.5	0	0	0	0	0	0	0	0	0	0	0	0	0	0	0	0	0	46	46	39	12	12	5	4	4	4	5
1530	5.5	2	4	5	3	3	3	3	3	0	0	0	0	0	0	0	0	0	0	0	0	0	0	0	0	52	52	0	12	12	0	0	5	5	5
1531	5.5	2	4	6	2.5	2.5	3	3	3	3	0	0	0	0	0	0	0	0	0	0	0	0	0	0	0	50	0	0	5	0	0	0	0	6	5
1532	5.5	1	4	1	5	0	0	0	0	0	0	0	0	0	0	0	0	0	0	0	0	0	0	0	0	43	53	63	25	35	45	1	1	1	5
1533	5.5	1	4	2	4	4	0	0	0	0	0	0	0	0	0	0	0	0	0	0	0	0	0	0	0	45	45	45	22	22	22	2	2	2	5
1534	5.5	1	4	3	3	3.5	3.5	0	0	0	0	0	0	0	0	0	0	0	0	0	0	0	0	0	0	45	45	39	16	16	10	3	3	3	5
1535	5.5	1	4	4	3	3	3	3	0	0	0	0	0	0	0	0	0	0	0	0	0	0	0	0	0	46	46	0	12	12	0	0	4	4	5
1536	5.5	1	4	5	2.5	2.5	3	3	3	0	0	0	0	0	0	0	0	0	0	0	0	0	0	0	0	45	45	0	5	5	0	0	5	5	5
1537	5	3	4	1	7	0	0	0	0	0	0	0	0	0	0	0	0	0	0	0	0	0	0	0	0	43	53	68	25	35	50	1	1	1	5
1538	5	3	4	2	5	5	0	0	0	0	0	0	0	0	0	0	0	0	0	0	0	0	0	0	0	48	58	68	25	35	45	2	2	2	5
1539	5	3	4	3	4	4	4.5	0	0	0	0	0	0	0	0	0	0	0	0	0	0	0	0	0	0	53	63	68	25	35	40	3	3	3	5
1540	5	3	4	4	3.5	4	4	4	0	0	0	0	0	0	0	0	0	0	0	0	0	0	0	0	0	58	58	58	25	25	25	4	4	4	5
1541	5	3	4	5	3	3.5	3.5	3.5	3.5	0	0	0	0	0	0	0	0	0	0	0	0	0	0	0	0	63	63	48	25	25	5	5	5	5	5
1542	5	3	4	6	3	3	3	3	3	3.5	0	0	0	0	0	0	0	0	0	0	0	0	0	0	0	65	65	0	22	22	0	0	6	6	5
1543	5	3	4	7	3	3	3	3	3	3	3	0	0	0	0	0	0	0	0	0	0	0	0	0	0	63	55	0	15	7	0	0	7	7	5
1544	5	3	4	8	2.5	2.5	3	3	3	3	3	3	0	0	0	0	0	0	0	0	0	0	0	0	0	61	0	0	8	0	0	0	0	8	5
1545	5	3	4	9	2.5	2.5	2.5	2.5	2.5	3	3	3	3	0	0	0	0	0	0	0	0	0	0	0	0	63	0	0	5	0	0	0	0	9	5
1546	5	2	4	1	5.5	0	0	0	0	0	0	0	0	0	0	0	0	0	0	0	0	0	0	0	0	43	53	68	25	35	50	1	1	1	5
1547	5	2	4	2	4.5	4.5	0	0	0	0	0	0	0	0	0	0	0	0	0	0	0	0	0	0	0	51	53	53	25	27	27	2	2	2	5
1548	5	2	4	3	3.5	4	4	0	0	0	0	0	0	0	0	0	0	0	0	0	0	0	0	0	0	44	44	44	16	16	16	3	3	3	5
1549	5	2	4	4	3	3.5	3.5	3.5	0	0	0	0	0	0	0	0	0	0	0	0	0	0	0	0	0	45	45	38	12	12	5	4	4	4	5
1550	5	2	4	5	3	3	3	3	3	0	0	0	0	0	0	0	0	0	0	0	0	0	0	0	0	50	50	0	12	12	0	0	5	5	5
1551	5	2	4	6	2.5	2.5	3	3	3	3	0	0	0	0	0	0	0	0	0	0	0	0	0	0	0	48	48	0	5	5	0	0	6	6	5
1552	5	1	4	1	5	0	0	0	0	0	0	0	0	0	0	0	0	0	0	0	0	0	0	0	0	43	53	63	25	35	45	1	1	1	5
1553	5	1	4	2	4	4	0	0	0	0	0	0	0	0	0	0	0	0	0	0	0	0	0	0	0	45	45	45	22	22	22	2	2	2	5
1554	5	1	4	3	3	3.5	3.5	0	0	0	0	0	0	0	0	0	0	0	0	0	0	0	0	0	0	44	44	43	16	16	15	3	3	3	5
1555	5	1	4	4	3	3	3	3	0	0	0	0	0	0	0	0	0	0	0	0	0	0	0	0	0	45	45	0	12	12	0	0	4	4	5
1556	5	1	4	5	2.5	2.5	3	3	3	0	0	0	0	0	0	0	0	0	0	0	0	0	0	0	0	43	43	0	5	5	0	0	5	5	5
1557	4.5	3	4	1	7	0	0	0	0	0	0	0	0	0	0	0	0	0	0	0	0	0	0	0	0	43	53	68	25	35	50	1	1	1	5
1558	4.5	3	4	2	5	5	0	0	0	0	0	0	0	0	0	0	0	0	0	0	0	0	0	0	0	47	57	67	25	35	45	2	2	2	5
1559	4.5	3	4	3	4	4	4.5	0	0	0	0	0	0	0	0	0	0	0	0	0	0	0	0	0	0	52	62	67	25	35	40	3	3	3	5
1560	4.5	3	4	4	3.5	3.5	4	4	0	0	0	0	0	0	0	0	0	0	0	0	0	0	0	0	0	56	61	58	25	30	27	4	4	4	5
1561	4.5	3	4	5	3	3	3.5	3.5	3.5	0	0	0	0	0	0	0	0	0	0	0	0	0	0	0	0	61	66	51	25	30	15	5	5	5	5
1562	4.5	3	4	6	3	3	3	3	3	3.5	0	0	0	0	0	0	0	0	0	0	0	0	0	0	0	65	65	45	25	25	5	6	6	6	5
1563	4.5	3	4	7	3	3	3	3	3	3	3	0	0	0	0	0	0	0	0	0	0	0	0	0	0	60	60	0	15	15	0	0	7	7	5
1564	4.5	3	4	8	2.5	2.5	3	3	3	3	3	3	0	0	0	0	0	0	0	0	0	0	0	0	0	59	54	0	10	5	0	0	8	8	5
1565	4.5	3	4	9	2.5	2.5	2.5	2.5	2.5	3	3	3	3	0	0	0	0	0	0	0	0	0	0	0	0	59	0	0	5	0	0	0	0	9	5
1566	4.5	2	4	1	5.5	0	0	0	0	0	0	0	0	0	0	0	0	0	0	0	0	0	0	0	0	43	53	68	25	35	50	1	1	1	5
1567	4.5	2	4	2	4	4.5	0	0	0	0	0	0	0	0	0	0	0	0	0	0	0	0	0	0	0	47	52	52	25	30	30	2	2	2	5
1568	4.5	2	4	3	3.5	4	4	0	0	0	0	0	0	0	0	0	0	0	0	0	0	0	0	0	0	43	43	43	16	16	16	3	3	3	5
1569	4.5	2	4	4	3	3.5	3.5	3.5	0	0	0	0	0	0	0	0	0	0	0	0	0	0	0	0	0	44	44	41	13	13	10	4	4	4	5
1570	4.5	2	4	5	3	3	3	3	3	0	0	0	0	0	0	0	0	0	0	0	0	0	0	0	0	48	48	0	12	12	0	0	5	5	5
1571	4.5	2	4	6	2.5	2.5	3	3	3	3	0	0	0	0	0	0	0	0	0	0	0	0	0	0	0	45	45	0	5	5	0	0	6	6	5
1572	4.5	1	4	1	5	0	0	0	0	0	0	0	0	0	0	0	0	0	0	0	0	0	0	0	0	43	53	63	25	35	45	1	1	1	5
1573	4.5	1	4	2	4	4	0	0	0	0	0	0	0	0	0	0	0	0	0	0	0	0	0	0	0	44	44	44	22	22	22	2	2	2	5
1574	4.5	1	4	3	3	3.5	3.5	0	0	0	0	0	0	0	0	0	0	0	0	0	0	0	0	0	0	43	43	43	16	16	16	3	3	3	5
1575	4.5	1	4	4	3	3	3	3	0	0	0	0	0	0	0	0	0	0	0	0	0	0	0	0	0	43	43	0	12	12	0	0	4	4	5
1576	4.5	1	4	5	2.5	2.5	3	3	3	0	0	0	0	0	0	0	0	0	0	0	0	0	0	0	0	42	42	0	6	6	0	0	5	5	5
1577	4	3	4	1	7	0	0	0	0	0	0	0	0	0	0	0	0	0	0	0	0	0	0	0	0	43	53	68	25	35	50	1	1	1	5
1578	4	3	4	2	5	5	0	0	0	0	0	0	0	0	0	0	0	0	0	0	0	0	0	0	0	47	57	67	25	35	45	2	2	2	5
1579	4	3	4	3	4	4	4.5	0	0	0	0	0	0	0	0	0	0	0	0	0	0	0	0	0	0	51	61	66	25	35	40	3	3	3	5
1580	4	3	4	4	3.5	3.5	4	4	0	0	0	0	0	0	0	0	0	0	0	0	0	0	0	0	0	55	60	60	25	30	30	4	4	4	5
1581	4	3	4	5	3	3	3.5	3.5	3.5	0	0	0	0	0	0	0	0	0	0	0	0	0	0	0	0	59	64	51	25	30	17	5	5	5	5
1582	4	3	4	6	3	3	3	3	3	3.5	0	0	0	0	0	0	0	0	0	0	0	0	0	0	0	63	63	43	25	25	5	6	6	6	5
1583	4	3	4	7	3	3	3	3	3	3	3	0	0	0	0	0	0	0	0	0	0	0	0	0	0	57	57	0	15	15	0	0	7	7	5
1584	4	3	4	8	2.5	2.5	3	3	3	3	3	3	0	0	0	0	0	0	0	0	0	0	0	0	0	56	56	0	10	10	0	0	8	8	5
1585	4	3	4	9	2.5	2.5	2.5	2.5	2.5	3	3	3	3	0	0	0	0	0	0	0	0	0	0	0	0	59	0	0	5	0	0	0	0	9	5
1586	4	2	4	1	5.5	0	0	0	0	0	0	0	0	0	0	0	0	0	0	0	0	0	0	0	0	43	53	68	25	35	50	1	1	1	5
1587	4	2	4	2	4	4.5	0	0	0	0	0	0	0	0	0	0	0	0	0	0	0	0	0	0	0	47	52	52	25	30	30	2	2	2	5
1588	4	2	4	3	3.5	4	4	0	0	0	0	0	0	0	0	0	0	0	0	0	0	0	0	0	0	42	42	42	16	16	16	3	3	3	5
1589	4	2	4	4	3	3.5	3.5	3.5	0	0	0	0	0	0	0	0	0	0	0	0	0	0	0	0	0	43	43	43	13	13	13	4	4	4	5
1590	4	2	4	5	3	3	3	3	3	0	0	0	0	0	0	0	0	0	0	0	0	0	0	0	0	46	46	0	12	12	0	0	5	5	5
1591	4	2	4	6	2.5	2.5	2.5	3	3	3	0	0	0	0	0	0	0	0	0	0	0	0	0	0	0	48	48	0	10	10	0	0	6	6	5
1592	4	1	4	1	5	0	0	0	0	0	0	0	0	0	0	0	0	0	0	0	0	0	0	0	0	43	53	63	25	35	45	1	1	1	5
1593	4	1	4	2	4	4	0	0	0	0	0	0	0	0	0	0	0	0	0	0	0	0	0	0	0	44	44	44	22	22	22	2	2	2	5
1594	4	1	4	3	3	3.5	3.5	0	0	0	0	0	0	0	0	0	0	0	0	0	0	0	0	0	0	42	42	42	16	16	16	3	3	3	5
1595	4	1	4	4	3	3	3	3	0	0	0	0	0	0	0	0	0	0	0	0	0	0	0	0	0	43	43	0	13	13	0	0	4	4	5
1596	4	1	4	5	2.5	2.5	3	3	3	0	0	0	0	0	0	0	0	0	0	0	0	0	0	0	0	41	41	0	7	7	0	0	5	5	5
1597	3.5	3	4	1	7	0	0	0	0	0	0	0	0	0	0	0	0	0	0	0	0	0	0	0	0	43	53	68	25	35	50	1	1	1	5
1598	3.5	3	4	2	5	5	0	0	0	0	0	0	0	0	0	0	0	0	0	0	0	0	0	0	0	46	56	66	25	35	45	2	2	2	5
1599	3.5	3	4	3	4	4	4.5	0	0	0	0	0	0	0	0	0	0	0	0	0	0	0	0	0	0	50	60	65	25	35	40	3	3	3	5
1600	3.5	3	4	4	3.5	3.5	4	4	0	0	0	0	0	0	0	0	0	0	0	0	0	0	0	0	0	53	58	58	25	30	30	4	4	4	5
1601	3.5	3	4	5	3	3	3.5	3.5	3.5	0	0	0	0	0	0	0	0	0	0	0	0	0	0	0	0	57	62	52	25	30	20	5	5	5	5
1602	3.5	3	4	6	3	3	3	3	3	3.5	0	0	0	0	0	0	0	0	0	0	0	0	0	0	0	60	60	45	25	25	10	6	6	6	5
1603	3.5	3	4	7	3	3	3	3	3	3	3	0	0	0	0	0	0	0	0	0	0	0	0	0	0	57	57	0	18	18	0	0	7	7	5
1604	3.5	3	4	8	2.5	2.5	3	3	3	3	3	3	0	0	0	0	0	0	0	0	0	0	0	0	0	52	52	0	10	10	0	0	8	8	5
1605	3.5	3	4	9	2.5	2.5	2.5	2.5	2.5	3	3	3	3	0	0	0	0	0	0	0	0	0	0	0	0	56	56	0	10	10	0	0	9	9	5
1606	3.5	2	4	1	5.5	0	0	0	0	0	0	0	0	0	0	0	0	0	0	0	0	0	0	0	0	43	53	68	25	35	50	1	1	1	5
1607	3.5	2	4	2	4	4.5	0	0	0	0	0	0	0	0	0	0	0	0	0	0	0	0	0	0	0	46	53	53	25	32	32	2	2	2	5
1608	3.5	2	4	3	3.5	4	4	0	0	0	0	0	0	0	0	0	0	0	0	0	0	0	0	0	0	42	42	42	17	17	17	3	3	3	5
1609	3.5	2	4	4	3	3.5	3.5	3.5	0	0	0	0	0	0	0	0	0	0	0	0	0	0	0	0	0	43	43	43	15	15	15	4	4	4	5
1610	3.5	2	4	5	3	3	3	3	3	0	0	0	0	0	0	0	0	0	0	0	0	0	0	0	0	45	45	0	13	13	0	0	5	5	5
1611	3.5	2	4	6	2.5	2.5	2.5	3	3	3	0	0	0	0	0	0	0	0	0	0	0	0	0	0	0	45	45	0	10	10	0	0	6	6	5
1612	3.5	1	4	1	5	0	0	0	0	0	0	0	0	0	0	0	0	0	0	0	0	0	0	0	0	43	53	63	25	35	45	1	1	1	5
1613	3.5	1	4	2	4	4	0	0	0	0	0	0	0	0	0	0	0	0	0	0	0	0	0	0	0	43	43	43	22	22	22	2	2	2	5
1614	3.5	1	4	3	3	3.5	3.5	0	0	0	0	0	0	0	0	0	0	0	0	0	0	0	0	0	0	42	42	42	17	17	17	3	3	3	5
1615	3.5	1	4	4	3	3	3	3	0	0	0	0	0	0	0	0	0	0	0	0	0	0	0	0	0	41	41	33	13	13	5	4	4	4	5
1616	3.5	1	4	5	2.5	2.5	3	3	3	0	0	0	0	0	0	0	0	0	0	0	0	0	0	0	0	39	39	0	7	7	0	0	5	5	5
1617	3	3	4	1	7	0	0	0	0	0	0	0	0	0	0	0	0	0	0	0	0	0	0	0	0	43	53	68	25	35	50	1	1	1	5
1618	3	3	4	2	5	5	0	0	0	0	0	0	0	0	0	0	0	0	0	0	0	0	0	0	0	46	56	71	25	35	50	2	2	2	5
1619	3	3	4	3	4	4	4.5	0	0	0	0	0	0	0	0	0	0	0	0	0	0	0	0	0	0	49	59	64	25	35	40	3	3	3	5
1620	3	3	4	4	3.5	3.5	4	4	0	0	0	0	0	0	0	0	0	0	0	0	0	0	0	0	0	52	57	57	25	30	30	4	4	4	5
1621	3	3	4	5	3	3	3.5	3.5	3.5	0	0	0	0	0	0	0	0	0	0	0	0	0	0	0	0	55	60	60	25	30	30	5	5	5	5
1622	3	3	4	6	3	3	3	3	3	3.5	0	0	0	0	0	0	0	0	0	0	0	0	0	0	0	58	58	53	25	25	20	6	6	6	5
1623	3	3	4	7	3	3	3	3	3	3	3	0	0	0	0	0	0	0	0	0	0	0	0	0	0	54	54	41	18	18	0	7	7	7	5
1624	3	3	4	8	2.5	2.5	3	3	3	3	3	3	0	0	0	0	0	0	0	0	0	0	0	0	0	49	49	0	10	10	0	0	8	8	5
1625	3	3	4	9	2.5	2.5	2.5	2.5	2.5	3	3	3	3	0	0	0	0	0	0	0	0	0	0	0	0	52	52	0	10	10	0	0	9	9	5
1626	3	2	4	1	5.5	0	0	0	0	0	0	0	0	0	0	0	0	0	0	0	0	0	0	0	0	43	53	68	25	35	50	1	1	1	5
1627	3	2	4	2	4	4.5	0	0	0	0	0	0	0	0	0	0	0	0	0	0	0	0	0	0	0	46	51	51	25	30	30	2	2	2	5
1628	3	2	4	3	3.5	3.5	4	0	0	0	0	0	0	0	0	0	0	0	0	0	0	0	0	0	0	44	44	44	20	20	20	3	3	3	5
1629	3	2	4	4	3	3.5	3.5	3.5	0	0	0	0	0	0	0	0	0	0	0	0	0	0	0	0	0	42	42	42	15	15	15	4	4	4	5
1630	3	2	4	5	3	3	3	3	3	0	0	0	0	0	0	0	0	0	0	0	0	0	0	0	0	45	45	40	15	15	10	5	5	5	5
1631	3	2	4	6	2.5	2.5	2.5	3	3	3	0	0	0	0	0	0	0	0	0	0	0	0	0	0	0	45	45	38	12	12	5	6	6	6	5
1632	3	1	4	1	5	0	0	0	0	0	0	0	0	0	0	0	0	0	0	0	0	0	0	0	0	43	53	63	25	35	45	1	1	1	5
1633	3	1	4	2	4	4	0	0	0	0	0	0	0	0	0	0	0	0	0	0	0	0	0	0	0	43	43	43	22	22	22	2	2	2	5
1634	3	1	4	3	3	3.5	3.5	0	0	0	0	0	0	0	0	0	0	0	0	0	0	0	0	0	0	42	42	42	18	18	18	3	3	3	5
1635	3	1	4	4	3	3	3	3	0	0	0	0	0	0	0	0	0	0	0	0	0	0	0	0	0	40	40	40	13	13	13	4	4	4	5
1636	3	1	4	5	2.5	2.5	3	3	3	0	0	0	0	0	0	0	0	0	0	0	0	0	0	0	0	37	37	0	7	7	0	0	5	5	5
1637	2.5	3	4	1	7	0	0	0	0	0	0	0	0	0	0	0	0	0	0	0	0	0	0	0	0	43	53	68	25	35	50	1	1	1	5
1638	2.5	3	4	2	5	5	0	0	0	0	0	0	0	0	0	0	0	0	0	0	0	0	0	0	0	45	55	70	25	35	50	2	2	2	5
1639	2.5	3	4	3	4	4	4.5	0	0	0	0	0	0	0	0	0	0	0	0	0	0	0	0	0	0	48	58	63	25	35	40	3	3	3	5
1640	2.5	3	4	4	3.5	3.5	4	4	0	0	0	0	0	0	0	0	0	0	0	0	0	0	0	0	0	50	60	60	25	35	35	4	4	4	5
1641	2.5	3	4	5	3	3	3.5	3.5	3.5	0	0	0	0	0	0	0	0	0	0	0	0	0	0	0	0	53	63	63	25	35	35	5	5	5	5
1642	2.5	3	4	6	3	3	3	3	3	3.5	0	0	0	0	0	0	0	0	0	0	0	0	0	0	0	55	60	55	25	30	25	6	6	6	5
1643	2.5	3	4	7	3	3	3	3	3	3	3	0	0	0	0	0	0	0	0	0	0	0	0	0	0	53	53	0	20	20	0	0	7	7	5
1644	2.5	3	4	8	2.5	2.5	3	3	3	3	3	3	0	0	0	0	0	0	0	0	0	0	0	0	0	47	47	0	12	12	0	0	8	8	5
1645	2.5	3	4	9	2.5	2.5	2.5	2.5	3	3	3	3	3	0	0	0	0	0	0	0	0	0	0	0	0	48	48	0	10	10	0	0	9	9	5
1646	2.5	2	4	1	5.5	0	0	0	0	0	0	0	0	0	0	0	0	0	0	0	0	0	0	0	0	43	53	68	25	35	50	1	1	1	5
1647	2.5	2	4	2	4	4.5	0	0	0	0	0	0	0	0	0	0	0	0	0	0	0	0	0	0	0	45	50	50	25	30	30	2	2	2	5
1648	2.5	2	4	3	3.5	3.5	4	0	0	0	0	0	0	0	0	0	0	0	0	0	0	0	0	0	0	45	45	45	22	22	22	3	3	3	5
1649	2.5	2	4	4	3	3.5	3.5	3.5	0	0	0	0	0	0	0	0	0	0	0	0	0	0	0	0	0	40	40	40	15	15	15	4	4	4	5
1650	2.5	2	4	5	3	3	3	3	3	0	0	0	0	0	0	0	0	0	0	0	0	0	0	0	0	43	43	43	15	15	15	5	5	5	5
1651	2.5	2	4	6	2.5	2.5	2.5	3	3	3	0	0	0	0	0	0	0	0	0	0	0	0	0	0	0	42	42	40	12	12	10	6	6	6	5
1652	2.5	1	4	1	5	0	0	0	0	0	0	0	0	0	0	0	0	0	0	0	0	0	0	0	0	43	53	63	25	35	45	1	1	1	5
1653	2.5	1	4	2	4	4	0	0	0	0	0	0	0	0	0	0	0	0	0	0	0	0	0	0	0	42	42	42	22	22	22	2	2	2	5
1654	2.5	1	4	3	3	3.5	3.5	0	0	0	0	0	0	0	0	0	0	0	0	0	0	0	0	0	0	43	43	43	20	20	20	3	3	3	5
1655	2.5	1	4	4	3	3	3	3	0	0	0	0	0	0	0	0	0	0	0	0	0	0	0	0	0	38	38	38	13	13	13	4	4	4	5
1656	2.5	1	4	5	2.5	2.5	3	3	3	0	0	0	0	0	0	0	0	0	0	0	0	0	0	0	0	35	35	0	7	7	0	0	5	5	5
1657	12	3	1	1	9	0	0	0	0	0	0	0	0	0	0	0	0	0	0	0	0	0	0	0	0	0	50	50	0	50	50	1	1	0	4
1658	12	3	1	2	8.5	9	0	0	0	0	0	0	0	0	0	0	0	0	0	0	0	0	0	0	0	61	61	61	50	50	50	2	2	2	4
1659	12	3	1	3	6.5	7	7.5	0	0	0	0	0	0	0	0	0	0	0	0	0	0	0	0	0	0	73	73	73	50	50	50	3	3	3	4
1660	12	3	1	4	5	6	6	6.5	0	0	0	0	0	0	0	0	0	0	0	0	0	0	0	0	0	85	85	85	50	50	50	4	4	4	4
1661	12	3	1	5	4.5	5	5	5.5	6	0	0	0	0	0	0	0	0	0	0	0	0	0	0	0	0	97	97	87	50	50	40	5	5	5	4
1662	12	3	1	6	4	4	4.5	4.5	5	5	0	0	0	0	0	0	0	0	0	0	0	0	0	0	0	110	110	80	50	50	20	6	6	6	4
1663	12	3	1	7	3.5	4	4	4.5	4.5	4.5	5	0	0	0	0	0	0	0	0	0	0	0	0	0	0	111	106	0	40	35	0	0	7	7	4
1664	12	3	1	8	3.5	3.5	3.5	4	4	4.5	4.5	4.5	0	0	0	0	0	0	0	0	0	0	0	0	0	113	103	0	30	20	0	0	8	8	4
1665	12	3	1	9	3	3	3	3	3.5	3.5	3.5	3.5	3.5	0	0	0	0	0	0	0	0	0	0	0	0	115	0	0	20	0	0	0	0	9	4
1666	12	2	1	1	9	0	0	0	0	0	0	0	0	0	0	0	0	0	0	0	0	0	0	0	0	0	50	50	0	50	50	1	1	0	4
1667	12	2	1	2	7.5	8	0	0	0	0	0	0	0	0	0	0	0	0	0	0	0	0	0	0	0	62	62	62	50	50	50	2	2	2	4
1668	12	2	1	3	6	6.5	7	0	0	0	0	0	0	0	0	0	0	0	0	0	0	0	0	0	0	74	74	74	50	50	50	3	3	3	4
1669	12	2	1	4	5	5	5.5	6	0	0	0	0	0	0	0	0	0	0	0	0	0	0	0	0	0	76	76	76	40	40	40	4	4	4	4
1670	12	2	1	5	4.5	4.5	5	5	5.5	0	0	0	0	0	0	0	0	0	0	0	0	0	0	0	0	78	78	68	78	30	20	5	5	5	4
1671	12	2	1	6	3.5	4	4	4.5	4.5	5	0	0	0	0	0	0	0	0	0	0	0	0	0	0	0	90	90	65	30	30	5	6	6	6	4
1672	12	2	1	7	3.5	3.5	3.5	4	4	4.5	4.5	0	0	0	0	0	0	0	0	0	0	0	0	0	0	97	92	0	25	20	0	0	7	7	4
1673	12	2	1	8	3	3	3	3.5	3.5	3.5	4	4	0	0	0	0	0	0	0	0	0	0	0	0	0	103	0	0	20	0	0	0	0	8	4
1674	12	1	1	1	9	0	0	0	0	0	0	0	0	0	0	0	0	0	0	0	0	0	0	0	0	0	50	50	0	50	50	1	1	0	4
1675	12	1	1	2	7	7.5	0	0	0	0	0	0	0	0	0	0	0	0	0	0	0	0	0	0	0	62	50	50	50	50	50	2	2	2	4
1676	12	1	1	3	5.5	6	6.5	0	0	0	0	0	0	0	0	0	0	0	0	0	0	0	0	0	0	69	69	64	45	45	40	3	3	3	4
1677	12	1	1	4	5	5.5	5.5	6	0	0	0	0	0	0	0	0	0	0	0	0	0	0	0	0	0	66	61	61	30	25	25	4	4	4	4
1678	12	1	1	5	4	4.5	4.5	5	5	0	0	0	0	0	0	0	0	0	0	0	0	0	0	0	0	78	73	63	30	25	15	5	5	5	4
1679	12	1	1	6	3.5	3.5	4	4	4.5	4.5	0	0	0	0	0	0	0	0	0	0	0	0	0	0	0	90	80	0	30	20	0	0	6	6	4
1680	12	1	1	7	3	3.5	3.5	3.5	4	4	4	0	0	0	0	0	0	0	0	0	0	0	0	0	0	92	82	0	20	10	0	0	7	7	4
1681	12	1	1	8	3	3	3	3.5	3.5	3.5	3.5	3.5	0	0	0	0	0	0	0	0	0	0	0	0	0	94	0	0	10	0	0	0	0	8	4
1682	11.5	3	1	1	9	0	0	0	0	0	0	0	0	0	0	0	0	0	0	0	0	0	0	0	0	0	50	50	0	50	50	1	1	0	4
1683	11.5	3	1	2	7.5	8	0	0	0	0	0	0	0	0	0	0	0	0	0	0	0	0	0	0	0	61	61	61	50	50	50	2	2	2	4
1684	11.5	3	1	3	6	6.5	6.5	0	0	0	0	0	0	0	0	0	0	0	0	0	0	0	0	0	0	73	73	73	50	50	50	3	3	3	4
1685	11.5	3	1	4	5	5.5	5.5	6	0	0	0	0	0	0	0	0	0	0	0	0	0	0	0	0	0	84	84	84	50	50	50	4	4	4	4
1686	11.5	3	1	5	4.5	4.5	5	5.5	5.5	0	0	0	0	0	0	0	0	0	0	0	0	0	0	0	0	96	96	86	50	50	40	5	5	5	4
1687	11.5	3	1	6	4	4	4.5	4.5	5	5	0	0	0	0	0	0	0	0	0	0	0	0	0	0	0	97	92	77	40	35	20	6	6	6	4
1688	11.5	3	1	7	3.5	4	4	4	4.5	4.5	4.5	0	0	0	0	0	0	0	0	0	0	0	0	0	0	104	99	0	35	30	0	0	7	7	4
1689	11.5	3	1	8	3.5	3.5	3.5	4	4	4.5	4.5	4.5	0	0	0	0	0	0	0	0	0	0	0	0	0	100	100	0	20	20	0	0	8	8	4
1690	11.5	3	1	9	3	3	3.5	3.5	3.5	4	4	4	4.5	0	0	0	0	0	0	0	0	0	0	0	0	107	102	0	15	10	0	0	9	9	4
1691	11.5	3	1	10	3	3	3	3.5	3.5	3.5	4	4	4	4	0	0	0	0	0	0	0	0	0	0	0	113	0	0	10	0	0	0	0	10	4
1692	11.5	2	1	1	9	0	0	0	0	0	0	0	0	0	0	0	0	0	0	0	0	0	0	0	0	0	50	50	0	50	50	1	1	0	4
1693	11.5	2	1	2	6.5	7	0	0	0	0	0	0	0	0	0	0	0	0	0	0	0	0	0	0	0	61	61	61	50	50	50	2	2	2	4
1694	11.5	2	1	3	5.5	5.5	6	0	0	0	0	0	0	0	0	0	0	0	0	0	0	0	0	0	0	73	73	73	50	50	50	3	3	3	4
1695	11.5	2	1	4	4.5	4.5	5	5	0	0	0	0	0	0	0	0	0	0	0	0	0	0	0	0	0	84	84	69	50	50	35	4	4	4	4
1696	11.5	2	1	5	4	4	4.5	4.5	4.5	0	0	0	0	0	0	0	0	0	0	0	0	0	0	0	0	81	81	60	35	35	15	5	5	5	4
1697	11.5	2	1	6	3.5	3.5	4	4	4	4	0	0	0	0	0	0	0	0	0	0	0	0	0	0	0	87	87	0	30	30	0	0	6	6	4
1698	11.5	2	1	7	3	3.5	3.5	3.5	4	4	4	0	0	0	0	0	0	0	0	0	0	0	0	0	0	89	84	0	20	15	0	0	7	7	4
1699	11.5	2	1	8	3	3	3	3.5	3.5	3.5	3.5	3.5	0	0	0	0	0	0	0	0	0	0	0	0	0	95	0	0	15	0	0	0	0	8	4
1700	11.5	1	1	1	9	0	0	0	0	0	0	0	0	0	0	0	0	0	0	0	0	0	0	0	0	0	50	50	0	50	50	1	1	0	4
1701	11.5	1	1	2	6.5	7	0	0	0	0	0	0	0	0	0	0	0	0	0	0	0	0	0	0	0	61	61	61	50	50	50	2	2	2	4
1702	11.5	1	1	3	5	5.5	5.5	0	0	0	0	0	0	0	0	0	0	0	0	0	0	0	0	0	0	73	73	73	50	50	50	3	3	3	4
1703	11.5	1	1	4	4.5	4.5	5	5	0	0	0	0	0	0	0	0	0	0	0	0	0	0	0	0	0	74	74	64	40	40	30	4	4	4	4
1704	11.5	1	1	5	4	4	4	4.5	4.5	0	0	0	0	0	0	0	0	0	0	0	0	0	0	0	0	76	76	61	30	30	15	5	5	5	4
1705	11.5	1	1	6	3.5	3.5	3.5	4	4	4	0	0	0	0	0	0	0	0	0	0	0	0	0	0	0	82	82	0	25	25	0	0	6	6	4
1706	11.5	1	1	7	3	3	3	3.5	3.5	3.5	3.5	0	0	0	0	0	0	0	0	0	0	0	0	0	0	89	0	0	20	0	0	0	0	7	4
1707	11	3	1	1	9	0	0	0	0	0	0	0	0	0	0	0	0	0	0	0	0	0	0	0	0	0	50	50	0	50	50	1	1	0	4
1708	11	3	1	2	8	8.5	0	0	0	0	0	0	0	0	0	0	0	0	0	0	0	0	0	0	0	61	61	61	50	50	50	2	2	2	4
1709	11	3	1	3	6	6	6.5	0	0	0	0	0	0	0	0	0	0	0	0	0	0	0	0	0	0	72	72	72	50	50	50	3	3	3	4
1710	11	3	1	4	5	5	5.5	5.5	0	0	0	0	0	0	0	0	0	0	0	0	0	0	0	0	0	83	83	83	50	50	50	4	4	4	4
1711	11	3	1	5	4.5	4.5	5	5	5	0	0	0	0	0	0	0	0	0	0	0	0	0	0	0	0	94	94	79	50	50	35	5	5	5	4
1712	11	3	1	6	4	4	4.5	4.5	4.5	5	0	0	0	0	0	0	0	0	0	0	0	0	0	0	0	105	105	75	50	50	20	6	6	6	4
1713	11	3	1	7	3.5	3.5	4	4	4	4.5	4.5	0	0	0	0	0	0	0	0	0	0	0	0	0	0	111	106	0	45	40	0	0	7	7	4
1714	11	3	1	8	3	3.5	3.5	3.5	4	4	4	4	0	0	0	0	0	0	0	0	0	0	0	0	0	112	97	0	35	20	0	0	8	8	4
1715	11	3	1	9	3	3	3	3.5	3.5	3.5	4	4	4	0	0	0	0	0	0	0	0	0	0	0	0	118	98	0	30	10	0	0	9	9	4
1716	11	3	1	10	3	3	3	3	3.5	3.5	3.5	4	4	4	0	0	0	0	0	0	0	0	0	0	0	109	0	0	10	0	0	0	0	10	4
1717	11	2	1	1	9	0	0	0	0	0	0	0	0	0	0	0	0	0	0	0	0	0	0	0	0	0	50	50	0	50	50	1	1	0	4
1718	11	2	1	2	7	7.5	0	0	0	0	0	0	0	0	0	0	0	0	0	0	0	0	0	0	0	61	61	61	50	50	50	2	2	2	4
1719	11	2	1	3	5.5	6	6.5	0	0	0	0	0	0	0	0	0	0	0	0	0	0	0	0	0	0	72	72	72	50	50	50	3	3	3	4
1720	11	2	1	4	4.5	5	5	5	0	0	0	0	0	0	0	0	0	0	0	0	0	0	0	0	0	83	83	73	50	50	40	4	4	4	4
1721	11	2	1	5	4	4	4.5	4.5	4.5	0	0	0	0	0	0	0	0	0	0	0	0	0	0	0	0	84	84	64	40	40	20	5	5	5	4
1722	11	2	1	6	3.5	3.5	4	4	4	4	0	0	0	0	0	0	0	0	0	0	0	0	0	0	0	90	90	0	35	35	0	0	6	6	4
1723	11	2	1	7	3	3.5	3.5	3.5	3.5	4	4	0	0	0	0	0	0	0	0	0	0	0	0	0	0	96	86	0	30	20	0	0	7	7	4
1724	11	2	1	8	3	3	3	3.5	3.5	3.5	3.5	3.5	0	0	0	0	0	0	0	0	0	0	0	0	0	97	0	0	20	0	0	0	0	8	4
1725	11	1	1	1	9	0	0	0	0	0	0	0	0	0	0	0	0	0	0	0	0	0	0	0	0	0	50	50	0	50	50	1	1	0	4
1726	11	1	1	2	7	7.5	0	0	0	0	0	0	0	0	0	0	0	0	0	0	0	0	0	0	0	61	61	61	50	50	50	2	2	2	4
1727	11	1	1	3	5.5	6	6.5	0	0	0	0	0	0	0	0	0	0	0	0	0	0	0	0	0	0	62	62	57	40	40	35	3	3	3	4
1728	11	1	1	4	4.5	5	5	5	0	0	0	0	0	0	0	0	0	0	0	0	0	0	0	0	0	73	73	63	40	40	30	4	4	4	4
1729	11	1	1	5	4	4	4.5	4.5	4.5	0	0	0	0	0	0	0	0	0	0	0	0	0	0	0	0	79	79	59	30	30	15	5	5	5	4
1730	11	1	1	6	3.5	3.5	4	4	4	4	0	0	0	0	0	0	0	0	0	0	0	0	0	0	0	85	80	0	30	25	0	0	6	6	4
1731	11	1	1	7	3	3.5	3.5	3.5	4	4	4	0	0	0	0	0	0	0	0	0	0	0	0	0	0	81	76	0	15	10	0	0	7	7	4
1732	11	1	1	8	3	3	3	3.5	3.5	3.5	3.5	3.5	0	0	0	0	0	0	0	0	0	0	0	0	0	87	0	0	10	0	0	0	0	8	4
1733	10.5	3	1	1	9	0	0	0	0	0	0	0	0	0	0	0	0	0	0	0	0	0	0	0	0	0	50	50	0	50	50	1	1	0	4
1734	10.5	3	1	2	8	8.5	0	0	0	0	0	0	0	0	0	0	0	0	0	0	0	0	0	0	0	60	60	60	50	50	50	2	2	2	4
1735	10.5	3	1	3	6.5	7	7.5	0	0	0	0	0	0	0	0	0	0	0	0	0	0	0	0	0	0	71	71	71	50	50	50	3	3	3	4
1736	10.5	3	1	4	5	5	5.5	5.5	0	0	0	0	0	0	0	0	0	0	0	0	0	0	0	0	0	81	81	81	50	50	50	4	4	4	4
1737	10.5	3	1	5	4.5	4.5	4.5	5	5	0	0	0	0	0	0	0	0	0	0	0	0	0	0	0	0	92	92	82	50	50	40	5	5	5	4
1738	10.5	3	1	6	4	4	4.5	4.5	4.5	5	0	0	0	0	0	0	0	0	0	0	0	0	0	0	0	102	102	77	50	50	25	6	6	6	4
1739	10.5	3	1	7	3.5	4	4	4	4.5	5	5	0	0	0	0	0	0	0	0	0	0	0	0	0	0	103	103	73	40	40	10	7	7	7	4
1740	10.5	3	1	8	3.5	3.5	3.5	4	4	4	4.5	4.5	0	0	0	0	0	0	0	0	0	0	0	0	0	108	98	0	35	25	0	0	8	8	4
1741	10.5	3	1	9	3	3	3.5	3.5	3.5	4	4	4	4	0	0	0	0	0	0	0	0	0	0	0	0	114	99	0	30	15	0	0	9	9	4
1742	10.5	3	1	10	3	3	3	3	3.5	3.5	3.5	3.5	3.5	3.5	0	0	0	0	0	0	0	0	0	0	0	114	0	0	20	0	0	0	0	10	4
1743	10.5	3	1	11	2.5	2.5	2.5	3	3	3	3	3	3.5	3.5	3.5	0	0	0	0	0	0	0	0	0	0	115	0	0	10	0	0	0	0	11	4
1744	10.5	2	1	1	9	0	0	0	0	0	0	0	0	0	0	0	0	0	0	0	0	0	0	0	0	0	50	50	0	50	50	1	1	0	4
1745	10.5	2	1	2	7	7.5	0	0	0	0	0	0	0	0	0	0	0	0	0	0	0	0	0	0	0	60	60	60	50	50	50	2	2	2	4
1746	10.5	2	1	3	5.5	6	6.5	0	0	0	0	0	0	0	0	0	0	0	0	0	0	0	0	0	0	71	71	71	50	50	50	3	3	3	4
1747	10.5	2	1	4	4.5	5	5	5	0	0	0	0	0	0	0	0	0	0	0	0	0	0	0	0	0	81	81	76	50	50	45	4	4	4	4
1748	10.5	2	1	5	4	4	4.5	4.5	4.5	0	0	0	0	0	0	0	0	0	0	0	0	0	0	0	0	92	87	67	50	45	25	5	5	5	4
1749	10.5	2	1	6	3.5	3.5	3.5	4	4	4	0	0	0	0	0	0	0	0	0	0	0	0	0	0	0	97	87	0	45	35	0	0	6	6	4
1750	10.5	2	1	7	3	3.5	3.5	3.5	4	4	4	0	0	0	0	0	0	0	0	0	0	0	0	0	0	103	88	0	35	25	0	0	7	7	4
1751	10.5	2	1	8	3	3	3	3	3.5	3.5	3.5	3.5	0	0	0	0	0	0	0	0	0	0	0	0	0	103	0	0	30	0	0	0	0	8	4
1752	10.5	2	1	9	2.5	3	3	3	3	3.5	3.5	3.5	3.5	0	0	0	0	0	0	0	0	0	0	0	0	94	0	0	10	0	0	0	0	9	4
1753	10.5	1	1	1	9	0	0	0	0	0	0	0	0	0	0	0	0	0	0	0	0	0	0	0	0	0	50	50	0	50	50	1	1	0	4
1754	10.5	1	1	2	7	7.5	0	0	0	0	0	0	0	0	0	0	0	0	0	0	0	0	0	0	0	60	60	60	50	50	50	2	2	2	4
1755	10.5	1	1	3	5.5	6	6.5	0	0	0	0	0	0	0	0	0	0	0	0	0	0	0	0	0	0	71	71	71	50	50	50	3	3	3	4
1756	10.5	1	1	4	4.5	5	5	5	0	0	0	0	0	0	0	0	0	0	0	0	0	0	0	0	0	71	71	71	40	40	40	4	4	4	4
1757	10.5	1	1	5	4	4	4.5	4.5	4.5	0	0	0	0	0	0	0	0	0	0	0	0	0	0	0	0	82	72	62	40	35	20	5	5	5	4
1758	10.5	1	1	6	3.5	3.5	4	4	4	4	0	0	0	0	0	0	0	0	0	0	0	0	0	0	0	87	82	0	35	30	0	0	6	6	4
1759	10.5	1	1	7	3	3.5	3.5	3.5	4	4	4	0	0	0	0	0	0	0	0	0	0	0	0	0	0	83	83	0	20	20	0	0	7	7	4
1760	10.5	1	1	8	3	3	3	3.5	3.5	3.5	3.5	3.5	0	0	0	0	0	0	0	0	0	0	0	0	0	93	0	0	20	0	0	0	0	8	4
1761	10	3	1	1	9	0	0	0	0	0	0	0	0	0	0	0	0	0	0	0	0	0	0	0	0	0	50	50	0	50	50	1	1	0	4
1762	10	3	1	2	8	8.5	0	0	0	0	0	0	0	0	0	0	0	0	0	0	0	0	0	0	0	60	60	60	50	50	50	2	2	2	4
1763	10	3	1	3	6.5	7	7.5	0	0	0	0	0	0	0	0	0	0	0	0	0	0	0	0	0	0	70	70	70	50	50	50	3	3	3	4
1764	10	3	1	4	5	5.5	5.5	6	0	0	0	0	0	0	0	0	0	0	0	0	0	0	0	0	0	80	80	80	50	50	50	4	4	4	4
1765	10	3	1	5	4.5	4.5	4.5	5	5	0	0	0	0	0	0	0	0	0	0	0	0	0	0	0	0	90	90	85	50	50	45	5	5	5	4
1766	10	3	1	6	4	4	4.5	4.5	4.5	5	0	0	0	0	0	0	0	0	0	0	0	0	0	0	0	100	100	80	50	50	30	6	6	6	4
1767	10	3	1	7	3.5	4	4	4.5	4.5	5	5	0	0	0	0	0	0	0	0	0	0	0	0	0	0	100	100	80	40	40	20	7	7	7	4
1768	10	3	1	8	3.5	3.5	3.5	4	4	4	4.5	4.5	0	0	0	0	0	0	0	0	0	0	0	0	0	105	105	0	35	35	0	0	8	8	4
1769	10	3	1	9	3	3	3.5	3.5	3.5	4	4	4	4	0	0	0	0	0	0	0	0	0	0	0	0	110	100	0	30	20	0	0	9	9	4
1770	10	3	1	10	3	3	3	3	3.5	3.5	3.5	3.5	3.5	3.5	0	0	0	0	0	0	0	0	0	0	0	120	0	0	30	0	0	0	0	10	4
1771	10	3	1	11	2.5	2.5	2.5	3	3	3	3	3	3.5	3.5	3.5	0	0	0	0	0	0	0	0	0	0	120	0	0	20	0	0	0	0	11	4
1772	10	2	1	1	9	0	0	0	0	0	0	0	0	0	0	0	0	0	0	0	0	0	0	0	0	0	50	50	0	50	50	1	1	0	4
1773	10	2	1	2	8	8.5	0	0	0	0	0	0	0	0	0	0	0	0	0	0	0	0	0	0	0	60	60	60	50	50	50	2	2	2	4
1774	10	2	1	3	5.5	6	6.5	0	0	0	0	0	0	0	0	0	0	0	0	0	0	0	0	0	0	70	70	70	50	50	50	3	3	3	4
1775	10	2	1	4	4.5	5	5	5	0	0	0	0	0	0	0	0	0	0	0	0	0	0	0	0	0	80	80	75	50	50	45	4	4	4	4
1776	10	2	1	5	4	4	4.5	4.5	4.5	0	0	0	0	0	0	0	0	0	0	0	0	0	0	0	0	90	90	65	50	50	25	5	5	5	4
1777	10	2	1	6	3.5	3.5	3.5	4	4	4	0	0	0	0	0	0	0	0	0	0	0	0	0	0	0	100	90	0	50	40	0	0	6	6	4
1778	10	2	1	7	3.5	3.5	3.5	3.5	4	4	4	0	0	0	0	0	0	0	0	0	0	0	0	0	0	95	80	0	35	20	0	0	7	7	4
1779	10	2	1	8	3	3	3	3	3.5	3.5	3.5	3.5	0	0	0	0	0	0	0	0	0	0	0	0	0	100	0	0	30	0	0	0	0	8	4
1780	10	2	1	9	3	3	3	3	3.5	3.5	3.5	3.5	3.5	0	0	0	0	0	0	0	0	0	0	0	0	90	0	0	10	0	0	0	0	9	4
1781	10	1	1	1	9	0	0	0	0	0	0	0	0	0	0	0	0	0	0	0	0	0	0	0	0	0	50	50	0	50	50	1	1	0	4
1782	10	1	1	2	7	7.5	0	0	0	0	0	0	0	0	0	0	0	0	0	0	0	0	0	0	0	60	60	60	50	50	50	2	2	2	4
1783	10	1	1	3	5.5	6	6.5	0	0	0	0	0	0	0	0	0	0	0	0	0	0	0	0	0	0	60	60	60	40	40	40	3	3	3	4
1784	10	1	1	4	4.5	5	5	5	0	0	0	0	0	0	0	0	0	0	0	0	0	0	0	0	0	70	70	70	40	40	40	4	4	4	4
1785	10	1	1	5	4	4	4.5	4.5	4.5	0	0	0	0	0	0	0	0	0	0	0	0	0	0	0	0	80	75	60	40	35	20	5	5	5	4
1786	10	1	1	6	3.5	3.5	3.5	4	4	4	0	0	0	0	0	0	0	0	0	0	0	0	0	0	0	90	85	0	40	35	0	0	6	6	4
1787	10	1	1	7	3	3.5	3.5	3.5	4	4	4	0	0	0	0	0	0	0	0	0	0	0	0	0	0	80	80	0	20	20	0	0	7	7	4
1788	10	1	1	8	3	3	3	3.5	3.5	3.5	3.5	3.5	0	0	0	0	0	0	0	0	0	0	0	0	0	90	0	0	20	0	0	0	0	8	4
1789	9.5	3	1	1	9	0	0	0	0	0	0	0	0	0	0	0	0	0	0	0	0	0	0	0	0	0	50	50	0	50	50	1	1	0	4
1790	9.5	3	1	2	8	8.5	0	0	0	0	0	0	0	0	0	0	0	0	0	0	0	0	0	0	0	60	60	60	50	50	50	2	2	2	4
1791	9.5	3	1	3	6.5	7	7.5	0	0	0	0	0	0	0	0	0	0	0	0	0	0	0	0	0	0	69	69	69	50	50	50	3	3	3	4
1792	9.5	3	1	4	5	5.5	5.5	6	0	0	0	0	0	0	0	0	0	0	0	0	0	0	0	0	0	78	78	78	50	50	50	4	4	4	4
1793	9.5	3	1	5	4.5	4.5	5	5	5	0	0	0	0	0	0	0	0	0	0	0	0	0	0	0	0	88	88	83	50	50	45	5	5	5	4
1794	9.5	3	1	6	4	4	4.5	4.5	4.5	5	0	0	0	0	0	0	0	0	0	0	0	0	0	0	0	97	97	82	50	50	35	6	6	6	4
1795	9.5	3	1	7	3.5	4	4	4	4.5	4.5	4.5	0	0	0	0	0	0	0	0	0	0	0	0	0	0	102	102	77	45	45	20	7	7	7	4
1796	9.5	3	1	8	3.5	3.5	3.5	3.5	4	4	4	4	0	0	0	0	0	0	0	0	0	0	0	0	0	111	101	0	45	35	0	0	8	8	4
1797	9.5	3	1	9	3	3	3	3.5	3.5	3.5	4	4	4	0	0	0	0	0	0	0	0	0	0	0	0	115	100	0	40	25	0	0	9	9	4
1798	9.5	3	1	10	2.5	3	3	3	3	3.5	3.5	3.5	3.5	3.5	0	0	0	0	0	0	0	0	0	0	0	120	0	0	35	0	0	0	0	10	4
1799	9.5	3	1	11	2.5	2.5	2.5	3	3	3	3	3	3.5	3.5	3.5	0	0	0	0	0	0	0	0	0	0	120	0	0	25	0	0	0	0	11	4
1800	9.5	3	1	12	2.5	2.5	2.5	3	3	3	3	3	3.5	3.5	3.5	3.5	0	0	0	0	0	0	0	0	0	114	0	0	10	0	0	0	0	12	4
1801	9.5	2	1	1	9	0	0	0	0	0	0	0	0	0	0	0	0	0	0	0	0	0	0	0	0	0	50	50	0	50	50	1	1	0	4
1802	9.5	2	1	2	8	8.5	0	0	0	0	0	0	0	0	0	0	0	0	0	0	0	0	0	0	0	59	59	59	50	50	50	2	2	2	4
1803	9.5	2	1	3	5.5	6	6.5	0	0	0	0	0	0	0	0	0	0	0	0	0	0	0	0	0	0	69	69	69	50	50	50	3	3	3	4
1804	9.5	2	1	4	4.5	5	5	5	0	0	0	0	0	0	0	0	0	0	0	0	0	0	0	0	0	78	78	78	50	50	50	4	4	4	4
1805	9.5	2	1	5	4	4	4.5	4.5	4.5	0	0	0	0	0	0	0	0	0	0	0	0	0	0	0	0	87	87	68	50	50	30	5	5	5	4
1806	9.5	2	1	6	3.5	3.5	4	4	4	4	0	0	0	0	0	0	0	0	0	0	0	0	0	0	0	97	92	57	50	45	10	6	6	6	4
1807	9.5	2	1	7	3.5	3.5	3.5	4	4	4	4	0	0	0	0	0	0	0	0	0	0	0	0	0	0	86	81	0	30	25	0	0	7	7	4
1808	9.5	2	1	8	3	3	3	3.5	3.5	3.5	3.5	3.5	0	0	0	0	0	0	0	0	0	0	0	0	0	96	76	0	30	10	0	0	8	8	4
1809	9.5	2	1	9	3	3	3	3	3.5	3.5	3.5	3.5	3.5	0	0	0	0	0	0	0	0	0	0	0	0	91	0	0	15	0	0	0	0	9	4
1810	9.5	2	1	10	2.5	2.5	3	3	3	3	3	3.5	3.5	3.5	0	0	0	0	0	0	0	0	0	0	0	95	0	0	10	0	0	0	0	10	4
1811	9.5	1	1	1	9	0	0	0	0	0	0	0	0	0	0	0	0	0	0	0	0	0	0	0	0	0	50	50	0	50	50	1	1	0	4
1812	9.5	1	1	2	7	7.5	0	0	0	0	0	0	0	0	0	0	0	0	0	0	0	0	0	0	0	59	59	59	50	50	50	2	2	2	4
1813	9.5	1	1	3	5	5.5	5.5	0	0	0	0	0	0	0	0	0	0	0	0	0	0	0	0	0	0	69	69	69	50	50	50	3	3	3	4
1814	9.5	1	1	4	4.5	4.5	4.5	5	0	0	0	0	0	0	0	0	0	0	0	0	0	0	0	0	0	78	78	73	50	50	45	4	4	4	4
1815	9.5	1	1	5	3.5	4	4	4	4	0	0	0	0	0	0	0	0	0	0	0	0	0	0	0	0	47	47	57	50	50	20	5	5	5	4
1816	9.5	1	1	6	3.5	3.5	3.5	3.5	4	4	0	0	0	0	0	0	0	0	0	0	0	0	0	0	0	87	87	57	40	40	10	6	6	6	4
1817	9.5	1	1	7	3	3	3.5	3.5	3.5	3.5	3.5	0	0	0	0	0	0	0	0	0	0	0	0	0	0	96	76	0	40	20	0	0	7	7	4
1818	9.5	1	1	8	3	3	3	3.5	3.5	3.5	3.5	3.5	0	0	0	0	0	0	0	0	0	0	0	0	0	86	0	0	20	0	0	0	0	8	4
1819	9.5	1	1	9	2.5	3	3	3	3	3.5	3.5	3.5	3.5	0	0	0	0	0	0	0	0	0	0	0	0	86	0	0	10	0	0	0	0	9	4
1820	9	3	1	1	9	0	0	0	0	0	0	0	0	0	0	0	0	0	0	0	0	0	0	0	0	0	50	50	0	50	50	1	1	0	4
1821	9	3	1	2	8.5	9.5	0	0	0	0	0	0	0	0	0	0	0	0	0	0	0	0	0	0	0	59	59	59	50	50	50	2	2	2	4
1822	9	3	1	3	7	7	7.5	0	0	0	0	0	0	0	0	0	0	0	0	0	0	0	0	0	0	68	68	68	50	50	50	3	3	3	4
1823	9	3	1	4	5.5	6	6	6.5	0	0	0	0	0	0	0	0	0	0	0	0	0	0	0	0	0	77	77	77	50	50	50	4	4	4	4
1824	9	3	1	5	4.5	5	5	5.5	6	0	0	0	0	0	0	0	0	0	0	0	0	0	0	0	0	85	85	85	50	50	50	5	5	5	4
1825	9	3	1	6	4	4	4.5	4.5	5	5	0	0	0	0	0	0	0	0	0	0	0	0	0	0	0	95	95	85	50	50	40	6	6	6	4
1826	9	3	1	7	3.5	4	4	4	4.5	4.5	4.5	0	0	0	0	0	0	0	0	0	0	0	0	0	0	105	105	80	50	50	25	7	7	7	4
1827	9	3	1	8	3	3.5	3.5	3.5	4	4	4	4	0	0	0	0	0	0	0	0	0	0	0	0	0	110	105	70	50	45	10	8	8	8	4
1828	9	3	1	9	3	3	3.5	3.5	3.5	4	4	4	4	0	0	0	0	0	0	0	0	0	0	0	0	110	100	0	40	30	0	0	9	9	4
1829	9	3	1	10	3	3	3	3	3.5	3.5	3.5	4	4	4	0	0	0	0	0	0	0	0	0	0	0	110	100	0	30	20	0	0	10	10	4
1830	9	3	1	11	2.5	3	3	3	3	3.5	3.5	3.5	3.5	4	4	0	0	0	0	0	0	0	0	0	0	110	100	0	20	10	0	0	11	11	4
1831	9	3	1	12	2.5	2.5	2.5	3	3	3	3	3	3.5	3.5	3.5	3.5	0	0	0	0	0	0	0	0	0	120	0	0	20	0	0	0	0	12	4
1832	9	3	1	13	2.5	2.5	2.5	2.5	2.5	3	3	3	3	3	3.5	3.5	3.5	0	0	0	0	0	0	0	0	120	0	0	10	0	0	0	0	13	4
1833	9	2	1	1	9	0	0	0	0	0	0	0	0	0	0	0	0	0	0	0	0	0	0	0	0	0	50	50	0	50	50	1	1	0	4
1834	9	2	1	2	7	7.5	0	0	0	0	0	0	0	0	0	0	0	0	0	0	0	0	0	0	0	59	59	59	50	50	50	2	2	2	4
1835	9	2	1	3	5.5	6	6.5	0	0	0	0	0	0	0	0	0	0	0	0	0	0	0	0	0	0	68	68	68	50	50	50	3	3	3	4
1836	9	2	1	4	5	5	5	5	0	0	0	0	0	0	0	0	0	0	0	0	0	0	0	0	0	77	77	77	50	50	50	4	4	4	4
1837	9	2	1	5	4	4	4.5	4.5	4.5	0	0	0	0	0	0	0	0	0	0	0	0	0	0	0	0	86	86	71	50	50	35	5	5	5	4
1838	9	2	1	6	3.5	3.5	3.5	4	4	4	0	0	0	0	0	0	0	0	0	0	0	0	0	0	0	95	95	55	50	50	10	6	6	6	4
1839	9	2	1	7	3	3.5	3.5	3.5	3.5	4	4	0	0	0	0	0	0	0	0	0	0	0	0	0	0	94	89	0	40	35	0	0	7	7	4
1840	9	2	1	8	3	3	3.5	3.5	3.5	3.5	3.5	4	0	0	0	0	0	0	0	0	0	0	0	0	0	93	83	0	30	20	0	0	8	8	4
1841	9	2	1	9	3	3	3	3	3.5	3.5	3.5	3.5	3.5	0	0	0	0	0	0	0	0	0	0	0	0	92	0	0	20	0	0	0	0	9	4
1842	9	2	1	10	2.5	2.5	3	3	3	3	3.5	3.5	3.5	3.5	0	0	0	0	0	0	0	0	0	0	0	91	0	0	10	0	0	0	0	10	4
1843	9	1	1	1	9	0	0	0	0	0	0	0	0	0	0	0	0	0	0	0	0	0	0	0	0	0	50	50	0	50	50	1	1	0	4
1844	9	1	1	2	7	7.5	0	0	0	0	0	0	0	0	0	0	0	0	0	0	0	0	0	0	0	59	59	59	50	50	50	2	2	2	4
1845	9	1	1	3	5	5.5	5.5	0	0	0	0	0	0	0	0	0	0	0	0	0	0	0	0	0	0	68	68	68	50	50	50	3	3	3	4
1846	9	1	1	4	4	4.5	4.5	5	0	0	0	0	0	0	0	0	0	0	0	0	0	0	0	0	0	77	77	67	50	50	40	4	4	4	4
1847	9	1	1	5	3.5	4	4	4	4	0	0	0	0	0	0	0	0	0	0	0	0	0	0	0	0	86	86	56	50	50	20	5	5	5	4
1848	9	1	1	6	3.5	3.5	3.5	3.5	4	4	0	0	0	0	0	0	0	0	0	0	0	0	0	0	0	85	85	55	40	40	10	6	6	6	4
1849	9	1	1	7	3	3.5	3.5	3.5	3.5	3.5	3.5	0	0	0	0	0	0	0	0	0	0	0	0	0	0	84	84	0	30	30	0	0	7	7	4
1850	9	1	1	8	3	3	3	3.5	3.5	3.5	3.5	3.5	0	0	0	0	0	0	0	0	0	0	0	0	0	83	73	0	20	10	0	0	8	8	4
1851	9	1	1	9	2.5	3	3	3	3	3	3.5	3.5	3.5	0	0	0	0	0	0	0	0	0	0	0	0	82	0	0	10	0	0	0	0	9	4
1852	8.5	3	1	1	9	0	0	0	0	0	0	0	0	0	0	0	0	0	0	0	0	0	0	0	0	0	50	50	0	50	50	1	1	0	4
1853	8.5	3	1	2	8.5	9.5	0	0	0	0	0	0	0	0	0	0	0	0	0	0	0	0	0	0	0	59	59	59	50	50	50	2	2	2	4
1854	8.5	3	1	3	7	7	7.5	0	0	0	0	0	0	0	0	0	0	0	0	0	0	0	0	0	0	67	67	67	50	50	50	3	3	3	4
1855	8.5	3	1	4	5.5	6	6	6.5	0	0	0	0	0	0	0	0	0	0	0	0	0	0	0	0	0	76	76	76	50	50	50	4	4	4	4
1856	8.5	3	1	5	4.5	5	5	5.5	6	0	0	0	0	0	0	0	0	0	0	0	0	0	0	0	0	85	85	85	50	50	50	5	5	5	4
1857	8.5	3	1	6	4	4.5	4.5	4.5	5	5	0	0	0	0	0	0	0	0	0	0	0	0	0	0	0	93	93	83	50	50	40	6	6	6	4
1858	8.5	3	1	7	3.5	4	4	4	4.5	4.5	4.5	0	0	0	0	0	0	0	0	0	0	0	0	0	0	102	102	82	50	50	25	7	7	7	4
1859	8.5	3	1	8	3	3.5	3.5	3.5	4	4	4.5	4.5	0	0	0	0	0	0	0	0	0	0	0	0	0	110	110	80	50	50	10	8	8	8	4
1860	8.5	3	1	9	3	3	3	3.5	3.5	3.5	3.5	4	4	0	0	0	0	0	0	0	0	0	0	0	0	118	108	0	50	40	0	0	9	9	4
1861	8.5	3	1	10	2.5	3	3	3	3	3.5	3.5	3.5	3.5	3.5	0	0	0	0	0	0	0	0	0	0	0	127	95	0	50	20	0	0	10	10	4
1862	8.5	3	1	11	2.5	2.5	3	3	3	3	3.5	3.5	3.5	3.5	4	0	0	0	0	0	0	0	0	0	0	120	100	0	40	15	0	0	11	11	4
1863	8.5	3	1	12	2.5	2.5	2.5	3	3	3	3	3	3.5	3.5	3.5	3.5	0	0	0	0	0	0	0	0	0	120	0	0	30	0	0	0	0	12	4
1864	8.5	3	1	13	2.5	2.5	2.5	2.5	2.5	3	3	3	3	3	3.5	3.5	3.5	0	0	0	0	0	0	0	0	120	0	0	20	0	0	0	0	13	4
1865	8.5	2	1	1	9	0	0	0	0	0	0	0	0	0	0	0	0	0	0	0	0	0	0	0	0	0	50	50	0	50	50	1	1	0	4
1866	8.5	2	1	2	7.5	8	0	0	0	0	0	0	0	0	0	0	0	0	0	0	0	0	0	0	0	59	59	59	50	50	50	2	2	2	4
1867	8.5	2	1	3	5.5	6	6	0	0	0	0	0	0	0	0	0	0	0	0	0	0	0	0	0	0	67	67	67	50	50	50	3	3	3	4
1868	8.5	2	1	4	4.5	5	5	5.5	0	0	0	0	0	0	0	0	0	0	0	0	0	0	0	0	0	76	76	76	50	50	50	4	4	4	4
1869	8.5	2	1	5	4	4	4.5	4.5	4.5	0	0	0	0	0	0	0	0	0	0	0	0	0	0	0	0	84	84	69	50	50	35	5	5	5	4
1870	8.5	2	1	6	3.5	3.5	4	4	4	4	0	0	0	0	0	0	0	0	0	0	0	0	0	0	0	93	93	58	50	50	15	6	6	6	4
1871	8.5	2	1	7	3	3.5	3.5	3.5	3.5	4	4	0	0	0	0	0	0	0	0	0	0	0	0	0	0	91	91	61	40	40	10	7	7	7	4
1872	8.5	2	1	8	3	3	3	3.5	3.5	3.5	3.5	4	0	0	0	0	0	0	0	0	0	0	0	0	0	90	90	0	30	30	0	0	8	8	4
1873	8.5	2	1	9	3	3	3	3	3.5	3.5	3.5	3.5	3.5	0	0	0	0	0	0	0	0	0	0	0	0	88	78	0	20	10	0	0	9	9	4
1874	8.5	2	1	10	2.5	3	3	3	3	3	3.5	3.5	3.5	3.5	0	0	0	0	0	0	0	0	0	0	0	86	0	0	10	0	0	0	0	10	4
1875	8.5	1	1	1	9	0	0	0	0	0	0	0	0	0	0	0	0	0	0	0	0	0	0	0	0	0	50	50	0	50	50	1	1	0	4
1876	8.5	1	1	2	7	7	0	0	0	0	0	0	0	0	0	0	0	0	0	0	0	0	0	0	0	59	59	59	50	50	50	2	2	2	4
1877	8.5	1	1	3	5	5.5	6	0	0	0	0	0	0	0	0	0	0	0	0	0	0	0	0	0	0	67	67	67	50	50	50	3	3	3	4
1878	8.5	1	1	4	4.5	4.5	4.5	5	0	0	0	0	0	0	0	0	0	0	0	0	0	0	0	0	0	76	76	76	50	50	50	4	4	4	4
1879	8.5	1	1	5	3.5	4	4	4	4	0	0	0	0	0	0	0	0	0	0	0	0	0	0	0	0	84	84	59	50	50	25	5	5	5	4
1880	8.5	1	1	6	3.5	3.5	3.5	3.5	4	4	0	0	0	0	0	0	0	0	0	0	0	0	0	0	0	83	83	58	40	40	15	6	6	6	4
1881	8.5	1	1	7	3	3	3.5	3.5	3.5	3.5	4	0	0	0	0	0	0	0	0	0	0	0	0	0	0	81	81	0	30	30	0	0	7	7	4
1882	8.5	1	1	8	3	3	3	3.5	3.5	3.5	3.5	3.5	0	0	0	0	0	0	0	0	0	0	0	0	0	80	70	0	20	10	0	0	8	8	4
1883	8.5	1	1	9	3	3	3	3	3	3	3.5	3.5	3.5	0	0	0	0	0	0	0	0	0	0	0	0	78	0	0	10	0	0	0	0	9	4
1884	8	3	1	1	9	0	0	0	0	0	0	0	0	0	0	0	0	0	0	0	0	0	0	0	0	0	50	50	0	50	50	1	1	0	4
1885	8	3	1	2	8.5	9.5	0	0	0	0	0	0	0	0	0	0	0	0	0	0	0	0	0	0	0	66	66	66	50	50	50	2	2	2	4
1886	8	3	1	3	6.5	7	7.5	0	0	0	0	0	0	0	0	0	0	0	0	0	0	0	0	0	0	74	74	74	50	50	50	3	3	3	4
1887	8	3	1	4	5.5	5.5	6	6.5	0	0	0	0	0	0	0	0	0	0	0	0	0	0	0	0	0	82	82	82	50	50	50	4	4	4	4
1888	8	3	1	5	4.5	5	5	5.5	5.5	0	0	0	0	0	0	0	0	0	0	0	0	0	0	0	0	90	90	90	50	50	50	5	5	5	4
1889	8	3	1	6	4	4	4.5	4.5	4.5	5	0	0	0	0	0	0	0	0	0	0	0	0	0	0	0	98	98	88	50	50	40	6	6	6	4
1890	8	3	1	7	3.5	3.5	4	4	4	4.5	4.5	0	0	0	0	0	0	0	0	0	0	0	0	0	0	106	106	81	50	50	25	7	7	7	4
1891	8	3	1	8	3	3.5	3.5	3.5	4	4	4	4	0	0	0	0	0	0	0	0	0	0	0	0	0	114	109	74	50	45	10	8	8	8	4
1892	8	3	1	9	3	3	3	3.5	3.5	3.5	3.5	3.5	4	0	0	0	0	0	0	0	0	0	0	0	0	122	107	0	50	35	0	0	9	9	4
1893	8	3	1	10	2.5	3	3	3	3	3	3.5	3.5	3.5	3.5	0	0	0	0	0	0	0	0	0	0	0	130	95	0	50	20	0	0	10	10	4
1894	8	3	1	11	2.5	2.5	2.5	3	3	3	3	3	3.5	3.5	3.5	0	0	0	0	0	0	0	0	0	0	125	98	0	40	10	0	0	11	11	4
1895	8	3	1	12	2.5	2.5	2.5	2.5	3	3	3	3	3	3	3.5	3.5	0	0	0	0	0	0	0	0	0	120	0	0	25	0	0	0	0	12	4
1896	8	3	1	13	2.5	2.5	2.5	2.5	2.5	3	3	3	3	3	3	3.5	3.5	0	0	0	0	0	0	0	0	120	0	0	15	0	0	0	0	13	4
1897	8	2	1	1	9	0	0	0	0	0	0	0	0	0	0	0	0	0	0	0	0	0	0	0	0	0	50	50	0	50	50	1	1	0	4
1898	8	2	1	2	7.5	8	0	0	0	0	0	0	0	0	0	0	0	0	0	0	0	0	0	0	0	58	58	58	50	50	50	2	2	2	4
1899	8	2	1	3	6	6	6.5	0	0	0	0	0	0	0	0	0	0	0	0	0	0	0	0	0	0	66	66	66	50	50	50	3	3	3	4
1900	8	2	1	4	4.5	5	5	5.5	0	0	0	0	0	0	0	0	0	0	0	0	0	0	0	0	0	74	74	74	50	50	50	4	4	4	4
1901	8	2	1	5	4	4	4.5	4.5	4.5	0	0	0	0	0	0	0	0	0	0	0	0	0	0	0	0	82	82	72	50	50	40	5	5	5	4
1902	8	2	1	6	3.5	3.5	4	4	4	4	0	0	0	0	0	0	0	0	0	0	0	0	0	0	0	90	90	60	50	50	20	6	6	6	4
1903	8	2	1	7	3	3	3.5	3.5	3.5	3.5	4	0	0	0	0	0	0	0	0	0	0	0	0	0	0	98	88	58	50	40	10	7	7	7	4
1904	8	2	1	8	3	3	3	3.5	3.5	3.5	3.5	3.5	0	0	0	0	0	0	0	0	0	0	0	0	0	96	86	0	40	30	0	0	8	8	4
1905	8	2	1	9	2.5	3	3	3	3	3.5	3.5	3.5	3.5	0	0	0	0	0	0	0	0	0	0	0	0	94	79	0	30	15	0	0	9	9	4
1906	8	2	1	10	2.5	3	3	3	3	3	3.5	3.5	3.5	3.5	0	0	0	0	0	0	0	0	0	0	0	92	0	0	20	0	0	0	0	10	4
1907	8	2	1	11	2.5	2.5	2.5	3	3	3	3	3	3	3	3.5	0	0	0	0	0	0	0	0	0	0	90	0	0	10	0	0	0	0	11	4
1908	8	1	1	1	9	0	0	0	0	0	0	0	0	0	0	0	0	0	0	0	0	0	0	0	0	0	50	50	0	50	50	1	1	0	4
1909	8	1	1	2	7	7.5	0	0	0	0	0	0	0	0	0	0	0	0	0	0	0	0	0	0	0	58	58	58	50	50	50	2	2	2	4
1910	8	1	1	3	5	5.5	5.5	0	0	0	0	0	0	0	0	0	0	0	0	0	0	0	0	0	0	66	66	66	50	50	50	3	3	3	4
1911	8	1	1	4	4.5	4.5	4.5	5	0	0	0	0	0	0	0	0	0	0	0	0	0	0	0	0	0	74	74	74	50	50	50	4	4	4	4
1912	8	1	1	5	3.5	4	4	4	4	0	0	0	0	0	0	0	0	0	0	0	0	0	0	0	0	82	82	62	50	50	30	5	5	5	4
1913	8	1	1	6	3.5	3.5	3.5	3.5	3.5	4	0	0	0	0	0	0	0	0	0	0	0	0	0	0	0	90	90	36	50	50	20	6	6	6	4
1914	8	1	1	7	3	3	3.5	3.5	3.5	3.5	3.5	0	0	0	0	0	0	0	0	0	0	0	0	0	0	88	78	0	40	30	0	0	7	7	4
1915	8	1	1	8	3	3	3	3	3	3.5	3.5	3.5	0	0	0	0	0	0	0	0	0	0	0	0	0	86	76	0	30	20	0	0	8	8	4
1916	8	1	1	9	2.5	3	3	3	3	3	3	3.5	3.5	0	0	0	0	0	0	0	0	0	0	0	0	84	74	0	20	10	0	0	9	9	4
1917	8	1	1	10	2.5	2.5	2.5	3	3	3	3	3	3.5	3.5	0	0	0	0	0	0	0	0	0	0	0	82	0	0	10	0	0	0	0	10	4
1918	7.5	3	1	1	9	0	0	0	0	0	0	0	0	0	0	0	0	0	0	0	0	0	0	0	0	0	50	50	0	50	50	1	1	0	4
1919	7.5	3	1	2	8.5	9.5	0	0	0	0	0	0	0	0	0	0	0	0	0	0	0	0	0	0	0	57	57	57	50	50	50	2	2	2	4
1920	7.5	3	1	3	6.5	7	7.5	0	0	0	0	0	0	0	0	0	0	0	0	0	0	0	0	0	0	65	65	65	50	50	50	3	3	3	4
1921	7.5	3	1	4	5.5	5.5	6	6.5	0	0	0	0	0	0	0	0	0	0	0	0	0	0	0	0	0	73	73	73	50	50	50	4	4	4	4
1922	7.5	3	1	5	4.5	5	5	5.5	5.5	0	0	0	0	0	0	0	0	0	0	0	0	0	0	0	0	80	80	80	50	50	50	5	5	5	4
1923	7.5	3	1	6	4	4.5	4.5	4.5	5	5	0	0	0	0	0	0	0	0	0	0	0	0	0	0	0	88	88	88	50	50	50	6	6	6	4
1924	7.5	3	1	7	3.5	3.5	4	4	4	4.5	4.5	0	0	0	0	0	0	0	0	0	0	0	0	0	0	95	95	85	50	50	40	7	7	7	4
1925	7.5	3	1	8	3	3.5	3.5	3.5	4	4	4	4	0	0	0	0	0	0	0	0	0	0	0	0	0	103	103	77	50	50	25	8	8	8	4
1926	7.5	3	1	9	3	3	3	3.5	3.5	3.5	3.5	3.5	4	0	0	0	0	0	0	0	0	0	0	0	0	110	110	70	50	50	10	9	9	9	4
1927	7.5	3	1	10	2.5	3	3	3	3	3	3.5	3.5	3.5	3.5	0	0	0	0	0	0	0	0	0	0	0	117	103	0	50	35	0	0	10	10	4
1928	7.5	3	1	11	2.5	2.5	2.5	3	3	3	3	3	3.5	3.5	3.5	0	0	0	0	0	0	0	0	0	0	133	100	0	50	25	0	0	11	11	4
1929	7.5	3	1	12	2.5	2.5	2.5	2.5	3	3	3	3	3	3	3.5	3.5	0	0	0	0	0	0	0	0	0	123	93	0	40	10	0	0	12	12	4
1930	7.5	3	1	13	2.5	2.5	2.5	2.5	2.5	3	3	3	3	3	3	3.5	3.5	0	0	0	0	0	0	0	0	115	0	0	25	0	0	0	0	13	4
1931	7.5	3	1	14	2.5	2.5	2.5	2.5	2.5	3	3	3	3	3	3	3.5	3.5	0	0	0	0	0	0	0	0	108	0	0	10	0	0	0	0	14	4
1932	7.5	2	1	1	9	0	0	0	0	0	0	0	0	0	0	0	0	0	0	0	0	0	0	0	0	0	50	50	0	50	50	1	1	0	4
1933	7.5	2	1	2	7.5	8	0	0	0	0	0	0	0	0	0	0	0	0	0	0	0	0	0	0	0	58	58	58	50	50	50	2	2	2	4
1934	7.5	2	1	3	5.5	6	6	0	0	0	0	0	0	0	0	0	0	0	0	0	0	0	0	0	0	65	65	65	50	50	50	3	3	3	4
1935	7.5	2	1	4	4.5	5	5	5.5	0	0	0	0	0	0	0	0	0	0	0	0	0	0	0	0	0	73	73	73	50	50	50	4	4	4	4
1936	7.5	2	1	5	4	4	4.5	4.5	4.5	0	0	0	0	0	0	0	0	0	0	0	0	0	0	0	0	80	80	70	50	50	40	5	5	5	4
1937	7.5	2	1	6	3.5	4	4	4	4	4	0	0	0	0	0	0	0	0	0	0	0	0	0	0	0	88	88	63	50	50	25	6	6	6	4
1938	7.5	2	1	7	3	3.5	3.5	3.5	3.5	3.5	4.5	0	0	0	0	0	0	0	0	0	0	0	0	0	0	95	95	60	50	50	15	7	7	7	4
1939	7.5	2	1	8	3	3	3.5	3.5	3.5	3.5	3.5	3.5	0	0	0	0	0	0	0	0	0	0	0	0	0	93	83	0	40	30	0	0	8	8	4
1940	7.5	2	1	9	3	3	3	3	3	3.5	3.5	3.5	3.5	0	0	0	0	0	0	0	0	0	0	0	0	90	80	0	30	20	0	0	9	9	4
1941	7.5	2	1	10	2.5	3	3	3	3	3	3	3.5	3.5	3.5	0	0	0	0	0	0	0	0	0	0	0	88	0	0	20	0	0	0	0	10	4
1942	7.5	2	1	11	2.5	2.5	2.5	3	3	3	3	3	3.5	3.5	3.5	0	0	0	0	0	0	0	0	0	0	85	0	0	10	0	0	0	0	11	4
1943	7.5	1	1	1	9	0	0	0	0	0	0	0	0	0	0	0	0	0	0	0	0	0	0	0	0	0	50	50	0	50	50	1	1	0	4
1944	7.5	1	1	2	7	7.5	0	0	0	0	0	0	0	0	0	0	0	0	0	0	0	0	0	0	0	58	58	58	50	50	50	2	2	2	4
1945	7.5	1	1	3	5.5	5.5	6	0	0	0	0	0	0	0	0	0	0	0	0	0	0	0	0	0	0	65	65	65	50	50	50	3	3	3	4
1946	7.5	1	1	4	4.5	4.5	4.5	5	0	0	0	0	0	0	0	0	0	0	0	0	0	0	0	0	0	73	73	73	50	50	50	4	4	4	4
1947	7.5	1	1	5	4	4	4	4	4	0	0	0	0	0	0	0	0	0	0	0	0	0	0	0	0	80	80	60	50	50	30	5	5	5	4
1948	7.5	1	1	6	3.5	3.5	3.5	3.5	3.5	4	0	0	0	0	0	0	0	0	0	0	0	0	0	0	0	88	88	58	50	50	20	6	6	6	4
1949	7.5	1	1	7	3	3	3	3	3.5	3.5	3.5	0	0	0	0	0	0	0	0	0	0	0	0	0	0	95	85	0	50	40	0	0	7	7	4
1950	7.5	1	1	8	3	3	3	3	3	3	3	3.5	0	0	0	0	0	0	0	0	0	0	0	0	0	93	78	0	40	25	0	0	8	8	4
1951	7.5	1	1	9	2.5	3	3	3	3	3	3	3	3.5	0	0	0	0	0	0	0	0	0	0	0	0	90	70	0	30	10	0	0	9	9	4
1952	7.5	1	1	10	2.5	2.5	3	3	3	3	3	3	3	3	0	0	0	0	0	0	0	0	0	0	0	88	0	0	20	0	0	0	0	10	4
1953	7.5	1	1	11	2.5	2.5	2.5	3	3	3	3	3	3	3	3	0	0	0	0	0	0	0	0	0	0	85	0	0	10	0	0	0	0	11	4
1954	7	3	1	1	9	0	0	0	0	0	0	0	0	0	0	0	0	0	0	0	0	0	0	0	0	0	50	50	0	50	50	1	1	0	4
1955	7	3	1	2	8.5	9.5	0	0	0	0	0	0	0	0	0	0	0	0	0	0	0	0	0	0	0	57	57	57	50	50	50	2	2	2	4
1956	7	3	1	3	7	7.5	7.5	0	0	0	0	0	0	0	0	0	0	0	0	0	0	0	0	0	0	64	64	64	50	50	50	3	3	3	4
1957	7	3	1	4	5.5	6	6.5	6.5	0	0	0	0	0	0	0	0	0	0	0	0	0	0	0	0	0	71	71	71	50	50	50	4	4	4	4
1958	7	3	1	5	5	5	5.5	5.5	5.5	0	0	0	0	0	0	0	0	0	0	0	0	0	0	0	0	78	78	78	50	50	50	5	5	5	4
1959	7	3	1	6	4	4.5	4.5	5	5	5	0	0	0	0	0	0	0	0	0	0	0	0	0	0	0	85	85	85	50	50	50	6	6	6	4
1960	7	3	1	7	4	4	4	4.5	4.5	4.5	4.5	0	0	0	0	0	0	0	0	0	0	0	0	0	0	92	92	82	50	50	40	7	7	7	4
1961	7	3	1	8	3.5	3.5	3.5	3.5	4	4	4.5	4.5	0	0	0	0	0	0	0	0	0	0	0	0	0	99	99	79	50	50	30	8	8	8	4
1962	7	3	1	9	3	3	3.5	3.5	3.5	3.5	4	4	4	0	0	0	0	0	0	0	0	0	0	0	0	106	106	66	50	50	10	9	9	9	4
1963	7	3	1	10	3	3	3	3	3.5	3.5	3.5	3.5	3.5	3.5	0	0	0	0	0	0	0	0	0	0	0	113	98	0	50	35	0	0	10	10	4
1964	7	3	1	11	2.5	2.5	2.5	3	3	3	3	3	3.5	3.5	3.5	0	0	0	0	0	0	0	0	0	0	120	100	0	50	30	0	0	11	11	4
1965	7	3	1	12	2.5	2.5	2.5	2.5	3	3	3	3	3	3	3.5	3.5	0	0	0	0	0	0	0	0	0	117	97	0	40	20	0	0	12	12	4
1966	7	3	1	13	2.5	2.5	2.5	2.5	2.5	3	3	3	3	3	3.5	3.5	3.5	0	0	0	0	0	0	0	0	114	94	0	30	10	0	0	13	13	4
1967	7	3	1	14	2.5	2.5	2.5	2.5	2.5	2.5	3	3	3	3	3	3	3.5	0	0	0	0	0	0	0	0	111	0	0	20	0	0	0	0	14	4
1968	7	3	1	15	2.5	2.5	2.5	2.5	2.5	2.5	2.5	3	3	3	3	3	3	3	3	0	0	0	0	0	0	108	0	0	10	0	0	0	0	15	4
1969	7	2	1	1	9	0	0	0	0	0	0	0	0	0	0	0	0	0	0	0	0	0	0	0	0	0	50	50	0	50	50	1	1	0	4
1970	7	2	1	2	7.5	7.5	0	0	0	0	0	0	0	0	0	0	0	0	0	0	0	0	0	0	0	57	57	57	50	50	50	2	2	2	4
1971	7	2	1	3	5.5	6	6	0	0	0	0	0	0	0	0	0	0	0	0	0	0	0	0	0	0	64	64	64	50	50	50	3	3	3	4
1972	7	2	1	4	4.5	5	5	5	0	0	0	0	0	0	0	0	0	0	0	0	0	0	0	0	0	71	71	71	50	50	50	4	4	4	4
1973	7	2	1	5	4	4	4.5	4.5	4.5	0	0	0	0	0	0	0	0	0	0	0	0	0	0	0	0	78	78	68	50	50	40	5	5	5	4
1974	7	2	1	6	3.5	3.5	4	4	4	4	0	0	0	0	0	0	0	0	0	0	0	0	0	0	0	85	85	65	50	50	30	6	6	6	4
1975	7	2	1	7	3	3.5	3.5	3.5	3.5	3.5	4	0	0	0	0	0	0	0	0	0	0	0	0	0	0	92	92	62	50	50	20	7	7	7	4
1976	7	2	1	8	3	3	3	3	3	3.5	3.5	3.5	0	0	0	0	0	0	0	0	0	0	0	0	0	99	89	0	50	40	0	0	8	8	4
1977	7	2	1	9	3	3	3	3	3	3	3	3.5	3.5	0	0	0	0	0	0	0	0	0	0	0	0	96	86	0	40	30	0	0	9	9	4
1978	7	2	1	10	2.5	2.5	3	3	3	3	3	3	3.5	3.5	0	0	0	0	0	0	0	0	0	0	0	94	84	0	30	20	0	0	10	10	4
1979	7	2	1	11	2.5	2.5	2.5	3	3	3	3	3	3.5	3.5	3.5	0	0	0	0	0	0	0	0	0	0	85	0	0	20	0	0	0	0	11	4
1980	7	1	1	1	9	0	0	0	0	0	0	0	0	0	0	0	0	0	0	0	0	0	0	0	0	0	50	50	0	50	50	1	1	0	4
1981	7	1	1	2	7	7.5	0	0	0	0	0	0	0	0	0	0	0	0	0	0	0	0	0	0	0	57	57	57	50	50	50	2	2	2	4
1982	7	1	1	3	5.5	5.5	5.5	0	0	0	0	0	0	0	0	0	0	0	0	0	0	0	0	0	0	64	64	64	50	50	50	3	3	3	4
1983	7	1	1	4	4.5	4.5	4.5	5	0	0	0	0	0	0	0	0	0	0	0	0	0	0	0	0	0	71	71	71	50	50	50	4	4	4	4
1984	7	1	1	5	4	4	4	4	4.5	0	0	0	0	0	0	0	0	0	0	0	0	0	0	0	0	78	78	68	50	50	40	5	5	5	4
1985	7	1	1	6	3.5	3.5	3.5	3.5	3.5	4	0	0	0	0	0	0	0	0	0	0	0	0	0	0	0	85	85	60	50	50	25	6	6	6	4
1986	7	1	1	7	3	3	3	3	3.5	3.5	3.5	0	0	0	0	0	0	0	0	0	0	0	0	0	0	92	82	52	50	40	10	7	7	7	4
1987	7	1	1	8	3	3	3	3	3	3	3.5	3.5	0	0	0	0	0	0	0	0	0	0	0	0	0	89	79	0	40	30	0	0	8	8	4
1988	7	1	1	9	2.5	3	3	3	3	3	3	3	3.5	0	0	0	0	0	0	0	0	0	0	0	0	86	76	0	30	20	0	0	9	9	4
1989	7	1	1	10	2.5	2.5	3	3	3	3	3	3	3	3.5	0	0	0	0	0	0	0	0	0	0	0	83	73	0	20	10	0	0	10	10	4
1990	7	1	1	11	2.5	2.5	2.5	3	3	3	3	3	3	3	3	0	0	0	0	0	0	0	0	0	0	80	0	0	10	0	0	0	0	11	4
1991	6.5	3	1	1	9	0	0	0	0	0	0	0	0	0	0	0	0	0	0	0	0	0	0	0	0	0	50	50	0	50	50	1	1	0	4
1992	6.5	3	1	2	8.5	9.5	0	0	0	0	0	0	0	0	0	0	0	0	0	0	0	0	0	0	0	57	57	57	50	50	50	2	2	2	4
1993	6.5	3	1	3	7	7.5	8	0	0	0	0	0	0	0	0	0	0	0	0	0	0	0	0	0	0	63	63	63	50	50	50	3	3	3	4
1994	6.5	3	1	4	5.5	6	6.5	6.5	0	0	0	0	0	0	0	0	0	0	0	0	0	0	0	0	0	70	70	70	50	50	50	4	4	4	4
1995	6.5	3	1	5	5	5	5.5	5.5	6	0	0	0	0	0	0	0	0	0	0	0	0	0	0	0	0	76	76	76	50	50	50	5	5	5	4
1996	6.5	3	1	6	4.5	4.5	4.5	5	5	5	0	0	0	0	0	0	0	0	0	0	0	0	0	0	0	82	82	82	50	50	50	6	6	6	4
1997	6.5	3	1	7	4	4	4	4.5	4.5	4.5	4.5	0	0	0	0	0	0	0	0	0	0	0	0	0	0	89	89	79	50	50	40	7	7	7	4
1998	6.5	3	1	8	3.5	3.5	4	4	4	4	4	4.5	0	0	0	0	0	0	0	0	0	0	0	0	0	96	96	76	50	50	30	8	8	8	4
1999	6.5	3	1	9	3	3.5	3.5	3.5	3.5	3.5	4	4	4	0	0	0	0	0	0	0	0	0	0	0	0	102	102	72	50	50	20	9	9	9	4
2000	6.5	3	1	10	3	3	3	3.5	3.5	3.5	3.5	3.5	3.5	4	0	0	0	0	0	0	0	0	0	0	0	108	108	68	50	50	10	10	10	10	4
2001	6.5	3	1	11	2.5	3	3	3	3	3	3	3.5	3.5	3.5	3.5	0	0	0	0	0	0	0	0	0	0	115	100	0	50	35	0	0	11	11	4
2002	6.5	3	1	12	2.5	2.5	2.5	2.5	3	3	3	3	3	3	3.5	3.5	0	0	0	0	0	0	0	0	0	121	101	0	50	30	0	0	12	12	4
2003	6.5	3	1	13	2.5	2.5	2.5	2.5	2.5	2.5	3	3	3	3	3	3.5	3.5	0	0	0	0	0	0	0	0	118	98	0	40	20	0	0	13	13	4
2004	6.5	3	1	14	2.5	2.5	2.5	2.5	2.5	2.5	3	3	3	3	3	3	3.5	0	0	0	0	0	0	0	0	114	94	0	30	10	0	0	14	14	4
2005	6.5	3	1	15	2.5	2.5	2.5	2.5	2.5	2.5	2.5	3	3	3	3	3	3	3	3	0	0	0	0	0	0	111	0	0	20	0	0	0	0	15	4
2006	6.5	2	1	1	9	0	0	0	0	0	0	0	0	0	0	0	0	0	0	0	0	0	0	0	0	0	50	50	0	50	50	1	1	0	4
2007	6.5	2	1	2	7.5	8	0	0	0	0	0	0	0	0	0	0	0	0	0	0	0	0	0	0	0	57	57	57	50	50	50	2	2	2	4
2008	6.5	2	1	3	6	6	6.5	0	0	0	0	0	0	0	0	0	0	0	0	0	0	0	0	0	0	63	63	63	50	50	50	3	3	3	4
2009	6.5	2	1	4	5	5	5	5.5	0	0	0	0	0	0	0	0	0	0	0	0	0	0	0	0	0	70	70	70	50	50	50	4	4	4	4
2010	6.5	2	1	5	4.5	4.5	4.5	4.5	4.5	0	0	0	0	0	0	0	0	0	0	0	0	0	0	0	0	76	76	76	50	50	50	5	5	5	4
2011	6.5	2	1	6	3.5	4	4	4	4	4.5	0	0	0	0	0	0	0	0	0	0	0	0	0	0	0	83	83	73	50	50	40	6	6	6	4
2012	6.5	2	1	7	3.5	3.5	3.5	3.5	3.5	4	4	0	0	0	0	0	0	0	0	0	0	0	0	0	0	89	89	64	50	50	25	7	7	7	4
2013	6.5	2	1	8	3	3	3	3.5	3.5	3.5	3.5	3.5	0	0	0	0	0	0	0	0	0	0	0	0	0	96	86	56	50	40	10	8	8	8	4
2014	6.5	2	1	9	3	3	3	3	3	3.5	3.5	3.5	3.5	0	0	0	0	0	0	0	0	0	0	0	0	92	82	0	40	30	0	0	9	9	4
2015	6.5	2	1	10	2.5	3	3	3	3	3	3	3.5	3.5	3.5	0	0	0	0	0	0	0	0	0	0	0	89	79	0	30	20	0	0	10	10	4
2016	6.5	2	1	11	2.5	2.5	2.5	3	3	3	3	3	3.5	3.5	3.5	0	0	0	0	0	0	0	0	0	0	85	75	0	20	10	0	0	11	11	4
2017	6.5	2	1	12	2.5	2.5	2.5	2.5	3	3	3	3	3	3	3	3	0	0	0	0	0	0	0	0	0	82	0	0	10	0	0	0	0	12	4
2018	6.5	1	1	1	9	0	0	0	0	0	0	0	0	0	0	0	0	0	0	0	0	0	0	0	0	0	50	50	0	50	50	1	1	0	4
2019	6.5	1	1	2	7	7.5	0	0	0	0	0	0	0	0	0	0	0	0	0	0	0	0	0	0	0	57	57	57	50	50	50	2	2	2	4
2020	6.5	1	1	3	5.5	5.5	5.5	0	0	0	0	0	0	0	0	0	0	0	0	0	0	0	0	0	0	63	63	63	50	50	50	3	3	3	4
2021	6.5	1	1	4	4.5	4.5	4.5	5	0	0	0	0	0	0	0	0	0	0	0	0	0	0	0	0	0	70	70	70	50	50	50	4	4	4	4
2022	6.5	1	1	5	4	4	4	4	4.5	0	0	0	0	0	0	0	0	0	0	0	0	0	0	0	0	76	76	71	50	50	45	5	5	5	4
2023	6.5	1	1	6	3.5	3.5	3.5	3.5	3.5	4	0	0	0	0	0	0	0	0	0	0	0	0	0	0	0	83	83	63	50	50	25	6	6	6	4
2024	6.5	1	1	7	3	3	3	3	3.5	3.5	3.5	0	0	0	0	0	0	0	0	0	0	0	0	0	0	89	84	0	50	45	10	0	7	7	4
2025	6.5	1	1	8	3	3	3	3	3	3	3	3	0	0	0	0	0	0	0	0	0	0	0	0	0	96	71	0	50	25	0	0	8	8	4
2026	6.5	1	1	9	2.5	2.5	3	3	3	3	3	3	3	0	0	0	0	0	0	0	0	0	0	0	0	92	67	0	40	15	0	0	9	9	4
2027	6.5	1	1	10	2.5	2.5	2.5	2.5	3	3	3	3	3	3	0	0	0	0	0	0	0	0	0	0	0	89	69	0	30	10	0	0	10	10	4
2028	6.5	1	1	11	2.5	2.5	2.5	2.5	2.5	2.5	3	3	3	3	3	0	0	0	0	0	0	0	0	0	0	85	0	0	20	0	0	0	0	11	4
2029	6.5	1	1	12	2.5	2.5	2.5	2.5	2.5	2.5	3	3	3	3	3	3	0	0	0	0	0	0	0	0	0	82	0	0	10	0	0	0	0	12	4
2030	6	3	1	1	9	0	0	0	0	0	0	0	0	0	0	0	0	0	0	0	0	0	0	0	0	0	50	50	0	50	50	1	1	0	4
2031	6	3	1	2	8.5	9.5	0	0	0	0	0	0	0	0	0	0	0	0	0	0	0	0	0	0	0	56	56	56	50	50	50	2	2	2	4
2032	6	3	1	3	7	7.5	8	0	0	0	0	0	0	0	0	0	0	0	0	0	0	0	0	0	0	62	62	62	50	50	50	3	3	3	4
2033	6	3	1	4	5.5	6	6.5	6.5	0	0	0	0	0	0	0	0	0	0	0	0	0	0	0	0	0	68	68	68	50	50	50	4	4	4	4
2034	6	3	1	5	5	5	5.5	5.5	6	0	0	0	0	0	0	0	0	0	0	0	0	0	0	0	0	74	74	74	50	50	50	5	5	5	4
2035	6	3	1	6	4.5	4.5	5	5	5	5	0	0	0	0	0	0	0	0	0	0	0	0	0	0	0	80	80	80	50	50	50	6	6	6	4
2036	6	3	1	7	4	4	4.5	4.5	4.5	4.5	5	0	0	0	0	0	0	0	0	0	0	0	0	0	0	86	86	86	50	50	50	7	7	7	4
2037	6	3	1	8	3.5	3.5	4	4	4	4	4.5	4.5	0	0	0	0	0	0	0	0	0	0	0	0	0	92	92	82	50	50	40	8	8	8	4
2038	6	3	1	9	3	3.5	3.5	3.5	3.5	4	4	4	4	0	0	0	0	0	0	0	0	0	0	0	0	98	98	73	50	50	25	9	9	9	4
2039	6	3	1	10	3	3	3.5	3.5	3.5	3.5	3.5	3.5	3.5	4	0	0	0	0	0	0	0	0	0	0	0	104	104	69	50	50	15	10	10	10	4
2040	6	3	1	11	3	3	3	3	3	3.5	3.5	3.5	3.5	3.5	3.5	0	0	0	0	0	0	0	0	0	0	110	100	0	50	40	0	0	11	11	4
2041	6	3	1	12	2.5	2.5	2.5	3	3	3	3	3	3	3.5	3.5	3.5	0	0	0	0	0	0	0	0	0	116	101	0	50	35	0	0	12	12	4
2042	6	3	1	13	2.5	2.5	2.5	2.5	2.5	3	3	3	3	3	3	3.5	3.5	0	0	0	0	0	0	0	0	112	102	0	40	30	0	0	13	13	4
2043	6	3	1	14	2.5	2.5	2.5	2.5	2.5	2.5	3	3	3	3	3	3	3.5	0	0	0	0	0	0	0	0	108	98	0	30	20	0	0	14	14	4
2044	6	3	1	15	2.5	2.5	2.5	2.5	2.5	2.5	3	3	3	3	3	3	3	0	0	0	0	0	0	0	0	104	94	0	20	10	0	0	15	15	4
2045	6	3	1	16	2.5	2.5	2.5	2.5	2.5	2.5	2.5	3	3	3	3	3	3	3	0	0	0	0	0	0	0	100	0	0	10	0	0	0	0	16	4
2046	6	2	1	1	9	0	0	0	0	0	0	0	0	0	0	0	0	0	0	0	0	0	0	0	0	0	50	50	0	50	50	1	1	0	4
2047	6	2	1	2	7	7.5	0	0	0	0	0	0	0	0	0	0	0	0	0	0	0	0	0	0	0	56	56	56	50	50	50	2	2	2	4
2048	6	2	1	3	5.5	6	6	0	0	0	0	0	0	0	0	0	0	0	0	0	0	0	0	0	0	62	62	62	50	50	50	3	3	3	4
2049	6	2	1	4	5	5	5	5	0	0	0	0	0	0	0	0	0	0	0	0	0	0	0	0	0	68	68	68	50	50	50	4	4	4	4
2050	6	2	1	5	4	4	4.5	4.5	4.5	0	0	0	0	0	0	0	0	0	0	0	0	0	0	0	0	74	74	74	50	50	50	5	5	5	4
2051	6	2	1	6	3.5	3.5	4	4	4	4	0	0	0	0	0	0	0	0	0	0	0	0	0	0	0	80	80	60	50	50	40	6	6	6	4
2052	6	2	1	7	3.5	3.5	3.5	3.5	3.5	3.5	3.5	0	0	0	0	0	0	0	0	0	0	0	0	0	0	86	86	56	50	50	20	7	7	7	4
2053	6	2	1	8	3	3	3	3	3	3.5	3.5	3.5	0	0	0	0	0	0	0	0	0	0	0	0	0	92	92	56	50	50	10	8	8	8	4
2054	6	2	1	9	3	3	3	3	3	3	3	3	3	0	0	0	0	0	0	0	0	0	0	0	0	98	78	0	50	30	0	0	9	9	4
2055	6	2	1	10	2.5	2.5	2.5	3	3	3	3	3	3	3	0	0	0	0	0	0	0	0	0	0	0	94	74	0	40	20	0	0	10	10	4
2056	6	2	1	11	2.5	2.5	2.5	2.5	3	3	3	3	3	3	3	0	0	0	0	0	0	0	0	0	0	90	70	0	30	10	0	0	11	11	4
2057	6	2	1	12	2.5	2.5	2.5	2.5	2.5	2.5	3	3	3	3	3	3	0	0	0	0	0	0	0	0	0	86	0	0	20	0	0	0	0	12	4
2058	6	2	1	13	2.5	2.5	2.5	2.5	2.5	2.5	3	3	3	3	3	3	3	0	0	0	0	0	0	0	0	82	0	0	10	0	0	0	0	13	4
2059	6	1	1	1	9	0	0	0	0	0	0	0	0	0	0	0	0	0	0	0	0	0	0	0	0	0	50	50	0	50	50	1	1	0	4
2060	6	1	1	2	7	7	0	0	0	0	0	0	0	0	0	0	0	0	0	0	0	0	0	0	0	56	56	56	50	50	50	2	2	2	4
2061	6	1	1	3	5.5	5.5	6	0	0	0	0	0	0	0	0	0	0	0	0	0	0	0	0	0	0	62	62	62	50	50	50	3	3	3	4
2062	6	1	1	4	4.5	4.5	4.5	5	0	0	0	0	0	0	0	0	0	0	0	0	0	0	0	0	0	68	68	68	50	50	50	4	4	4	4
2063	6	1	1	5	4	4	4	4	4.5	0	0	0	0	0	0	0	0	0	0	0	0	0	0	0	0	74	74	74	50	50	50	5	5	5	4
2064	6	1	1	6	3.5	3.5	3.5	3.5	4	4	0	0	0	0	0	0	0	0	0	0	0	0	0	0	0	80	80	65	50	50	35	6	6	6	4
2065	6	1	1	7	3	3	3	3	3.5	3.5	3.5	0	0	0	0	0	0	0	0	0	0	0	0	0	0	86	86	51	50	50	15	7	7	7	4
2066	6	1	1	8	3	3	3	3	3	3	3	3	0	0	0	0	0	0	0	0	0	0	0	0	0	92	72	0	50	30	0	0	8	8	4
2067	6	1	1	9	3	3	3	3	3	3	3	3	3	0	0	0	0	0	0	0	0	0	0	0	0	88	68	0	40	20	0	0	9	9	4
2068	6	1	1	10	2.5	2.5	3	3	3	3	3	3	3	3	0	0	0	0	0	0	0	0	0	0	0	84	69	0	30	15	0	0	10	10	4
2069	6	1	1	11	2.5	2.5	2.5	2.5	3	3	3	3	3	3	3	0	0	0	0	0	0	0	0	0	0	80	0	0	20	0	0	0	0	11	4
2070	6	1	1	12	2.5	2.5	2.5	2.5	2.5	3	3	3	3	3	3	3	0	0	0	0	0	0	0	0	0	83	0	0	10	0	0	0	0	12	4
2071	5.5	3	1	1	9	0	0	0	0	0	0	0	0	0	0	0	0	0	0	0	0	0	0	0	0	0	50	50	0	50	50	1	1	0	4
2072	5.5	3	1	2	8.5	9.5	0	0	0	0	0	0	0	0	0	0	0	0	0	0	0	0	0	0	0	55	55	55	50	50	50	2	2	2	4
2073	5.5	3	1	3	7	7.5	8	0	0	0	0	0	0	0	0	0	0	0	0	0	0	0	0	0	0	61	61	61	50	50	50	3	3	3	4
2074	5.5	3	1	4	6	6.5	6.5	6.5	0	0	0	0	0	0	0	0	0	0	0	0	0	0	0	0	0	67	67	67	50	50	50	4	4	4	4
2075	5.5	3	1	5	5	5.5	5.5	6	6	0	0	0	0	0	0	0	0	0	0	0	0	0	0	0	0	72	72	72	50	50	50	5	5	5	4
2076	5.5	3	1	6	4.5	4.5	5	5	5.5	5.5	0	0	0	0	0	0	0	0	0	0	0	0	0	0	0	78	78	78	50	50	50	6	6	6	4
2077	5.5	3	1	7	4	4	4.5	4.5	4.5	5	5	0	0	0	0	0	0	0	0	0	0	0	0	0	0	83	83	83	50	50	50	7	7	7	4
2078	5.5	3	1	8	3.5	3.5	4	4	4	4	4.5	4.5	0	0	0	0	0	0	0	0	0	0	0	0	0	88	88	82	50	50	45	8	8	8	4
2079	5.5	3	1	9	3.5	3.5	3.5	3.5	3.5	4	4	4	4	0	0	0	0	0	0	0	0	0	0	0	0	94	94	74	50	50	30	9	9	9	4
2080	5.5	3	1	10	3	3	3	3.5	3.5	3.5	3.5	3.5	4	4	0	0	0	0	0	0	0	0	0	0	0	99	99	74	50	50	25	10	10	10	4
2081	5.5	3	1	11	3	3	3	3	3	3.5	3.5	3.5	3.5	3.5	3.5	0	0	0	0	0	0	0	0	0	0	105	100	0	50	45	0	0	11	11	4
2082	5.5	3	1	12	2.5	2.5	2.5	3	3	3	3	3	3	3.5	3.5	3.5	0	0	0	0	0	0	0	0	0	110	101	0	50	45	0	0	12	12	4
2083	5.5	3	1	13	2.5	2.5	2.5	2.5	2.5	3	3	3	3	3	3	3.5	3.5	0	0	0	0	0	0	0	0	112	101	0	50	35	0	0	13	13	4
2084	5.5	3	1	14	2.5	2.5	2.5	2.5	2.5	2.5	3	3	3	3	3	3	3.5	0	0	0	0	0	0	0	0	111	96	0	40	25	0	0	14	14	4
2085	5.5	3	1	15	2.5	2.5	2.5	2.5	2.5	2.5	3	3	3	3	3	3	3	0	0	0	0	0	0	0	0	102	97	0	25	20	0	0	15	15	4
2086	5.5	3	1	16	2.5	2.5	2.5	2.5	2.5	2.5	2.5	3	3	3	3	3	3	3	0	0	0	0	0	0	0	102	92	0	20	10	0	0	16	16	4
2087	5.5	2	1	1	9	0	0	0	0	0	0	0	0	0	0	0	0	0	0	0	0	0	0	0	0	0	50	50	0	50	50	1	1	0	4
2088	5.5	2	1	2	7.5	7.5	0	0	0	0	0	0	0	0	0	0	0	0	0	0	0	0	0	0	0	56	56	56	50	50	50	2	2	2	4
2089	5.5	2	1	3	5.5	6	6	0	0	0	0	0	0	0	0	0	0	0	0	0	0	0	0	0	0	61	61	61	50	50	50	3	3	3	4
2090	5.5	2	1	4	5	5	5	5	0	0	0	0	0	0	0	0	0	0	0	0	0	0	0	0	0	67	67	67	50	50	50	4	4	4	4
2091	5.5	2	1	5	4	4.5	4.5	4.5	4.5	0	0	0	0	0	0	0	0	0	0	0	0	0	0	0	0	72	72	72	50	50	50	5	5	5	4
2092	5.5	2	1	6	3.5	4	4	4	4	4	0	0	0	0	0	0	0	0	0	0	0	0	0	0	0	78	78	68	50	50	40	6	6	6	4
2093	5.5	2	1	7	3.5	3.5	3.5	3.5	3.5	3.5	3.5	0	0	0	0	0	0	0	0	0	0	0	0	0	0	83	83	58	50	50	25	7	7	7	4
2094	5.5	2	1	8	3	3	3	3	3.5	3.5	3.5	3.5	0	0	0	0	0	0	0	0	0	0	0	0	0	89	89	59	50	50	20	8	8	8	4
2095	5.5	2	1	9	3	3	3	3	3	3	3	3	3	0	0	0	0	0	0	0	0	0	0	0	0	94	79	0	50	35	0	0	9	9	4
2096	5.5	2	1	10	2.5	2.5	2.5	3	3	3	3	3	3	3	0	0	0	0	0	0	0	0	0	0	0	90	80	0	40	30	0	0	10	10	4
2097	5.5	2	1	11	2.5	2.5	2.5	2.5	2.5	2.5	3	3	3	3	3	0	0	0	0	0	0	0	0	0	0	85	75	0	30	20	0	0	11	11	4
2098	5.5	2	1	12	2.5	2.5	2.5	2.5	2.5	2.5	2.5	3	3	3	3	3	0	0	0	0	0	0	0	0	0	81	71	0	20	10	0	0	12	12	4
2099	5.5	2	1	13	2.5	2.5	2.5	2.5	2.5	2.5	2.5	2.5	3	3	3	3	3	0	0	0	0	0	0	0	0	76	0	0	10	0	0	0	0	13	4
2100	5.5	1	1	1	9	0	0	0	0	0	0	0	0	0	0	0	0	0	0	0	0	0	0	0	0	0	50	50	0	50	50	1	1	0	4
2101	5.5	1	1	2	7	7	0	0	0	0	0	0	0	0	0	0	0	0	0	0	0	0	0	0	0	56	56	56	50	50	50	2	2	2	4
2102	5.5	1	1	3	5.5	5.5	6	0	0	0	0	0	0	0	0	0	0	0	0	0	0	0	0	0	0	61	61	61	50	50	50	3	3	3	4
2103	5.5	1	1	4	4.5	4.5	5	5	0	0	0	0	0	0	0	0	0	0	0	0	0	0	0	0	0	67	67	67	50	50	50	4	4	4	4
2104	5.5	1	1	5	4	4	4	4	4.5	0	0	0	0	0	0	0	0	0	0	0	0	0	0	0	0	72	72	72	50	50	50	5	5	5	4
2105	5.5	1	1	6	3.5	3.5	3.5	3.5	4	4	0	0	0	0	0	0	0	0	0	0	0	0	0	0	0	78	78	63	50	50	35	6	6	6	4
2106	5.5	1	1	7	3	3	3	3.5	3.5	3.5	3.5	0	0	0	0	0	0	0	0	0	0	0	0	0	0	83	83	63	50	50	20	7	7	7	4
2107	5.5	1	1	8	3	3	3	3	3	3	3	3.5	0	0	0	0	0	0	0	0	0	0	0	0	0	89	84	49	50	45	10	8	8	8	4
2108	5.5	1	1	9	3	3	3	3	3	3	3	3	3	0	0	0	0	0	0	0	0	0	0	0	0	84	74	0	40	30	0	0	9	9	4
2109	5.5	1	1	10	2.5	2.5	3	3	3	3	3	3	3	3	0	0	0	0	0	0	0	0	0	0	0	80	70	0	30	20	0	0	10	10	4
2110	5.5	1	1	11	2.5	2.5	2.5	2.5	3	3	3	3	3	3	3	0	0	0	0	0	0	0	0	0	0	75	65	0	20	10	0	0	11	11	4
2111	5.5	1	1	12	2.5	2.5	2.5	2.5	2.5	3	3	3	3	3	3	3	0	0	0	0	0	0	0	0	0	71	0	0	10	0	0	0	0	12	4
2112	5	3	1	1	9	0	0	0	0	0	0	0	0	0	0	0	0	0	0	0	0	0	0	0	0	0	50	50	0	50	50	1	1	0	4
2113	5	3	1	2	8.5	9.5	0	0	0	0	0	0	0	0	0	0	0	0	0	0	0	0	0	0	0	55	55	55	50	50	50	2	2	2	4
2114	5	3	1	3	7	7.5	8	0	0	0	0	0	0	0	0	0	0	0	0	0	0	0	0	0	0	60	60	60	50	50	50	3	3	3	4
2115	5	3	1	4	6	6.5	6.5	6.5	0	0	0	0	0	0	0	0	0	0	0	0	0	0	0	0	0	65	65	65	50	50	50	4	4	4	4
2116	5	3	1	5	5	5	5.5	6	6	0	0	0	0	0	0	0	0	0	0	0	0	0	0	0	0	70	70	70	50	50	50	5	5	5	4
2117	5	3	1	6	4.5	4.5	5	5	5	5.5	0	0	0	0	0	0	0	0	0	0	0	0	0	0	0	75	75	75	50	50	50	6	6	6	4
2118	5	3	1	7	4	4	4.5	4.5	4.5	4.5	5	0	0	0	0	0	0	0	0	0	0	0	0	0	0	80	80	80	50	50	50	7	7	7	4
2119	5	3	1	8	3.5	3.5	4	4	4	4.5	4.5	4.5	0	0	0	0	0	0	0	0	0	0	0	0	0	85	85	85	50	50	50	8	8	8	4
2120	5	3	1	9	3.5	3.5	3.5	3.5	4	4	4	4	4	0	0	0	0	0	0	0	0	0	0	0	0	90	90	80	50	50	40	9	9	9	4
2121	5	3	1	10	3	3	3.5	3.5	3.5	3.5	3.5	3.5	4	4	0	0	0	0	0	0	0	0	0	0	0	95	95	75	50	50	30	10	10	10	4
2122	5	3	1	11	3	3	3	3	3	3	3	3.5	3.5	3.5	3.5	0	0	0	0	0	0	0	0	0	0	100	100	0	50	50	0	0	11	11	4
2123	5	3	1	12	2.5	2.5	3	3	3	3	3	3	3.5	3.5	3.5	3.5	0	0	0	0	0	0	0	0	0	105	105	0	50	50	0	0	12	12	4
2124	5	3	1	13	2.5	2.5	2.5	2.5	3	3	3	3	3	3	3	3.5	3.5	0	0	0	0	0	0	0	0	110	100	0	50	40	0	0	13	13	4
2125	5	3	1	14	2.5	2.5	2.5	2.5	2.5	3	3	3	3	3	3	3	3.5	0	0	0	0	0	0	0	0	105	100	0	40	35	0	0	14	14	4
2126	5	3	1	15	2.5	2.5	2.5	2.5	2.5	2.5	3	3	3	3	3	3	3.5	0	0	0	0	0	0	0	0	100	100	0	30	30	0	0	15	15	4
2127	5	3	1	16	2.5	2.5	2.5	2.5	2.5	2.5	2.5	3	3	3	3	3	3	3	0	0	0	0	0	0	0	95	95	0	20	20	0	0	16	16	4
2128	5	3	1	17	2.5	2.5	2.5	2.5	2.5	2.5	2.5	3	3	3	3	3	3	3	3	0	0	0	0	0	0	90	0	0	10	0	0	0	0	17	4
2129	5	2	1	1	9	0	0	0	0	0	0	0	0	0	0	0	0	0	0	0	0	0	0	0	0	0	50	50	0	50	50	1	1	0	4
2130	5	2	1	2	7.5	7.5	0	0	0	0	0	0	0	0	0	0	0	0	0	0	0	0	0	0	0	55	55	55	50	50	50	2	2	2	4
2131	5	2	1	3	6	6	6	0	0	0	0	0	0	0	0	0	0	0	0	0	0	0	0	0	0	60	60	60	50	50	50	3	3	3	4
2132	5	2	1	4	5	5	5	5	0	0	0	0	0	0	0	0	0	0	0	0	0	0	0	0	0	65	65	65	50	50	50	4	4	4	4
2133	5	2	1	5	4	4.5	4.5	4.5	4.5	0	0	0	0	0	0	0	0	0	0	0	0	0	0	0	0	70	70	70	50	50	50	5	5	5	4
2134	5	2	1	6	3.5	4	4	4	4	4	0	0	0	0	0	0	0	0	0	0	0	0	0	0	0	75	75	75	50	50	50	6	6	6	4
2135	5	2	1	7	3.5	3.5	3.5	3.5	3.5	3.5	4	0	0	0	0	0	0	0	0	0	0	0	0	0	0	80	80	65	50	50	35	7	7	7	4
2136	5	2	1	8	3	3	3	3	3.5	3.5	3.5	3.5	0	0	0	0	0	0	0	0	0	0	0	0	0	85	85	60	50	50	25	8	8	8	4
2137	5	2	1	9	3	3	3	3	3	3	3	3	3.5	0	0	0	0	0	0	0	0	0	0	0	0	90	90	55	50	50	15	9	9	9	4
2138	5	2	1	10	2.5	3	3	3	3	3	3	3	3	3.5	0	0	0	0	0	0	0	0	0	0	0	85	85	55	40	40	10	10	10	10	4
2139	5	2	1	11	2.5	2.5	3	3	3	3	3	3	3	3	3.5	0	0	0	0	0	0	0	0	0	0	80	80	0	30	30	0	0	11	11	4
2140	5	2	1	12	2.5	2.5	2.5	3	3	3	3	3	3	3	3	3.5	0	0	0	0	0	0	0	0	0	75	75	0	20	20	0	0	12	12	4
2141	5	2	1	13	2.5	2.5	2.5	2.5	3	3	3	3	3	3	3	3	3.5	0	0	0	0	0	0	0	0	70	70	0	10	10	0	0	13	13	4
2142	5	1	1	1	9	0	0	0	0	0	0	0	0	0	0	0	0	0	0	0	0	0	0	0	0	0	50	50	0	50	50	1	1	0	4
2143	5	1	1	2	7	7	0	0	0	0	0	0	0	0	0	0	0	0	0	0	0	0	0	0	0	55	55	55	50	50	50	2	2	2	4
2144	5	1	1	3	5.5	5.5	6	0	0	0	0	0	0	0	0	0	0	0	0	0	0	0	0	0	0	60	60	60	50	50	50	3	3	3	4
2145	5	1	1	4	4.5	4.5	5	5	0	0	0	0	0	0	0	0	0	0	0	0	0	0	0	0	0	65	65	65	50	50	50	4	4	4	4
2146	5	1	1	5	4	4	4	4	4.5	0	0	0	0	0	0	0	0	0	0	0	0	0	0	0	0	70	70	70	50	50	50	5	5	5	4
2147	5	1	1	6	3.5	3.5	3.5	3.5	4	4	0	0	0	0	0	0	0	0	0	0	0	0	0	0	0	75	75	65	50	50	40	6	6	6	4
2148	5	1	1	7	3	3	3	3	3.5	3.5	3.5	0	0	0	0	0	0	0	0	0	0	0	0	0	0	80	80	55	50	50	25	7	7	7	4
2149	5	1	1	8	3	3	3	3	3	3	3	3.5	0	0	0	0	0	0	0	0	0	0	0	0	0	85	85	55	50	50	20	8	8	8	4
2150	5	1	1	9	3	3	3	3	3	3	3	3	3	0	0	0	0	0	0	0	0	0	0	0	0	80	80	0	50	50	0	0	9	9	4
2151	5	1	1	10	2.5	3	3	3	3	3	3	3	3	3	0	0	0	0	0	0	0	0	0	0	0	75	75	0	30	30	0	0	10	10	4
2152	5	1	1	11	2.5	2.5	3	3	3	3	3	3	3	3	3	0	0	0	0	0	0	0	0	0	0	70	70	0	20	20	0	0	11	11	4
2153	5	1	1	12	2.5	2.5	2.5	3	3	3	3	3	3	3	3	3	0	0	0	0	0	0	0	0	0	65	65	0	10	10	0	0	12	12	4
2154	4.5	3	1	1	9	0	0	0	0	0	0	0	0	0	0	0	0	0	0	0	0	0	0	0	0	0	50	50	0	50	50	1	1	0	4
2155	4.5	3	1	2	9	9.5	0	0	0	0	0	0	0	0	0	0	0	0	0	0	0	0	0	0	0	55	55	55	50	50	50	2	2	2	4
2156	4.5	3	1	3	7	7.5	8	0	0	0	0	0	0	0	0	0	0	0	0	0	0	0	0	0	0	59	59	59	50	50	50	3	3	3	4
2157	4.5	3	1	4	6	6	6.5	6.5	0	0	0	0	0	0	0	0	0	0	0	0	0	0	0	0	0	64	64	64	50	50	50	4	4	4	4
2158	4.5	3	1	5	5	5	5.5	6	6	0	0	0	0	0	0	0	0	0	0	0	0	0	0	0	0	68	68	68	50	50	50	5	5	5	4
2159	4.5	3	1	6	4.5	4.5	5	5	5	5.5	0	0	0	0	0	0	0	0	0	0	0	0	0	0	0	73	73	73	50	50	50	6	6	6	4
2160	4.5	3	1	7	4	4	4.5	4.5	4.5	5	5	0	0	0	0	0	0	0	0	0	0	0	0	0	0	77	77	77	50	50	50	7	7	7	4
2161	4.5	3	1	8	3.5	4	4	4	4	4.5	4.5	4.5	0	0	0	0	0	0	0	0	0	0	0	0	0	82	82	82	50	50	50	8	8	8	4
2162	4.5	3	1	9	3.5	3.5	3.5	3.5	4	4	4	4	4	0	0	0	0	0	0	0	0	0	0	0	0	86	86	76	50	50	40	9	9	9	4
2163	4.5	3	1	10	3	3	3.5	3.5	3.5	3.5	3.5	4	4	4	0	0	0	0	0	0	0	0	0	0	0	90	90	76	50	50	35	10	10	10	4
2164	4.5	3	1	11	3	3	3	3	3.5	3.5	3.5	3.5	3.5	3.5	3.5	0	0	0	0	0	0	0	0	0	0	95	95	0	50	50	0	0	11	11	4
2165	4.5	3	1	12	3	3	3	3	3	3	3	3.5	3.5	3.5	3.5	3.5	0	0	0	0	0	0	0	0	0	100	100	0	50	50	0	0	12	12	4
2166	4.5	3	1	13	2.5	2.5	2.5	3	3	3	3	3	3	3	3	3.5	3.5	0	0	0	0	0	0	0	0	104	104	0	50	50	0	0	13	13	4
2167	4.5	3	1	14	2.5	2.5	2.5	3	3	3	3	3	3	3	3	3	3	3	0	0	0	0	0	0	0	109	94	0	50	35	0	0	14	14	4
2168	4.5	3	1	15	2.5	2.5	2.5	2.5	2.5	2.5	3	3	3	3	3	3	3	3	3	0	0	0	0	0	0	103	93	0	40	30	0	0	15	15	4
2169	4.5	3	1	16	2.5	2.5	2.5	2.5	2.5	2.5	2.5	3	3	3	3	3	3	3	3	3	0	0	0	0	0	98	98	0	30	30	0	0	16	16	4
2170	4.5	3	1	17	2.5	2.5	2.5	2.5	2.5	2.5	2.5	2.5	3	3	3	3	3	3	3	3	3	0	0	0	0	92	0	0	20	0	0	0	0	17	4
2171	4.5	3	1	18	2.5	2.5	2.5	2.5	2.5	2.5	2.5	2.5	3	3	3	3	3	3	3	3	3	3	0	0	0	87	0	0	10	0	0	0	0	18	4
2172	4.5	2	1	1	9	0	0	0	0	0	0	0	0	0	0	0	0	0	0	0	0	0	0	0	0	0	50	50	0	50	50	1	1	0	4
2173	4.5	2	1	2	7	7.5	0	0	0	0	0	0	0	0	0	0	0	0	0	0	0	0	0	0	0	55	55	55	50	50	50	2	2	2	4
2174	4.5	2	1	3	6	6	6	0	0	0	0	0	0	0	0	0	0	0	0	0	0	0	0	0	0	59	59	59	50	50	50	3	3	3	4
2175	4.5	2	1	4	5	5	5	5	0	0	0	0	0	0	0	0	0	0	0	0	0	0	0	0	0	64	64	64	50	50	50	4	4	4	4
2176	4.5	2	1	5	4	4.5	4.5	4.5	4.5	0	0	0	0	0	0	0	0	0	0	0	0	0	0	0	0	68	68	68	50	50	50	5	5	5	4
2177	4.5	2	1	6	3.5	4	4	4	4	4	0	0	0	0	0	0	0	0	0	0	0	0	0	0	0	73	73	73	50	50	50	6	6	6	4
2178	4.5	2	1	7	3.5	3.5	3.5	3.5	3.5	4	4	0	0	0	0	0	0	0	0	0	0	0	0	0	0	77	77	67	50	50	40	7	7	7	4
2179	4.5	2	1	8	3	3	3	3.5	3.5	3.5	3.5	3.5	0	0	0	0	0	0	0	0	0	0	0	0	0	82	82	62	50	50	30	8	8	8	4
2180	4.5	2	1	9	3	3	3	3	3	3	3	3	3.5	0	0	0	0	0	0	0	0	0	0	0	0	86	86	51	50	50	20	9	9	9	4
2181	4.5	2	1	10	2.5	2.5	2.5	3	3	3	3	3	3	3	0	0	0	0	0	0	0	0	0	0	0	91	91	51	50	50	10	10	10	10	4
2182	4.5	2	1	11	2.5	2.5	2.5	2.5	3	3	3	3	3	3	3	0	0	0	0	0	0	0	0	0	0	85	85	0	40	40	0	0	11	11	4
2183	4.5	2	1	12	2.5	2.5	2.5	2.5	2.5	3	3	3	3	3	3	3	0	0	0	0	0	0	0	0	0	80	80	0	30	30	0	0	12	12	4
2184	4.5	2	1	13	2.5	2.5	2.5	2.5	2.5	2.5	3	3	3	3	3	3	3	0	0	0	0	0	0	0	0	74	74	0	20	20	0	0	13	13	4
2185	4.5	2	1	14	2.5	2.5	2.5	2.5	2.5	2.5	3	3	3	3	3	3	3	3	0	0	0	0	0	0	0	69	69	0	10	10	0	0	14	14	4
2186	4.5	1	1	1	9	0	0	0	0	0	0	0	0	0	0	0	0	0	0	0	0	0	0	0	0	0	50	50	0	50	50	1	1	0	4
2187	4.5	1	1	2	7	7.5	0	0	0	0	0	0	0	0	0	0	0	0	0	0	0	0	0	0	0	55	55	55	50	50	50	2	2	2	4
2188	4.5	1	1	3	5.5	5.5	6	0	0	0	0	0	0	0	0	0	0	0	0	0	0	0	0	0	0	59	59	59	50	50	50	3	3	3	4
2189	4.5	1	1	4	4.5	4.5	5	5	0	0	0	0	0	0	0	0	0	0	0	0	0	0	0	0	0	64	64	64	50	50	50	4	4	4	4
2190	4.5	1	1	5	4	4	4	4	4.5	0	0	0	0	0	0	0	0	0	0	0	0	0	0	0	0	68	68	68	50	50	50	5	5	5	4
2191	4.5	1	1	6	3.5	3.5	3.5	3.5	4	4	0	0	0	0	0	0	0	0	0	0	0	0	0	0	0	73	73	68	50	50	45	6	6	6	4
2192	4.5	1	1	7	3	3	3	3.5	3.5	3.5	3.5	0	0	0	0	0	0	0	0	0	0	0	0	0	0	77	77	62	50	50	35	7	7	7	4
2193	4.5	1	1	8	3	3	3	3	3	3	3	3.5	0	0	0	0	0	0	0	0	0	0	0	0	0	82	82	57	50	50	25	8	8	8	4
2194	4.5	1	1	9	2.5	2.5	3	3	3	3	3	3	3	0	0	0	0	0	0	0	0	0	0	0	0	86	86	46	50	50	10	9	9	9	4
2195	4.5	1	1	10	2.5	2.5	2.5	2.5	3	3	3	3	3	3	0	0	0	0	0	0	0	0	0	0	0	81	81	0	40	40	0	0	10	10	4
2196	4.5	1	1	11	2.5	2.5	2.5	2.5	2.5	3	3	3	3	3	3	0	0	0	0	0	0	0	0	0	0	75	75	0	30	30	0	0	11	11	4
2197	4.5	1	1	12	2.5	2.5	2.5	2.5	2.5	2.5	3	3	3	3	3	3	0	0	0	0	0	0	0	0	0	70	70	0	20	20	0	0	12	12	4
2198	4.5	1	1	13	2.5	2.5	2.5	2.5	2.5	2.5	2.5	3	3	3	3	3	3	0	0	0	0	0	0	0	0	64	64	0	10	10	0	0	13	13	4
2199	4	3	1	1	9	0	0	0	0	0	0	0	0	0	0	0	0	0	0	0	0	0	0	0	0	0	50	50	0	50	50	1	1	0	4
2200	4	3	1	2	9	9.5	0	0	0	0	0	0	0	0	0	0	0	0	0	0	0	0	0	0	0	54	54	54	50	50	50	2	2	2	4
2201	4	3	1	3	7	7.5	8	0	0	0	0	0	0	0	0	0	0	0	0	0	0	0	0	0	0	58	58	58	50	50	50	3	3	3	4
2202	4	3	1	4	6	6.5	6.5	6.5	0	0	0	0	0	0	0	0	0	0	0	0	0	0	0	0	0	62	62	62	50	50	50	4	4	4	4
2203	4	3	1	5	5	5.5	5.5	6	6	0	0	0	0	0	0	0	0	0	0	0	0	0	0	0	0	66	66	66	50	50	50	5	5	5	4
2204	4	3	1	6	4.5	4.5	5	5	5.5	5.5	0	0	0	0	0	0	0	0	0	0	0	0	0	0	0	70	70	70	50	50	50	6	6	6	4
2205	4	3	1	7	4	4.5	4.5	4.5	4.5	5	5	0	0	0	0	0	0	0	0	0	0	0	0	0	0	74	74	74	50	50	50	7	7	7	4
2206	4	3	1	8	4	4	4	4	4.5	4.5	4.5	4.5	0	0	0	0	0	0	0	0	0	0	0	0	0	78	78	78	50	50	50	8	8	8	4
2207	4	3	1	9	3.5	3.5	3.5	4	4	4	4	4	4.5	0	0	0	0	0	0	0	0	0	0	0	0	82	82	82	50	50	50	9	9	9	4
2208	4	3	1	10	3	3.5	3.5	3.5	3.5	3.5	4	4	4	4	0	0	0	0	0	0	0	0	0	0	0	86	86	76	50	50	40	10	10	10	4
2209	4	3	1	11	3	3	3	3.5	3.5	3.5	3.5	3.5	3.5	3.5	4	0	0	0	0	0	0	0	0	0	0	90	90	0	50	50	0	0	11	11	4
2210	4	3	1	12	3	3	3	3	3	3	3.5	3.5	3.5	3.5	3.5	3.5	0	0	0	0	0	0	0	0	0	94	94	0	50	50	0	0	12	12	4
2211	4	3	1	13	2.5	2.5	3	3	3	3	3	3	3	3	3.5	3.5	3.5	0	0	0	0	0	0	0	0	98	98	0	50	50	0	0	13	13	4
2212	4	3	1	14	2.5	2.5	2.5	3	3	3	3	3	3	3	3	3	3	3	0	0	0	0	0	0	0	102	96	0	50	40	0	0	14	14	4
2213	4	3	1	15	2.5	2.5	2.5	2.5	2.5	3	3	3	3	3	3	3	3	3	3	0	0	0	0	0	0	96	91	0	40	35	0	0	15	15	4
2214	4	3	1	16	2.5	2.5	2.5	2.5	2.5	2.5	3	3	3	3	3	3	3	3	3	3	0	0	0	0	0	90	90	0	30	30	0	0	16	16	4
2215	4	3	1	17	2.5	2.5	2.5	2.5	2.5	2.5	2.5	2.5	3	3	3	3	3	3	3	3	3	0	0	0	0	84	0	0	20	0	0	0	0	17	4
2216	4	3	1	18	2.5	2.5	2.5	2.5	2.5	2.5	2.5	2.5	3	3	3	3	3	3	3	3	3	3	0	0	0	78	0	0	10	0	0	0	0	18	4
2217	4	2	1	1	9	0	0	0	0	0	0	0	0	0	0	0	0	0	0	0	0	0	0	0	0	0	50	50	0	50	50	1	1	0	4
2218	4	2	1	2	7.5	7.5	0	0	0	0	0	0	0	0	0	0	0	0	0	0	0	0	0	0	0	54	54	54	50	50	50	2	2	2	4
2219	4	2	1	3	6	6	6	0	0	0	0	0	0	0	0	0	0	0	0	0	0	0	0	0	0	58	58	58	50	50	50	3	3	3	4
2220	4	2	1	4	5	5	5	5.5	0	0	0	0	0	0	0	0	0	0	0	0	0	0	0	0	0	62	62	62	50	50	50	4	4	4	4
2221	4	2	1	5	4.5	4.5	4.5	4.5	4.5	0	0	0	0	0	0	0	0	0	0	0	0	0	0	0	0	66	66	66	50	50	50	5	5	5	4
2222	4	2	1	6	4	4	4	4	4	4	0	0	0	0	0	0	0	0	0	0	0	0	0	0	0	70	70	70	50	50	50	6	6	6	4
2223	4	2	1	7	3.5	3.5	3.5	3.5	3.5	4	4	0	0	0	0	0	0	0	0	0	0	0	0	0	0	74	74	74	50	50	50	7	7	7	4
2224	4	2	1	8	3	3	3.5	3.5	3.5	3.5	3.5	3.5	0	0	0	0	0	0	0	0	0	0	0	0	0	78	78	68	50	50	40	8	8	8	4
2225	4	2	1	9	3	3	3	3	3	3	3	3	3.5	0	0	0	0	0	0	0	0	0	0	0	0	82	82	62	50	50	30	9	9	9	4
2226	4	2	1	10	2.5	2.5	3	3	3	3	3	3	3	3	0	0	0	0	0	0	0	0	0	0	0	86	86	51	50	50	15	10	10	10	4
2227	4	2	1	11	2.5	2.5	2.5	2.5	2.5	2.5	3	3	3	3	3	0	0	0	0	0	0	0	0	0	0	90	90	0	50	50	0	0	11	11	4
2228	4	2	1	12	2.5	2.5	2.5	2.5	2.5	2.5	2.5	3	3	3	3	3	0	0	0	0	0	0	0	0	0	84	84	0	40	40	0	0	12	12	4
2229	4	2	1	13	2.5	2.5	2.5	2.5	2.5	2.5	2.5	2.5	3	3	3	3	3	0	0	0	0	0	0	0	0	78	78	0	30	30	0	0	13	13	4
2230	4	2	1	14	2.5	2.5	2.5	2.5	2.5	2.5	2.5	2.5	3	3	3	3	3	3	0	0	0	0	0	0	0	72	72	0	20	20	0	0	14	14	4
2231	4	2	1	15	2.5	2.5	2.5	2.5	2.5	2.5	2.5	2.5	3	3	3	3	3	3	3	0	0	0	0	0	0	66	66	0	10	10	0	0	15	15	4
2232	4	1	1	1	9	0	0	0	0	0	0	0	0	0	0	0	0	0	0	0	0	0	0	0	0	0	50	50	0	50	50	1	1	0	4
2233	4	1	1	2	7	7	0	0	0	0	0	0	0	0	0	0	0	0	0	0	0	0	0	0	0	54	54	54	50	50	50	2	2	2	4
2234	4	1	1	3	5.5	5.5	5.5	0	0	0	0	0	0	0	0	0	0	0	0	0	0	0	0	0	0	58	58	58	50	50	50	3	3	3	4
2235	4	1	1	4	4.5	4.5	5	5	0	0	0	0	0	0	0	0	0	0	0	0	0	0	0	0	0	62	62	62	50	50	50	4	4	4	4
2236	4	1	1	5	4	4	4	4.5	4.5	0	0	0	0	0	0	0	0	0	0	0	0	0	0	0	0	66	66	66	50	50	50	5	5	5	4
2237	4	1	1	6	3.5	3.5	3.5	3.5	4	4	0	0	0	0	0	0	0	0	0	0	0	0	0	0	0	70	70	70	50	50	50	6	6	6	4
2238	4	1	1	7	3	3	3.5	3.5	3.5	3.5	3.5	0	0	0	0	0	0	0	0	0	0	0	0	0	0	74	74	64	50	50	40	7	7	7	4
2239	4	1	1	8	3	3	3	3	3	3	3.5	3.5	0	0	0	0	0	0	0	0	0	0	0	0	0	78	78	58	50	50	30	8	8	8	4
2240	4	1	1	9	2.5	2.5	3	3	3	3	3	3	3	0	0	0	0	0	0	0	0	0	0	0	0	82	82	52	50	50	20	9	9	9	4
2241	4	1	1	10	2.5	2.5	2.5	3	3	3	3	3	3	3	0	0	0	0	0	0	0	0	0	0	0	76	76	46	40	40	10	10	10	10	4
2242	4	1	1	11	2.5	2.5	2.5	2.5	3	3	3	3	3	3	3	0	0	0	0	0	0	0	0	0	0	70	70	0	30	30	0	0	11	11	4
2243	4	1	1	12	2.5	2.5	2.5	2.5	3	3	3	3	3	3	3	3	0	0	0	0	0	0	0	0	0	64	64	0	20	20	0	0	12	12	4
2244	4	1	1	13	2.5	2.5	2.5	2.5	2.5	2.5	2.5	2.5	3	3	3	3	3	0	0	0	0	0	0	0	0	63	63	0	15	15	0	0	13	13	4
2245	4	1	1	14	2.5	2.5	2.5	2.5	2.5	2.5	2.5	2.5	2.5	3	3	3	3	3	0	0	0	0	0	0	0	62	62	0	10	10	0	0	14	14	4
2246	3.5	3	1	1	9	0	0	0	0	0	0	0	0	0	0	0	0	0	0	0	0	0	0	0	0	0	50	50	0	50	50	1	1	0	4
2247	3.5	3	1	2	9	9.5	0	0	0	0	0	0	0	0	0	0	0	0	0	0	0	0	0	0	0	54	54	54	50	50	50	2	2	2	4
2248	3.5	3	1	3	7	7.5	8	0	0	0	0	0	0	0	0	0	0	0	0	0	0	0	0	0	0	57	57	57	50	50	50	3	3	3	4
2249	3.5	3	1	4	6	6.5	6.5	7	0	0	0	0	0	0	0	0	0	0	0	0	0	0	0	0	0	61	61	61	50	50	50	4	4	4	4
2250	3.5	3	1	5	5	5.5	5.5	6	6	0	0	0	0	0	0	0	0	0	0	0	0	0	0	0	0	64	64	64	50	50	50	5	5	5	4
2251	3.5	3	1	6	4.5	5	5	5	5.5	5.5	0	0	0	0	0	0	0	0	0	0	0	0	0	0	0	68	68	68	50	50	50	6	6	6	4
2252	3.5	3	1	7	4	4.5	4.5	4.5	4.5	5	5	0	0	0	0	0	0	0	0	0	0	0	0	0	0	71	71	71	50	50	50	7	7	7	4
2253	3.5	3	1	8	4	4	4	4	4.5	4.5	4.5	4.5	0	0	0	0	0	0	0	0	0	0	0	0	0	75	75	75	50	50	50	8	8	8	4
2254	3.5	3	1	9	3.5	3.5	4	4	4	4	4	4.5	4.5	0	0	0	0	0	0	0	0	0	0	0	0	78	78	78	50	50	50	9	9	9	4
2255	3.5	3	1	10	3	3.5	3.5	3.5	3.5	4	4	4	4	4	0	0	0	0	0	0	0	0	0	0	0	82	82	82	50	50	50	10	10	10	4
2256	3.5	3	1	11	3	3	3.5	3.5	3.5	3.5	3.5	3.5	3.5	3.5	4	0	0	0	0	0	0	0	0	0	0	85	85	0	50	50	0	0	11	11	4
2257	3.5	3	1	12	3	3	3	3	3	3	3.5	3.5	3.5	3.5	3.5	3.5	0	0	0	0	0	0	0	0	0	89	89	0	50	50	0	0	12	12	4
2258	3.5	3	1	13	2.5	3	3	3	3	3	3	3	3	3.5	3.5	3.5	3.5	0	0	0	0	0	0	0	0	92	92	0	50	50	0	0	13	13	4
2259	3.5	3	1	14	2.5	2.5	2.5	3	3	3	3	3	3	3	3	3	3.5	0	0	0	0	0	0	0	0	96	96	0	50	50	0	0	14	14	4
2260	3.5	3	1	15	2.5	2.5	2.5	2.5	2.5	3	3	3	3	3	3	3	3	3	3	0	0	0	0	0	0	99	99	0	50	50	0	0	15	15	4
2261	3.5	3	1	16	2.5	2.5	2.5	2.5	2.5	2.5	2.5	2.5	3	3	3	3	3	3	3	3	0	0	0	0	0	103	98	0	50	45	0	0	16	16	4
2262	3.5	3	1	17	2.5	2.5	2.5	2.5	2.5	2.5	2.5	2.5	2.5	3	3	3	3	3	3	3	3	0	0	0	0	96	0	0	40	0	0	0	0	17	4
2263	3.5	3	1	18	2.5	2.5	2.5	2.5	2.5	2.5	2.5	2.5	2.5	3	3	3	3	3	3	3	3	3	0	0	0	90	0	0	30	0	0	0	0	18	4
2264	3.5	2	1	1	9	0	0	0	0	0	0	0	0	0	0	0	0	0	0	0	0	0	0	0	0	0	50	50	0	50	50	1	1	0	4
2265	3.5	2	1	2	7.5	8	0	0	0	0	0	0	0	0	0	0	0	0	0	0	0	0	0	0	0	54	54	54	50	50	50	2	2	2	4
2266	3.5	2	1	3	6	6	6.5	0	0	0	0	0	0	0	0	0	0	0	0	0	0	0	0	0	0	57	57	57	50	50	50	3	3	3	4
2267	3.5	2	1	4	5	5	5.5	5.5	0	0	0	0	0	0	0	0	0	0	0	0	0	0	0	0	0	61	61	61	50	50	50	4	4	4	4
2268	3.5	2	1	5	4.5	4.5	4.5	4.5	5	0	0	0	0	0	0	0	0	0	0	0	0	0	0	0	0	64	64	64	50	50	50	5	5	5	4
2269	3.5	2	1	6	4	4	4	4	4.5	4.5	0	0	0	0	0	0	0	0	0	0	0	0	0	0	0	68	68	68	50	50	50	6	6	6	4
2270	3.5	2	1	7	3.5	3.5	3.5	4	4	4	4	0	0	0	0	0	0	0	0	0	0	0	0	0	0	71	71	71	50	50	50	7	7	7	4
2271	3.5	2	1	8	3.5	3.5	3.5	3.5	3.5	3.5	3.5	3.5	0	0	0	0	0	0	0	0	0	0	0	0	0	75	75	70	50	50	45	8	8	8	4
2272	3.5	2	1	9	3	3	3	3	3	3	3.5	3.5	3.5	0	0	0	0	0	0	0	0	0	0	0	0	78	78	68	50	50	40	9	9	9	4
2273	3.5	2	1	10	3	3	3	3	3	3	3	3	3	3	0	0	0	0	0	0	0	0	0	0	0	82	82	57	50	50	25	10	10	10	4
2274	3.5	2	1	11	2.5	2.5	2.5	3	3	3	3	3	3	3	3	0	0	0	0	0	0	0	0	0	0	85	85	0	50	50	0	0	11	11	4
2275	3.5	2	1	12	2.5	2.5	2.5	2.5	3	3	3	3	3	3	3	3	0	0	0	0	0	0	0	0	0	79	79	0	40	40	0	0	12	12	4
2276	3.5	2	1	13	2.5	2.5	2.5	2.5	2.5	3	3	3	3	3	3	3	3	0	0	0	0	0	0	0	0	72	72	0	30	30	0	0	13	13	4
2277	3.5	2	1	14	2.5	2.5	2.5	2.5	2.5	2.5	3	3	3	3	3	3	3	3	0	0	0	0	0	0	0	71	71	0	25	25	0	0	14	14	4
2278	3.5	2	1	15	2.5	2.5	2.5	2.5	2.5	2.5	2.5	3	3	3	3	3	3	3	3	0	0	0	0	0	0	64	64	0	15	15	0	0	15	15	4
2279	3.5	2	1	16	2.5	2.5	2.5	2.5	2.5	2.5	2.5	2.5	3	3	3	3	3	3	3	3	0	0	0	0	0	63	63	0	10	10	0	0	16	16	4
2280	3.5	1	1	1	9	0	0	0	0	0	0	0	0	0	0	0	0	0	0	0	0	0	0	0	0	0	50	50	0	50	50	1	1	0	4
2281	3.5	1	1	2	7	7.5	0	0	0	0	0	0	0	0	0	0	0	0	0	0	0	0	0	0	0	54	54	54	50	50	50	2	2	2	4
2282	3.5	1	1	3	5.5	5.5	6	0	0	0	0	0	0	0	0	0	0	0	0	0	0	0	0	0	0	57	57	57	50	50	50	3	3	3	4
2283	3.5	1	1	4	4.5	4.5	5	5	0	0	0	0	0	0	0	0	0	0	0	0	0	0	0	0	0	61	61	61	50	50	50	4	4	4	4
2284	3.5	1	1	5	4	4	4	4.5	4.5	0	0	0	0	0	0	0	0	0	0	0	0	0	0	0	0	64	64	64	50	50	50	5	5	5	4
2285	3.5	1	1	6	3.5	3.5	4	4	4	4	0	0	0	0	0	0	0	0	0	0	0	0	0	0	0	68	68	68	50	50	50	6	6	6	4
2286	3.5	1	1	7	3	3.5	3.5	3.5	3.5	3.5	3.5	0	0	0	0	0	0	0	0	0	0	0	0	0	0	71	71	66	50	50	45	7	7	7	4
2287	3.5	1	1	8	3	3	3	3	3	3.5	3.5	3.5	0	0	0	0	0	0	0	0	0	0	0	0	0	75	75	65	50	50	40	8	8	8	4
2288	3.5	1	1	9	3	3	3	3	3	3	3	3	3	0	0	0	0	0	0	0	0	0	0	0	0	78	78	58	50	50	30	9	9	9	4
2289	3.5	1	1	10	2.5	2.5	2.5	2.5	3	3	3	3	3	3	0	0	0	0	0	0	0	0	0	0	0	82	82	57	50	50	25	10	10	10	4
2290	3.5	1	1	11	2.5	2.5	2.5	2.5	2.5	3	3	3	3	3	3	0	0	0	0	0	0	0	0	0	0	75	75	0	40	40	0	0	11	11	4
2291	3.5	1	1	12	2.5	2.5	2.5	2.5	2.5	2.5	3	3	3	3	3	3	0	0	0	0	0	0	0	0	0	69	69	0	30	30	0	0	12	12	4
2292	3.5	1	1	13	2.5	2.5	2.5	2.5	2.5	2.5	3	3	3	3	3	3	3	0	0	0	0	0	0	0	0	62	62	0	20	20	0	0	13	13	4
2293	3.5	1	1	14	2.5	2.5	2.5	2.5	2.5	2.5	2.5	2.5	3	3	3	3	3	3	0	0	0	0	0	0	0	61	61	0	15	15	0	0	14	14	4
2294	3.5	1	1	15	2.5	2.5	2.5	2.5	2.5	2.5	2.5	2.5	2.5	2.5	3	3	3	3	3	0	0	0	0	0	0	59	59	0	10	10	0	0	15	15	4
2295	3	3	1	1	9	0	0	0	0	0	0	0	0	0	0	0	0	0	0	0	0	0	0	0	0	0	50	50	0	50	50	1	1	0	4
2296	3	3	1	2	9	9.5	0	0	0	0	0	0	0	0	0	0	0	0	0	0	0	0	0	0	0	53	53	53	50	50	50	2	2	2	4
2297	3	3	1	3	7	7.5	8	0	0	0	0	0	0	0	0	0	0	0	0	0	0	0	0	0	0	56	56	56	50	50	50	3	3	3	4
2298	3	3	1	4	6	6.5	6.5	7	0	0	0	0	0	0	0	0	0	0	0	0	0	0	0	0	0	59	59	59	50	50	50	4	4	4	4
2299	3	3	1	5	5	5.5	5.5	6	6	0	0	0	0	0	0	0	0	0	0	0	0	0	0	0	0	62	62	62	50	50	50	5	5	5	4
2300	3	3	1	6	4.5	5	5	5	5.5	5.5	0	0	0	0	0	0	0	0	0	0	0	0	0	0	0	65	65	65	50	50	50	6	6	6	4
2301	3	3	1	7	4	4.5	4.5	4.5	4.5	5	5	0	0	0	0	0	0	0	0	0	0	0	0	0	0	68	68	68	50	50	50	7	7	7	4
2302	3	3	1	8	4	4	4	4	4.5	4.5	4.5	4.5	0	0	0	0	0	0	0	0	0	0	0	0	0	71	71	71	50	50	50	8	8	8	4
2303	3	3	1	9	3.5	3.5	4	4	4	4	4	4.5	4.5	0	0	0	0	0	0	0	0	0	0	0	0	74	74	74	50	50	50	9	9	9	4
2304	3	3	1	10	3.5	3.5	3.5	3.5	3.5	4	4	4	4	4	0	0	0	0	0	0	0	0	0	0	0	77	77	77	50	50	50	10	10	10	4
2305	3	3	1	11	3	3.5	3.5	3.5	3.5	3.5	3.5	3.5	4	4	4	0	0	0	0	0	0	0	0	0	0	80	80	0	50	50	0	0	11	11	4
2306	3	3	1	12	3	3	3	3	3.5	3.5	3.5	3.5	3.5	3.5	3.5	3.5	0	0	0	0	0	0	0	0	0	83	83	0	50	50	0	0	12	12	4
2307	3	3	1	13	3	3	3	3	3	3	3	3	3.5	3.5	3.5	3.5	3.5	0	0	0	0	0	0	0	0	86	86	0	50	50	0	0	13	13	4
2308	3	3	1	14	2.5	2.5	3	3	3	3	3	3	3	3	3	3	3.5	0	0	0	0	0	0	0	0	89	89	0	50	50	0	0	14	14	4
2309	3	3	1	15	2.5	2.5	2.5	3	3	3	3	3	3	3	3	3	3	0	0	0	0	0	0	0	0	92	92	0	50	50	0	0	15	15	4
2310	3	3	1	16	2.5	2.5	2.5	2.5	2.5	2.5	3	3	3	3	3	3	3	3	3	3	0	0	0	0	0	95	95	0	50	45	0	0	16	16	4
2311	3	3	1	17	2.5	2.5	2.5	2.5	2.5	2.5	2.5	3	3	3	3	3	3	3	3	3	3	0	0	0	0	88	0	0	40	0	0	0	0	17	4
2312	3	3	1	18	2.5	2.5	2.5	2.5	2.5	2.5	2.5	3	3	3	3	3	3	3	3	3	3	3	0	0	0	81	0	0	30	0	0	0	0	18	4
2313	3	2	1	1	9	0	0	0	0	0	0	0	0	0	0	0	0	0	0	0	0	0	0	0	0	0	50	50	0	50	50	1	1	0	4
2314	3	2	1	2	7.5	8	0	0	0	0	0	0	0	0	0	0	0	0	0	0	0	0	0	0	0	53	53	53	50	50	50	2	2	2	4
2315	3	2	1	3	6	6	6.5	0	0	0	0	0	0	0	0	0	0	0	0	0	0	0	0	0	0	56	56	56	50	50	50	3	3	3	4
2316	3	2	1	4	5	5	5.5	5.5	0	0	0	0	0	0	0	0	0	0	0	0	0	0	0	0	0	59	59	59	50	50	50	4	4	4	4
2317	3	2	1	5	4.5	4.5	4.5	4.5	5	0	0	0	0	0	0	0	0	0	0	0	0	0	0	0	0	62	62	62	50	50	50	5	5	5	4
2318	3	2	1	6	4	4	4	4	4.5	4.5	0	0	0	0	0	0	0	0	0	0	0	0	0	0	0	65	65	65	50	50	50	6	6	6	4
2319	3	2	1	7	3.5	3.5	3.5	4	4	4	4	0	0	0	0	0	0	0	0	0	0	0	0	0	0	68	68	68	50	50	50	7	7	7	4
2320	3	2	1	8	3.5	3.5	3.5	3.5	3.5	3.5	3.5	3.5	0	0	0	0	0	0	0	0	0	0	0	0	0	71	71	71	50	50	50	8	8	8	4
2321	3	2	1	9	3	3	3	3	3	3.5	3.5	3.5	3.5	0	0	0	0	0	0	0	0	0	0	0	0	74	74	74	50	50	50	9	9	9	4
2322	3	2	1	10	3	3	3	3	3	3	3	3	3	3.5	0	0	0	0	0	0	0	0	0	0	0	77	77	67	50	50	40	10	10	10	4
2323	3	2	1	11	3	3	3	3	3	3	3	3	3	3	3	0	0	0	0	0	0	0	0	0	0	70	70	0	40	40	0	0	11	11	4
2324	3	2	1	12	2.5	2.5	3	3	3	3	3	3	3	3	3	3	0	0	0	0	0	0	0	0	0	68	68	0	35	35	0	0	12	12	4
2325	3	2	1	13	2.5	2.5	2.5	2.5	3	3	3	3	3	3	3	3	3	0	0	0	0	0	0	0	0	66	66	0	30	30	0	0	13	13	4
2326	3	2	1	14	2.5	2.5	2.5	2.5	2.5	2.5	3	3	3	3	3	3	3	3	0	0	0	0	0	0	0	64	64	0	25	25	0	0	14	14	4
2327	3	2	1	15	2.5	2.5	2.5	2.5	2.5	2.5	2.5	2.5	3	3	3	3	3	3	3	0	0	0	0	0	0	62	62	0	20	20	0	0	15	15	4
2328	3	2	1	16	2.5	2.5	2.5	2.5	2.5	2.5	2.5	2.5	2.5	2.5	3	3	3	3	3	3	0	0	0	0	0	60	60	0	15	15	0	0	16	16	4
2329	3	2	1	17	2.5	2.5	2.5	2.5	2.5	2.5	2.5	2.5	2.5	2.5	2.5	3	3	3	3	3	3	0	0	0	0	58	0	0	10	0	0	0	0	17	4
2330	3	1	1	1	9	0	0	0	0	0	0	0	0	0	0	0	0	0	0	0	0	0	0	0	0	0	50	50	0	50	50	1	1	0	4
2331	3	1	1	2	7	7	0	0	0	0	0	0	0	0	0	0	0	0	0	0	0	0	0	0	0	53	53	53	50	50	50	2	2	2	4
2332	3	1	1	3	5.5	5.5	6	0	0	0	0	0	0	0	0	0	0	0	0	0	0	0	0	0	0	56	56	56	50	50	50	3	3	3	4
2333	3	1	1	4	4.5	5	5	5	0	0	0	0	0	0	0	0	0	0	0	0	0	0	0	0	0	59	59	59	50	50	50	4	4	4	4
2334	3	1	1	5	4	4	4	4.5	4.5	0	0	0	0	0	0	0	0	0	0	0	0	0	0	0	0	62	62	62	50	50	50	5	5	5	4
2335	3	1	1	6	3.5	3.5	3.5	4	4	4	0	0	0	0	0	0	0	0	0	0	0	0	0	0	0	65	65	65	50	50	50	6	6	6	4
2336	3	1	1	7	3.5	3.5	3.5	3.5	3.5	3.5	3.5	0	0	0	0	0	0	0	0	0	0	0	0	0	0	68	68	68	50	50	50	7	7	7	4
2337	3	1	1	8	3	3	3	3	3	3.5	3.5	3.5	0	0	0	0	0	0	0	0	0	0	0	0	0	71	71	71	50	50	50	8	8	8	4
2338	3	1	1	9	3	3	3	3	3	3	3	3	3.5	0	0	0	0	0	0	0	0	0	0	0	0	69	69	64	45	45	40	9	9	9	4
2339	3	1	1	10	3	3	3	3	3	3	3	3	3	3	0	0	0	0	0	0	0	0	0	0	0	67	67	57	40	40	30	10	10	10	4
2340	3	1	1	11	2.5	2.5	2.5	3	3	3	3	3	3	3	3	0	0	0	0	0	0	0	0	0	0	62	62	0	35	35	0	0	11	11	4
2341	3	1	1	12	2.5	2.5	2.5	2.5	2.5	3	3	3	3	3	3	3	0	0	0	0	0	0	0	0	0	63	63	0	30	30	0	0	12	12	4
2342	3	1	1	13	2.5	2.5	2.5	2.5	2.5	2.5	2.5	3	3	3	3	3	3	0	0	0	0	0	0	0	0	61	61	0	25	25	0	0	13	13	4
2343	3	1	1	14	2.5	2.5	2.5	2.5	2.5	2.5	2.5	2.5	2.5	3	3	3	3	3	0	0	0	0	0	0	0	59	59	0	20	20	0	0	14	14	4
2344	3	1	1	15	2.5	2.5	2.5	2.5	2.5	2.5	2.5	2.5	2.5	2.5	2.5	3	3	3	3	0	0	0	0	0	0	57	57	0	15	15	0	0	15	15	4
2345	3	1	1	16	2.5	2.5	2.5	2.5	2.5	2.5	2.5	2.5	2.5	2.5	2.5	2.5	3	3	3	3	0	0	0	0	0	55	55	0	10	10	0	0	16	16	4
2346	2.5	3	1	1	9	0	0	0	0	0	0	0	0	0	0	0	0	0	0	0	0	0	0	0	0	0	50	50	0	50	50	1	1	0	4
2347	2.5	3	1	2	9	9.5	0	0	0	0	0	0	0	0	0	0	0	0	0	0	0	0	0	0	0	53	53	53	50	50	50	2	2	2	4
2348	2.5	3	1	3	7.5	8	8	0	0	0	0	0	0	0	0	0	0	0	0	0	0	0	0	0	0	55	55	55	50	50	50	3	3	3	4
2349	2.5	3	1	4	6	6.5	6.5	7	0	0	0	0	0	0	0	0	0	0	0	0	0	0	0	0	0	58	58	58	50	50	50	4	4	4	4
2350	2.5	3	1	5	5.5	5.5	6	6	6	0	0	0	0	0	0	0	0	0	0	0	0	0	0	0	0	60	60	60	50	50	50	5	5	5	4
2351	2.5	3	1	6	5	5	5	5.5	5.5	5.5	0	0	0	0	0	0	0	0	0	0	0	0	0	0	0	63	63	63	50	50	50	6	6	6	4
2352	2.5	3	1	7	4.5	4.5	4.5	5	5	5	5	0	0	0	0	0	0	0	0	0	0	0	0	0	0	65	65	65	50	50	50	7	7	7	4
2353	2.5	3	1	8	4	4	4.5	4.5	4.5	4.5	4.5	5	0	0	0	0	0	0	0	0	0	0	0	0	0	68	68	68	50	50	50	8	8	8	4
2354	2.5	3	1	9	4	4	4	4	4	4	4	4.5	4.5	0	0	0	0	0	0	0	0	0	0	0	0	70	70	70	50	50	50	9	9	9	4
2355	2.5	3	1	10	3.5	3.5	4	4	4	4	4	4	4	4	0	0	0	0	0	0	0	0	0	0	0	73	73	73	50	50	50	10	10	10	4
2356	2.5	3	1	11	3.5	3.5	3.5	3.5	3.5	3.5	3.5	4	4	4	4	0	0	0	0	0	0	0	0	0	0	75	75	0	50	50	0	0	11	11	4
2357	2.5	3	1	12	3	3	3.5	3.5	3.5	3.5	3.5	3.5	3.5	3.5	3.5	3.5	0	0	0	0	0	0	0	0	0	78	78	0	50	50	0	0	12	12	4
2358	2.5	3	1	13	3	3	3	3	3	3	3.5	3.5	3.5	3.5	3.5	3.5	3.5	0	0	0	0	0	0	0	0	80	80	0	50	50	0	0	13	13	4
2359	2.5	3	1	14	3	3	3	3	3	3	3	3	3	3	3.5	3.5	3.5	0	0	0	0	0	0	0	0	83	83	0	50	50	0	0	14	14	4
2360	2.5	3	1	15	2.5	2.5	3	3	3	3	3	3	3	3	3	3	3.5	0	0	0	0	0	0	0	0	85	85	0	50	50	0	0	15	15	4
2361	2.5	3	1	16	2.5	2.5	2.5	2.5	2.5	3	3	3	3	3	3	3	3	3	3	3	0	0	0	0	0	88	88	0	50	50	0	0	16	16	4
2362	2.5	3	1	17	2.5	2.5	2.5	2.5	2.5	2.5	2.5	2.5	3	3	3	3	3	3	3	3	3	0	0	0	0	90	0	0	50	0	0	0	0	17	4
2363	2.5	3	1	18	2.5	2.5	2.5	2.5	2.5	2.5	2.5	2.5	3	3	3	3	3	3	3	3	3	3	0	0	0	83	0	0	40	0	0	0	0	18	4
2364	2.5	2	1	1	9	0	0	0	0	0	0	0	0	0	0	0	0	0	0	0	0	0	0	0	0	0	50	50	0	50	50	1	1	0	4
2365	2.5	2	1	2	7.5	7.5	0	0	0	0	0	0	0	0	0	0	0	0	0	0	0	0	0	0	0	53	53	53	50	50	50	2	2	2	4
2366	2.5	2	1	3	6	6	6	0	0	0	0	0	0	0	0	0	0	0	0	0	0	0	0	0	0	55	55	55	50	50	50	3	3	3	4
2367	2.5	2	1	4	5	5	5	5.5	0	0	0	0	0	0	0	0	0	0	0	0	0	0	0	0	0	58	58	58	50	50	50	4	4	4	4
2368	2.5	2	1	5	4.5	4.5	4.5	4.5	5	0	0	0	0	0	0	0	0	0	0	0	0	0	0	0	0	60	60	60	50	50	50	5	5	5	4
2369	2.5	2	1	6	4	4	4	4	4	4.5	0	0	0	0	0	0	0	0	0	0	0	0	0	0	0	63	63	63	50	50	50	6	6	6	4
2370	2.5	2	1	7	3.5	3.5	3.5	3.5	4	4	4	0	0	0	0	0	0	0	0	0	0	0	0	0	0	65	65	65	50	50	50	7	7	7	4
2371	2.5	2	1	8	3.5	3.5	3.5	3.5	3.5	3.5	3.5	3.5	0	0	0	0	0	0	0	0	0	0	0	0	0	68	68	68	50	50	50	8	8	8	4
2372	2.5	2	1	9	3	3	3	3	3	3.5	3.5	3.5	3.5	0	0	0	0	0	0	0	0	0	0	0	0	70	70	70	50	50	50	9	9	9	4
2373	2.5	2	1	10	3	3	3	3	3	3	3	3	3.5	3.5	0	0	0	0	0	0	0	0	0	0	0	68	68	68	45	45	45	10	10	10	4
2374	2.5	2	1	11	3	3	3	3	3	3	3	3	3	3	3.5	0	0	0	0	0	0	0	0	0	0	65	65	0	40	40	0	0	11	11	4
2375	2.5	2	1	12	2.5	3	3	3	3	3	3	3	3	3	3	3	0	0	0	0	0	0	0	0	0	63	63	0	35	35	0	0	12	12	4
2376	2.5	2	1	13	2.5	2.5	2.5	3	3	3	3	3	3	3	3	3	3	0	0	0	0	0	0	0	0	60	60	0	30	30	0	0	13	13	4
2377	2.5	2	1	14	2.5	2.5	2.5	2.5	2.5	3	3	3	3	3	3	3	3	3	0	0	0	0	0	0	0	58	58	0	25	25	0	0	14	14	4
2378	2.5	2	1	15	2.5	2.5	2.5	2.5	2.5	2.5	3	3	3	3	3	3	3	3	3	0	0	0	0	0	0	55	55	0	20	20	0	0	15	15	4
2379	2.5	2	1	16	2.5	2.5	2.5	2.5	2.5	2.5	2.5	2.5	3	3	3	3	3	3	3	3	0	0	0	0	0	53	53	0	15	15	0	0	16	16	4
2380	2.5	2	1	17	2.5	2.5	2.5	2.5	2.5	2.5	2.5	2.5	2.5	2.5	3	3	3	3	3	3	3	0	0	0	0	50	0	0	10	0	0	0	0	17	4
2381	2.5	1	1	1	9	0	0	0	0	0	0	0	0	0	0	0	0	0	0	0	0	0	0	0	0	0	50	50	0	50	50	1	1	0	4
2382	2.5	1	1	2	7	7	0	0	0	0	0	0	0	0	0	0	0	0	0	0	0	0	0	0	0	53	53	53	50	50	50	2	2	2	4
2383	2.5	1	1	3	5.5	5.5	6	0	0	0	0	0	0	0	0	0	0	0	0	0	0	0	0	0	0	55	55	55	50	50	50	3	3	3	4
2384	2.5	1	1	4	4.5	4.5	5	5	0	0	0	0	0	0	0	0	0	0	0	0	0	0	0	0	0	58	58	58	50	50	50	4	4	4	4
2385	2.5	1	1	5	4	4	4	4.5	4.5	0	0	0	0	0	0	0	0	0	0	0	0	0	0	0	0	60	60	60	50	50	50	5	5	5	4
2386	2.5	1	1	6	3.5	3.5	4	4	4	4	0	0	0	0	0	0	0	0	0	0	0	0	0	0	0	63	63	63	50	50	50	6	6	6	4
2387	2.5	1	1	7	3.5	3.5	3.5	3.5	3.5	3.5	3.5	0	0	0	0	0	0	0	0	0	0	0	0	0	0	65	65	65	50	50	50	7	7	7	4
2388	2.5	1	1	8	3	3	3	3	3.5	3.5	3.5	3.5	0	0	0	0	0	0	0	0	0	0	0	0	0	68	68	68	50	50	50	8	8	8	4
2389	2.5	1	1	9	3	3	3	3	3	3	3	3.5	3.5	0	0	0	0	0	0	0	0	0	0	0	0	65	65	65	45	45	45	9	9	9	4
2390	2.5	1	1	10	3	3	3	3	3	3	3	3	3	3.5	0	0	0	0	0	0	0	0	0	0	0	63	63	63	40	40	40	10	10	10	4
2391	2.5	1	1	11	2.5	3	3	3	3	3	3	3	3	3	3	0	0	0	0	0	0	0	0	0	0	60	60	0	35	35	0	0	11	11	4
2392	2.5	1	1	12	2.5	2.5	2.5	3	3	3	3	3	3	3	3	3	0	0	0	0	0	0	0	0	0	58	58	0	30	30	0	0	12	12	4
2393	2.5	1	1	13	2.5	2.5	2.5	2.5	2.5	3	3	3	3	3	3	3	3	0	0	0	0	0	0	0	0	55	55	0	25	25	0	0	13	13	4
2394	2.5	1	1	14	2.5	2.5	2.5	2.5	2.5	2.5	2.5	3	3	3	3	3	3	3	0	0	0	0	0	0	0	53	53	0	20	20	0	0	14	14	4
2395	2.5	1	1	15	2.5	2.5	2.5	2.5	2.5	2.5	2.5	2.5	3	3	3	3	3	3	3	0	0	0	0	0	0	50	50	0	15	15	0	0	15	15	4
2396	2.5	1	1	16	2.5	2.5	2.5	2.5	2.5	2.5	2.5	2.5	2.5	2.5	3	3	3	3	3	3	0	0	0	0	0	48	48	0	10	10	0	0	16	16	4
2397	12	3	2	1	9	0	0	0	0	0	0	0	0	0	0	0	0	0	0	0	0	0	0	0	0	33	44	59	24	35	50	1	1	1	4
2398	12	3	2	2	6.5	7	0	0	0	0	0	0	0	0	0	0	0	0	0	0	0	0	0	0	0	45	56	71	24	35	50	2	2	2	4
2399	12	3	2	3	5	5.5	6	0	0	0	0	0	0	0	0	0	0	0	0	0	0	0	0	0	0	57	68	73	24	35	40	3	3	3	4
2400	12	3	2	4	4.5	5	5.5	5.5	0	0	0	0	0	0	0	0	0	0	0	0	0	0	0	0	0	65	65	65	20	20	20	4	4	4	4
2401	12	3	2	5	4	4	4.5	4.5	5	0	0	0	0	0	0	0	0	0	0	0	0	0	0	0	0	77	77	67	20	20	10	5	5	5	4
2402	12	3	2	6	3.5	3.5	4	4	4.5	4.5	0	0	0	0	0	0	0	0	0	0	0	0	0	0	0	84	84	0	15	15	0	0	6	6	4
2403	12	3	2	7	3	3	3.5	3.5	3.5	4	4	0	0	0	0	0	0	0	0	0	0	0	0	0	0	96	0	0	15	0	0	0	0	7	4
2404	12	3	2	8	3	3	3	3.5	3.5	3.5	4	4	0	0	0	0	0	0	0	0	0	0	0	0	0	98	0	0	5	0	0	0	0	8	4
2405	12	2	2	1	8.5	0	0	0	0	0	0	0	0	0	0	0	0	0	0	0	0	0	0	0	0	34	44	59	25	35	50	1	1	1	4
2406	12	2	2	2	5.5	6	0	0	0	0	0	0	0	0	0	0	0	0	0	0	0	0	0	0	0	46	56	66	25	35	45	2	2	2	4
2407	12	2	2	3	4.5	5	5	0	0	0	0	0	0	0	0	0	0	0	0	0	0	0	0	0	0	58	68	63	25	35	30	3	3	3	4
2408	12	2	2	4	4	4	4.5	4.5	0	0	0	0	0	0	0	0	0	0	0	0	0	0	0	0	0	70	70	50	25	25	5	4	4	4	4
2409	12	2	2	5	3.5	3.5	4	4	4	0	0	0	0	0	0	0	0	0	0	0	0	0	0	0	0	77	67	0	20	10	0	0	5	5	4
2410	12	2	2	6	3	3.5	3.5	3.5	4	4	0	0	0	0	0	0	0	0	0	0	0	0	0	0	0	79	0	0	10	0	0	0	0	6	4
2411	12	1	2	1	7	0	0	0	0	0	0	0	0	0	0	0	0	0	0	0	0	0	0	0	0	34	44	59	25	35	50	1	1	1	4
2412	12	1	2	2	5	5	0	0	0	0	0	0	0	0	0	0	0	0	0	0	0	0	0	0	0	51	61	71	25	35	45	2	2	2	4
2413	12	1	2	3	4	4.5	4.5	0	0	0	0	0	0	0	0	0	0	0	0	0	0	0	0	0	0	58	63	53	25	30	20	3	3	3	4
2414	12	1	2	4	3.5	4	4	4	0	0	0	0	0	0	0	0	0	0	0	0	0	0	0	0	0	65	65	0	20	20	0	0	4	4	4
2415	12	1	2	5	3	3.5	3.5	3.5	3.5	0	0	0	0	0	0	0	0	0	0	0	0	0	0	0	0	77	0	0	20	0	0	0	0	5	4
2416	12	1	2	6	3	3	3.5	3.5	3.5	3.5	0	0	0	0	0	0	0	0	0	0	0	0	0	0	0	74	0	0	5	0	0	0	0	6	4
2417	11.5	3	2	1	9	0	0	0	0	0	0	0	0	0	0	0	0	0	0	0	0	0	0	0	0	33	44	59	24	35	50	1	1	1	4
2418	11.5	3	2	2	6.5	7	0	0	0	0	0	0	0	0	0	0	0	0	0	0	0	0	0	0	0	44	55	70	24	35	50	2	2	2	4
2419	11.5	3	2	3	5	5.5	6	0	0	0	0	0	0	0	0	0	0	0	0	0	0	0	0	0	0	56	67	72	24	35	40	3	3	3	4
2420	11.5	3	2	4	4.5	5	5.5	5.5	0	0	0	0	0	0	0	0	0	0	0	0	0	0	0	0	0	63	63	63	20	20	20	4	4	4	4
2421	11.5	3	2	5	4	4.5	4.5	4.5	5	0	0	0	0	0	0	0	0	0	0	0	0	0	0	0	0	75	75	65	20	20	10	5	5	5	4
2422	11.5	3	2	6	3.5	4	4	4	4.5	4.5	0	0	0	0	0	0	0	0	0	0	0	0	0	0	0	82	82	0	15	15	0	0	6	6	4
2423	11.5	3	2	7	3	3.5	3.5	3.5	3.5	4	4	0	0	0	0	0	0	0	0	0	0	0	0	0	0	93	83	0	15	5	0	0	7	7	4
2424	11.5	3	2	8	3	3	3.5	3.5	3.5	3.5	4	4	0	0	0	0	0	0	0	0	0	0	0	0	0	95	0	0	5	0	0	0	0	8	4
2425	11.5	2	2	1	8.5	0	0	0	0	0	0	0	0	0	0	0	0	0	0	0	0	0	0	0	0	34	44	59	25	35	50	1	1	1	4
2426	11.5	2	2	2	5.5	6	0	0	0	0	0	0	0	0	0	0	0	0	0	0	0	0	0	0	0	46	56	66	25	35	45	2	2	2	4
2427	11.5	2	2	3	4.5	5	5	0	0	0	0	0	0	0	0	0	0	0	0	0	0	0	0	0	0	57	67	62	25	35	30	3	3	3	4
2428	11.5	2	2	4	4	4	4.5	4.5	0	0	0	0	0	0	0	0	0	0	0	0	0	0	0	0	0	69	74	54	25	30	10	4	4	4	4
2429	11.5	2	2	5	3.5	3.5	4	4	4	0	0	0	0	0	0	0	0	0	0	0	0	0	0	0	0	80	70	0	25	15	0	0	5	5	4
2430	11.5	2	2	6	3	3.5	3.5	3.5	4	4	0	0	0	0	0	0	0	0	0	0	0	0	0	0	0	82	0	0	15	0	0	0	0	6	4
2431	11.5	1	2	1	7	0	0	0	0	0	0	0	0	0	0	0	0	0	0	0	0	0	0	0	0	34	44	59	25	35	50	1	1	1	4
2432	11.5	1	2	2	5	5	0	0	0	0	0	0	0	0	0	0	0	0	0	0	0	0	0	0	0	46	56	66	25	35	45	2	2	2	4
2433	11.5	1	2	3	4	4.5	4.5	0	0	0	0	0	0	0	0	0	0	0	0	0	0	0	0	0	0	62	67	57	25	30	20	3	3	3	4
2434	11.5	1	2	4	3.5	4	4	4	0	0	0	0	0	0	0	0	0	0	0	0	0	0	0	0	0	69	69	0	20	20	0	0	4	4	4
2435	11.5	1	2	5	3	3.5	3.5	3.5	3.5	0	0	0	0	0	0	0	0	0	0	0	0	0	0	0	0	80	0	0	20	0	0	0	0	5	4
2436	11.5	1	2	6	3	3	3.5	3.5	3.5	3.5	0	0	0	0	0	0	0	0	0	0	0	0	0	0	0	77	0	0	5	0	0	0	0	6	4
2437	11	3	2	1	9	0	0	0	0	0	0	0	0	0	0	0	0	0	0	0	0	0	0	0	0	33	44	59	24	35	50	1	1	1	4
2438	11	3	2	2	6.5	7	0	0	0	0	0	0	0	0	0	0	0	0	0	0	0	0	0	0	0	44	55	70	24	35	50	2	2	2	4
2439	11	3	2	3	5	5.5	6	0	0	0	0	0	0	0	0	0	0	0	0	0	0	0	0	0	0	55	66	76	24	35	45	3	3	3	4
2440	11	3	2	4	4.5	5	5.5	5.5	0	0	0	0	0	0	0	0	0	0	0	0	0	0	0	0	0	66	66	66	24	24	24	4	4	4	4
2441	11	3	2	5	4	4	4.5	4.5	5	0	0	0	0	0	0	0	0	0	0	0	0	0	0	0	0	73	73	68	20	20	15	5	5	5	4
2442	11	3	2	6	3.5	3.5	4	4	4	4.5	0	0	0	0	0	0	0	0	0	0	0	0	0	0	0	84	84	0	20	20	0	0	6	6	4
2443	11	3	2	7	3	3.5	3.5	3.5	3.5	4	4	0	0	0	0	0	0	0	0	0	0	0	0	0	0	90	85	0	15	10	0	0	7	7	4
2444	11	3	2	8	3	3	3	3.5	3.5	3.5	3.5	3.5	0	0	0	0	0	0	0	0	0	0	0	0	0	96	0	0	10	0	0	0	0	8	4
2445	11	2	2	1	8.5	0	0	0	0	0	0	0	0	0	0	0	0	0	0	0	0	0	0	0	0	34	44	59	25	35	50	1	1	1	4
2446	11	2	2	2	5.5	6	0	0	0	0	0	0	0	0	0	0	0	0	0	0	0	0	0	0	0	45	55	70	25	35	50	2	2	2	4
2447	11	2	2	3	4.5	5	5	0	0	0	0	0	0	0	0	0	0	0	0	0	0	0	0	0	0	56	66	61	25	35	30	3	3	3	4
2448	11	2	2	4	4	4	4.5	4.5	0	0	0	0	0	0	0	0	0	0	0	0	0	0	0	0	0	67	72	54	25	30	12	0	4	4	4
2449	11	2	2	5	3.5	3.5	4	4	4	0	0	0	0	0	0	0	0	0	0	0	0	0	0	0	0	78	70	0	25	17	0	0	5	5	4
2450	11	2	2	6	3	3.5	3.5	3.5	4	4	0	0	0	0	0	0	0	0	0	0	0	0	0	0	0	79	69	0	15	5	0	0	0	6	4
2451	11	2	2	7	3	3	3	3.5	3.5	3.5	3.5	0	0	0	0	0	0	0	0	0	0	0	0	0	0	82	0	0	7	0	0	7	7	7	4
2452	11	1	2	1	7	0	0	0	0	0	0	0	0	0	0	0	0	0	0	0	0	0	0	0	0	34	44	59	25	35	50	1	1	1	4
2453	11	1	2	2	5	5	0	0	0	0	0	0	0	0	0	0	0	0	0	0	0	0	0	0	0	45	55	70	25	35	50	2	2	2	4
2454	11	1	2	3	4	4.5	4.5	0	0	0	0	0	0	0	0	0	0	0	0	0	0	0	0	0	0	56	66	56	25	35	25	3	3	3	4
2455	11	1	2	4	3.5	4	4	4	0	0	0	0	0	0	0	0	0	0	0	0	0	0	0	0	0	67	67	0	25	25	0	0	4	4	4
2456	11	1	2	5	3.5	3.5	3.5	3.5	3.5	0	0	0	0	0	0	0	0	0	0	0	0	0	0	0	0	73	58	0	20	5	0	0	5	5	4
2457	11	1	2	6	3	3	3.5	3.5	3.5	3.5	0	0	0	0	0	0	0	0	0	0	0	0	0	0	0	74	0	0	10	0	0	0	0	6	4
2458	10.5	3	2	1	9	0	0	0	0	0	0	0	0	0	0	0	0	0	0	0	0	0	0	0	0	34	44	59	25	35	50	1	1	1	4
2459	10.5	3	2	2	6.5	7	0	0	0	0	0	0	0	0	0	0	0	0	0	0	0	0	0	0	0	45	55	70	25	35	50	2	2	2	4
2460	10.5	3	2	3	5	5.5	5.5	0	0	0	0	0	0	0	0	0	0	0	0	0	0	0	0	0	0	55	65	80	25	35	50	3	3	3	4
2461	10.5	3	2	4	4.5	5	5	5	0	0	0	0	0	0	0	0	0	0	0	0	0	0	0	0	0	66	71	61	25	30	30	4	4	4	4
2462	10.5	3	2	5	4	4	4.5	4.5	4.5	0	0	0	0	0	0	0	0	0	0	0	0	0	0	0	0	81	81	61	25	25	10	5	5	5	4
2463	10.5	3	2	6	3.5	3.5	4	4	4	4.5	0	0	0	0	0	0	0	0	0	0	0	0	0	0	0	82	82	0	20	20	0	0	6	6	4
2464	10.5	3	2	7	3	3.5	3.5	3.5	4	4	4	0	0	0	0	0	0	0	0	0	0	0	0	0	0	87	82	0	15	10	0	0	7	7	4
2465	10.5	3	2	8	3	3	3	3.5	3.5	3.5	3.5	4	0	0	0	0	0	0	0	0	0	0	0	0	0	93	0	0	10	0	0	0	0	8	4
2466	10.5	3	2	9	2.5	3	3	3	3	3.5	3.5	3.5	3.5	0	0	0	0	0	0	0	0	0	0	0	0	98	0	0	5	0	0	0	0	9	4
2467	10.5	2	2	1	8.5	0	0	0	0	0	0	0	0	0	0	0	0	0	0	0	0	0	0	0	0	34	44	59	25	35	50	1	1	1	4
2468	10.5	2	2	2	5.5	6	0	0	0	0	0	0	0	0	0	0	0	0	0	0	0	0	0	0	0	45	55	70	25	35	50	2	2	2	4
2469	10.5	2	2	3	4.5	5	5	0	0	0	0	0	0	0	0	0	0	0	0	0	0	0	0	0	0	55	65	65	25	35	35	3	3	3	4
2470	10.5	2	2	4	4	4	4.5	4.5	0	0	0	0	0	0	0	0	0	0	0	0	0	0	0	0	0	66	71	56	25	30	15	4	4	4	4
2471	10.5	2	2	5	3.5	3.5	4	4	4	0	0	0	0	0	0	0	0	0	0	0	0	0	0	0	0	76	73	0	25	22	0	0	5	5	4
2472	10.5	2	2	6	3	3.5	3.5	3.5	4	4	0	0	0	0	0	0	0	0	0	0	0	0	0	0	0	77	72	0	15	5	0	0	6	6	4
2473	10.5	2	2	7	3	3	3	3.5	3.5	3.5	3.5	0	0	0	0	0	0	0	0	0	0	0	0	0	0	82	0	0	10	0	0	0	0	7	4
2474	10.5	1	2	1	7	0	0	0	0	0	0	0	0	0	0	0	0	0	0	0	0	0	0	0	0	34	44	59	25	35	50	1	1	1	4
2475	10.5	1	2	2	5	5	0	0	0	0	0	0	0	0	0	0	0	0	0	0	0	0	0	0	0	45	55	70	25	35	50	2	2	2	4
2476	10.5	1	2	3	4	4.5	4.5	0	0	0	0	0	0	0	0	0	0	0	0	0	0	0	0	0	0	55	65	57	25	35	27	3	3	3	4
2477	10.5	1	2	4	3.5	4	4	4	0	0	0	0	0	0	0	0	0	0	0	0	0	0	0	0	0	66	66	46	25	25	5	4	4	4	4
2478	10.5	1	2	5	3.5	3.5	3.5	3.5	3.5	0	0	0	0	0	0	0	0	0	0	0	0	0	0	0	0	71	61	0	20	10	0	0	5	5	4
2479	10.5	1	2	6	3	3	3.5	3.5	3.5	3.5	0	0	0	0	0	0	0	0	0	0	0	0	0	0	0	72	0	0	10	0	0	0	0	6	4
2480	10	3	2	1	9	0	0	0	0	0	0	0	0	0	0	0	0	0	0	0	0	0	0	0	0	34	44	59	25	35	50	1	1	1	4
2481	10	3	2	2	6	6.5	0	0	0	0	0	0	0	0	0	0	0	0	0	0	0	0	0	0	0	44	54	69	25	35	50	2	2	2	4
2482	10	3	2	3	5	5.5	5.5	0	0	0	0	0	0	0	0	0	0	0	0	0	0	0	0	0	0	54	64	74	25	35	45	3	3	3	4
2483	10	3	2	4	4.5	5	5	5.5	0	0	0	0	0	0	0	0	0	0	0	0	0	0	0	0	0	64	64	64	25	25	25	4	4	4	4
2484	10	3	2	5	4	4.5	4.5	4.5	5	0	0	0	0	0	0	0	0	0	0	0	0	0	0	0	0	74	69	64	25	20	15	0	5	5	4
2485	10	3	2	6	3.5	4	4	4	4.5	4.5	0	0	0	0	0	0	0	0	0	0	0	0	0	0	0	79	74	0	20	15	0	0	6	6	4
2486	10	3	2	7	3.5	3.5	3.5	3.5	4	4	4	0	0	0	0	0	0	0	0	0	0	0	0	0	0	84	79	0	15	10	0	0	7	7	4
2487	10	3	2	8	3	3	3	3.5	3.5	3.5	3.5	4	0	0	0	0	0	0	0	0	0	0	0	0	0	94	0	0	15	0	0	0	0	8	4
2488	10	3	2	9	2.5	2.5	3	3	3	3	3	3.5	3.5	0	0	0	0	0	0	0	0	0	0	0	0	99	0	0	10	0	0	0	0	9	4
2489	10	2	2	1	8.5	0	0	0	0	0	0	0	0	0	0	0	0	0	0	0	0	0	0	0	0	34	44	59	25	35	50	1	1	1	4
2490	10	2	2	2	5.5	6	0	0	0	0	0	0	0	0	0	0	0	0	0	0	0	0	0	0	0	44	54	69	25	35	50	2	2	2	4
2491	10	2	2	3	4.5	5	5	0	0	0	0	0	0	0	0	0	0	0	0	0	0	0	0	0	0	54	64	64	25	35	35	3	3	3	4
2492	10	2	2	4	4	4	4.5	4.5	0	0	0	0	0	0	0	0	0	0	0	0	0	0	0	0	0	64	69	56	25	30	17	4	4	4	4
2493	10	2	2	5	3.5	3.5	4	4	4	0	0	0	0	0	0	0	0	0	0	0	0	0	0	0	0	74	74	0	25	25	0	0	5	5	4
2494	10	2	2	6	3	3	3.5	3.5	3.5	3.5	0	0	0	0	0	0	0	0	0	0	0	0	0	0	0	79	64	0	20	5	0	0	6	6	4
2495	10	2	2	7	3	3	3	3.5	3.5	3.5	3.5	0	0	0	0	0	0	0	0	0	0	0	0	0	0	84	0	0	15	0	0	0	0	7	4
2496	10	1	2	1	7	0	0	0	0	0	0	0	0	0	0	0	0	0	0	0	0	0	0	0	0	34	44	59	25	35	50	1	1	1	4
2497	10	1	2	2	5	5	0	0	0	0	0	0	0	0	0	0	0	0	0	0	0	0	0	0	0	44	54	69	25	35	50	2	2	2	4
2498	10	1	2	3	4	4.5	4.5	0	0	0	0	0	0	0	0	0	0	0	0	0	0	0	0	0	0	54	64	59	25	35	30	3	3	3	4
2499	10	1	2	4	3.5	4	4	4	0	0	0	0	0	0	0	0	0	0	0	0	0	0	0	0	0	64	64	47	25	25	8	4	4	4	4
2500	10	1	2	5	3.5	3.5	3.5	3.5	3.5	0	0	0	0	0	0	0	0	0	0	0	0	0	0	0	0	69	61	0	20	12	0	0	5	5	4
2501	10	1	2	6	3	3	3.5	3.5	3.5	3.5	0	0	0	0	0	0	0	0	0	0	0	0	0	0	0	69	0	0	10	0	0	0	0	6	4
2502	9.5	3	2	1	9	0	0	0	0	0	0	0	0	0	0	0	0	0	0	0	0	0	0	0	0	34	44	59	25	35	50	1	1	1	4
2503	9.5	3	2	2	6	6.5	0	0	0	0	0	0	0	0	0	0	0	0	0	0	0	0	0	0	0	44	54	69	25	35	50	2	2	2	4
2504	9.5	3	2	3	5	5.5	5.5	0	0	0	0	0	0	0	0	0	0	0	0	0	0	0	0	0	0	53	63	78	25	35	50	3	3	3	4
2505	9.5	3	2	4	4.5	5	5	5.5	0	0	0	0	0	0	0	0	0	0	0	0	0	0	0	0	0	62	67	67	25	30	30	4	4	4	4
2506	9.5	3	2	5	4	4.5	4.5	4.5	5	0	0	0	0	0	0	0	0	0	0	0	0	0	0	0	0	72	72	67	25	25	20	5	5	5	4
2507	9.5	3	2	6	3.5	4	4	4	4.5	4.5	0	0	0	0	0	0	0	0	0	0	0	0	0	0	0	81	81	61	25	25	5	0	6	6	4
2508	9.5	3	2	7	3	3.5	3.5	3.5	3.5	4	4	0	0	0	0	0	0	0	0	0	0	0	0	0	0	91	86	0	25	20	0	0	7	7	4
2509	9.5	3	2	8	3	3	3	3.5	3.5	3.5	3.5	4	0	0	0	0	0	0	0	0	0	0	0	0	0	96	86	0	20	10	0	0	8	8	4
2510	9.5	3	2	9	2.5	2.5	3	3	3	3	3	3.5	3.5	0	0	0	0	0	0	0	0	0	0	0	0	100	0	0	15	0	0	0	0	9	4
2511	9.5	2	2	1	8.5	0	0	0	0	0	0	0	0	0	0	0	0	0	0	0	0	0	0	0	0	34	44	59	25	35	50	1	1	1	4
2512	9.5	2	2	2	5.5	6	0	0	0	0	0	0	0	0	0	0	0	0	0	0	0	0	0	0	0	44	54	69	25	35	50	2	2	2	4
2513	9.5	2	2	3	4.5	5	5	0	0	0	0	0	0	0	0	0	0	0	0	0	0	0	0	0	0	53	63	63	25	35	35	3	3	3	4
2514	9.5	2	2	4	4	4	4.5	4.5	0	0	0	0	0	0	0	0	0	0	0	0	0	0	0	0	0	63	68	56	25	30	18	4	4	4	4
2515	9.5	2	2	5	3.5	3.5	4	4	4	0	0	0	0	0	0	0	0	0	0	0	0	0	0	0	0	72	72	0	25	25	0	0	5	5	4
2516	9.5	2	2	6	3.5	3.5	3.5	3.5	3.5	4	0	0	0	0	0	0	0	0	0	0	0	0	0	0	0	77	62	0	20	5	0	0	6	6	4
2517	9.5	2	2	7	3	3	3	3.5	3.5	3.5	3.5	0	0	0	0	0	0	0	0	0	0	0	0	0	0	81	0	0	15	0	0	0	0	7	4
2518	9.5	1	2	1	7	0	0	0	0	0	0	0	0	0	0	0	0	0	0	0	0	0	0	0	0	34	44	59	25	35	50	1	1	1	4
2519	9.5	1	2	2	5	5	0	0	0	0	0	0	0	0	0	0	0	0	0	0	0	0	0	0	0	44	54	69	25	35	50	2	2	2	4
2520	9.5	1	2	3	4	4.5	4.5	0	0	0	0	0	0	0	0	0	0	0	0	0	0	0	0	0	0	53	63	58	25	35	30	3	3	3	4
2521	9.5	1	2	4	3.5	4	4	4	0	0	0	0	0	0	0	0	0	0	0	0	0	0	0	0	0	63	63	48	25	25	10	4	4	4	4
2522	9.5	1	2	5	3.5	3.5	3.5	3.5	3.5	0	0	0	0	0	0	0	0	0	0	0	0	0	0	0	0	67	62	0	20	15	0	0	5	5	4
2523	9.5	1	2	6	3	3	3.5	3.5	3.5	3.5	0	0	0	0	0	0	0	0	0	0	0	0	0	0	0	67	62	0	10	5	0	0	6	6	4
2524	9.5	1	2	7	3	3	3	3	3	3.5	3.5	0	0	0	0	0	0	0	0	0	0	0	0	0	0	71	0	0	5	0	0	0	0	7	4
2525	9	3	2	1	9	0	0	0	0	0	0	0	0	0	0	0	0	0	0	0	0	0	0	0	0	34	44	59	25	35	50	1	1	1	4
2526	9	3	2	2	7	7.5	0	0	0	0	0	0	0	0	0	0	0	0	0	0	0	0	0	0	0	43	53	68	25	35	50	2	2	2	4
2527	9	3	2	3	5.5	5.5	6	0	0	0	0	0	0	0	0	0	0	0	0	0	0	0	0	0	0	52	62	77	25	35	50	3	3	3	4
2528	9	3	2	4	5	5	5.5	5.5	0	0	0	0	0	0	0	0	0	0	0	0	0	0	0	0	0	61	71	71	25	35	35	4	4	4	4
2529	9	3	2	5	4	4.5	4.5	4.5	5	0	0	0	0	0	0	0	0	0	0	0	0	0	0	0	0	70	80	70	25	35	25	5	5	5	4
2530	9	3	2	6	3.5	4	4	4	4.5	4.5	0	0	0	0	0	0	0	0	0	0	0	0	0	0	0	79	89	0	25	35	0	0	6	6	4
2531	9	3	2	7	3	3.5	3.5	3.5	3.5	4	4	0	0	0	0	0	0	0	0	0	0	0	0	0	0	88	83	0	25	20	0	0	7	7	4
2532	9	3	2	8	3	3	3.5	3.5	3.5	3.5	4	4	0	0	0	0	0	0	0	0	0	0	0	0	0	97	82	0	25	10	0	0	8	8	4
2533	9	3	2	9	3	3	3	3	3.5	3.5	3.5	3.5	4	0	0	0	0	0	0	0	0	0	0	0	0	96	0	0	15	0	0	0	0	9	4
2534	9	2	2	1	8.5	0	0	0	0	0	0	0	0	0	0	0	0	0	0	0	0	0	0	0	0	34	44	59	25	35	50	1	1	1	4
2535	9	2	2	2	5.5	6	0	0	0	0	0	0	0	0	0	0	0	0	0	0	0	0	0	0	0	43	53	68	25	35	50	2	2	2	4
2536	9	2	2	3	4.5	5	5	0	0	0	0	0	0	0	0	0	0	0	0	0	0	0	0	0	0	52	62	62	25	35	35	3	3	3	4
2537	9	2	2	4	4	4	4.5	4.5	0	0	0	0	0	0	0	0	0	0	0	0	0	0	0	0	0	61	66	56	25	30	20	4	4	4	4
2538	9	2	2	5	3.5	4	4	4	4	0	0	0	0	0	0	0	0	0	0	0	0	0	0	0	0	70	70	0	25	25	0	0	5	5	4
2539	9	2	2	6	3.5	3.5	3.5	3.5	3.5	4	0	0	0	0	0	0	0	0	0	0	0	0	0	0	0	74	69	0	20	15	0	0	6	6	4
2540	9	2	2	7	3	3	3	3.5	3.5	3.5	3.5	0	0	0	0	0	0	0	0	0	0	0	0	0	0	78	0	0	15	0	0	0	0	7	4
2541	9	2	2	8	3	3	3	3	3	3	3.5	3.5	0	0	0	0	0	0	0	0	0	0	0	0	0	82	0	0	10	0	0	0	0	8	4
2542	9	1	2	1	7	0	0	0	0	0	0	0	0	0	0	0	0	0	0	0	0	0	0	0	0	34	44	59	25	35	50	1	1	1	4
2543	9	1	2	2	5	5	0	0	0	0	0	0	0	0	0	0	0	0	0	0	0	0	0	0	0	43	53	68	25	35	50	2	2	2	4
2544	9	1	2	3	4	4.5	4.5	0	0	0	0	0	0	0	0	0	0	0	0	0	0	0	0	0	0	52	62	57	25	35	30	3	3	3	4
2545	9	1	2	4	3.5	4	4	4	0	0	0	0	0	0	0	0	0	0	0	0	0	0	0	0	0	61	61	46	25	25	10	4	4	4	4
2546	9	1	2	5	3.5	3.5	3.5	3.5	3.5	0	0	0	0	0	0	0	0	0	0	0	0	0	0	0	0	65	80	0	20	15	0	0	5	5	4
2547	9	1	2	6	3	3	3.5	3.5	3.5	3.5	0	0	0	0	0	0	0	0	0	0	0	0	0	0	0	64	59	0	10	5	0	0	6	6	4
2548	9	1	2	7	3	3	3	3	3	3.5	3.5	0	0	0	0	0	0	0	0	0	0	0	0	0	0	68	0	0	5	0	0	0	0	7	4
2549	8.5	3	2	1	9	0	0	0	0	0	0	0	0	0	0	0	0	0	0	0	0	0	0	0	0	34	44	59	25	35	50	1	1	1	4
2550	8.5	3	2	2	7	7.5	0	0	0	0	0	0	0	0	0	0	0	0	0	0	0	0	0	0	0	43	53	68	25	35	50	2	2	2	4
2551	8.5	3	2	3	5.5	6	6	0	0	0	0	0	0	0	0	0	0	0	0	0	0	0	0	0	0	51	61	76	25	35	50	3	3	3	4
2552	8.5	3	2	4	4.5	5	5.5	5.5	0	0	0	0	0	0	0	0	0	0	0	0	0	0	0	0	0	60	70	75	25	35	40	4	4	4	4
2553	8.5	3	2	5	4	4.5	4.5	4.5	5	0	0	0	0	0	0	0	0	0	0	0	0	0	0	0	0	68	78	68	25	35	25	5	5	5	4
2554	8.5	3	2	6	3.5	4	4	4	4.5	4.5	0	0	0	0	0	0	0	0	0	0	0	0	0	0	0	77	87	0	25	35	0	0	6	6	4
2555	8.5	3	2	7	3.5	3.5	3.5	4	4	4	4.5	0	0	0	0	0	0	0	0	0	0	0	0	0	0	85	85	0	25	25	0	0	7	7	4
2556	8.5	3	2	8	3	3	3.5	3.5	3.5	4	4	4	0	0	0	0	0	0	0	0	0	0	0	0	0	94	84	0	25	15	0	0	8	8	4
2557	8.5	3	2	9	3	3	3	3	3.5	3.5	4	4	4	0	0	0	0	0	0	0	0	0	0	0	0	92	0	0	15	0	0	0	0	9	4
2558	8.5	2	2	1	8.5	0	0	0	0	0	0	0	0	0	0	0	0	0	0	0	0	0	0	0	0	34	44	59	25	35	50	1	1	1	4
2559	8.5	2	2	2	5.5	6	0	0	0	0	0	0	0	0	0	0	0	0	0	0	0	0	0	0	0	42	52	67	25	35	50	2	2	2	4
2560	8.5	2	2	3	4.5	5	5	0	0	0	0	0	0	0	0	0	0	0	0	0	0	0	0	0	0	51	61	66	25	35	40	3	3	3	4
2561	8.5	2	2	4	4	4	4	4.5	0	0	0	0	0	0	0	0	0	0	0	0	0	0	0	0	0	59	69	54	25	35	20	4	4	4	4
2562	8.5	2	2	5	3.5	3.5	4	4	4	0	0	0	0	0	0	0	0	0	0	0	0	0	0	0	0	68	73	48	25	30	5	5	5	5	4
2563	8.5	2	2	6	3.5	3.5	3.5	3.5	3.5	3.5	0	0	0	0	0	0	0	0	0	0	0	0	0	0	0	76	66	0	25	15	0	0	6	6	4
2564	8.5	2	2	7	3	3	3	3	3.5	3.5	3.5	0	0	0	0	0	0	0	0	0	0	0	0	0	0	80	65	0	20	5	0	0	7	7	4
2565	8.5	2	2	8	2.5	3	3	3	3	3	3	3.5	0	0	0	0	0	0	0	0	0	0	0	0	0	83	0	0	15	0	0	0	0	8	4
2566	8.5	1	2	1	7	0	0	0	0	0	0	0	0	0	0	0	0	0	0	0	0	0	0	0	0	34	44	59	25	35	50	1	1	1	4
2567	8.5	1	2	2	5	5	0	0	0	0	0	0	0	0	0	0	0	0	0	0	0	0	0	0	0	42	52	67	25	35	50	2	2	2	4
2568	8.5	1	2	3	4	4.5	4.5	0	0	0	0	0	0	0	0	0	0	0	0	0	0	0	0	0	0	51	61	61	25	35	35	3	3	3	4
2569	8.5	1	2	4	3.5	4	4	4	0	0	0	0	0	0	0	0	0	0	0	0	0	0	0	0	0	59	59	44	25	25	10	4	4	4	4
2570	8.5	1	2	5	3.5	3.5	3.5	3.5	3.5	0	0	0	0	0	0	0	0	0	0	0	0	0	0	0	0	63	63	0	20	20	0	0	5	5	4
2571	8.5	1	2	6	3	3	3.5	3.5	3.5	3.5	0	0	0	0	0	0	0	0	0	0	0	0	0	0	0	61	61	0	10	10	0	0	6	6	4
2572	8.5	1	2	7	3	3	3	3	3	3.5	3.5	0	0	0	0	0	0	0	0	0	0	0	0	0	0	65	0	0	5	0	0	0	0	7	4
2573	8	3	2	1	9	0	0	0	0	0	0	0	0	0	0	0	0	0	0	0	0	0	0	0	0	34	44	59	25	35	50	1	1	1	4
2574	8	3	2	2	7	7	0	0	0	0	0	0	0	0	0	0	0	0	0	0	0	0	0	0	0	42	52	67	25	35	50	2	2	2	4
2575	8	3	2	3	5.5	5.5	6	0	0	0	0	0	0	0	0	0	0	0	0	0	0	0	0	0	0	50	60	75	25	35	50	3	3	3	4
2576	8	3	2	4	4.5	5	5	5	0	0	0	0	0	0	0	0	0	0	0	0	0	0	0	0	0	58	68	73	25	35	40	4	4	4	4
2577	8	3	2	5	4	4.5	4.5	4.5	4.5	0	0	0	0	0	0	0	0	0	0	0	0	0	0	0	0	66	76	66	25	35	25	5	5	5	4
2578	8	3	2	6	3.5	3.5	4	4	4	4.5	0	0	0	0	0	0	0	0	0	0	0	0	0	0	0	74	84	0	25	35	0	0	6	6	4
2579	8	3	2	7	3	3.5	3.5	3.5	4	4	4	0	0	0	0	0	0	0	0	0	0	0	0	0	0	82	87	0	25	30	0	0	7	7	4
2580	8	3	2	8	3	3	3.5	3.5	3.5	3.5	4	4	0	0	0	0	0	0	0	0	0	0	0	0	0	90	85	0	25	20	0	0	8	8	4
2581	8	3	2	9	3	3	3	3	3.5	3.5	3.5	3.5	4	0	0	0	0	0	0	0	0	0	0	0	0	93	0	0	20	10	0	0	0	9	4
2582	8	2	2	1	8.5	0	0	0	0	0	0	0	0	0	0	0	0	0	0	0	0	0	0	0	0	34	44	59	25	35	50	1	1	1	4
2583	8	2	2	2	5.5	6	0	0	0	0	0	0	0	0	0	0	0	0	0	0	0	0	0	0	0	42	52	67	25	35	50	2	2	2	4
2584	8	2	2	3	4.5	5	5	0	0	0	0	0	0	0	0	0	0	0	0	0	0	0	0	0	0	50	60	65	25	35	40	3	3	3	4
2585	8	2	2	4	4	4	4.5	4.5	0	0	0	0	0	0	0	0	0	0	0	0	0	0	0	0	0	58	68	58	25	35	25	4	4	4	4
2586	8	2	2	5	3.5	3.5	4	4	4	0	0	0	0	0	0	0	0	0	0	0	0	0	0	0	0	66	71	51	25	30	10	5	5	5	4
2587	8	2	2	6	3.5	3.5	3.5	3.5	3.5	3.5	0	0	0	0	0	0	0	0	0	0	0	0	0	0	0	74	64	0	25	15	0	0	6	6	4
2588	8	2	2	7	3	3	3	3	3.5	3.5	3.5	0	0	0	0	0	0	0	0	0	0	0	0	0	0	77	67	0	20	10	0	0	7	7	4
2589	8	2	2	8	2.5	3	3	3	3	3	3	3.5	0	0	0	0	0	0	0	0	0	0	0	0	0	80	0	0	15	0	0	0	0	8	4
2590	8	1	2	1	7	0	0	0	0	0	0	0	0	0	0	0	0	0	0	0	0	0	0	0	0	34	44	59	25	35	50	1	1	1	4
2591	8	1	2	2	5	5	0	0	0	0	0	0	0	0	0	0	0	0	0	0	0	0	0	0	0	42	52	67	25	35	50	2	2	2	4
2592	8	1	2	3	4	4.5	4.5	0	0	0	0	0	0	0	0	0	0	0	0	0	0	0	0	0	0	50	60	60	25	35	35	3	3	3	4
2593	8	1	2	4	3.5	4	4	4	0	0	0	0	0	0	0	0	0	0	0	0	0	0	0	0	0	58	58	48	25	25	15	4	4	4	4
2594	8	1	2	5	3.5	3.5	3.5	3.5	3.5	0	0	0	0	0	0	0	0	0	0	0	0	0	0	0	0	66	66	0	20	20	0	0	5	5	4
2595	8	1	2	6	3	3	3.5	3.5	3.5	3.5	0	0	0	0	0	0	0	0	0	0	0	0	0	0	0	64	64	0	15	15	0	0	6	6	4
2596	8	1	2	7	3	3	3	3	3	3.5	3.5	0	0	0	0	0	0	0	0	0	0	0	0	0	0	62	62	0	5	5	0	0	7	7	4
2597	7.5	3	2	1	9	0	0	0	0	0	0	0	0	0	0	0	0	0	0	0	0	0	0	0	0	34	44	59	25	35	50	1	1	1	4
2598	7.5	3	2	2	6.5	7	0	0	0	0	0	0	0	0	0	0	0	0	0	0	0	0	0	0	0	47	52	67	25	35	50	2	2	2	4
2599	7.5	3	2	3	5	5.5	6	0	0	0	0	0	0	0	0	0	0	0	0	0	0	0	0	0	0	49	59	74	25	35	50	3	3	3	4
2600	7.5	3	2	4	4.5	5	5	5	0	0	0	0	0	0	0	0	0	0	0	0	0	0	0	0	0	56	66	76	25	35	45	4	4	4	4
2601	7.5	3	2	5	4	4.5	4.5	4.5	4.5	0	0	0	0	0	0	0	0	0	0	0	0	0	0	0	0	64	74	69	25	35	30	5	5	5	4
2602	7.5	3	2	6	3.5	3.5	4	4	4	4.5	0	0	0	0	0	0	0	0	0	0	0	0	0	0	0	71	81	0	25	35	0	0	6	6	4
2603	7.5	3	2	7	3	3.5	3.5	3.5	4	4	4	0	0	0	0	0	0	0	0	0	0	0	0	0	0	79	84	0	25	30	0	0	7	7	4
2604	7.5	3	2	8	3	3	3	3.5	3.5	3.5	4	4	0	0	0	0	0	0	0	0	0	0	0	0	0	86	86	0	25	25	0	0	8	8	4
2605	7.5	3	2	9	3	3	3	3	3	3.5	3.5	3.5	3.5	0	0	0	0	0	0	0	0	0	0	0	0	94	0	0	25	0	0	0	0	9	4
2606	7.5	2	2	1	8.5	0	0	0	0	0	0	0	0	0	0	0	0	0	0	0	0	0	0	0	0	34	44	59	25	35	50	1	1	1	4
2607	7.5	2	2	2	5.5	5.5	0	0	0	0	0	0	0	0	0	0	0	0	0	0	0	0	0	0	0	47	52	66	25	35	50	2	2	2	4
2608	7.5	2	2	3	4.5	5	5	0	0	0	0	0	0	0	0	0	0	0	0	0	0	0	0	0	0	49	59	64	25	35	40	3	3	3	4
2609	7.5	2	2	4	4	4	4.5	4.5	0	0	0	0	0	0	0	0	0	0	0	0	0	0	0	0	0	56	66	61	25	35	30	4	4	4	4
2610	7.5	2	2	5	3.5	3.5	4	4	4	0	0	0	0	0	0	0	0	0	0	0	0	0	0	0	0	64	69	54	25	30	15	5	5	5	4
2611	7.5	2	2	6	3.5	3.5	3.5	3.5	3.5	3.5	0	0	0	0	0	0	0	0	0	0	0	0	0	0	0	71	66	0	25	20	0	0	6	6	4
2612	7.5	2	2	7	3	3	3	3	3.5	3.5	3.5	0	0	0	0	0	0	0	0	0	0	0	0	0	0	79	69	0	25	15	0	0	7	7	4
2613	7.5	2	2	8	3	3	3	3	3	3	3.5	3.5	0	0	0	0	0	0	0	0	0	0	0	0	0	76	66	0	15	5	0	0	8	8	4
2614	7.5	2	2	9	2.5	3	3	3	3	3	3	3.5	3.5	0	0	0	0	0	0	0	0	0	0	0	0	74	0	0	5	0	0	0	0	9	4
2615	7.5	1	2	1	7	0	0	0	0	0	0	0	0	0	0	0	0	0	0	0	0	0	0	0	0	34	44	59	25	35	50	1	1	1	4
2616	7.5	1	2	2	5	5	0	0	0	0	0	0	0	0	0	0	0	0	0	0	0	0	0	0	0	47	52	66	25	35	50	2	2	2	4
2617	7.5	1	2	3	4	4.5	4.5	0	0	0	0	0	0	0	0	0	0	0	0	0	0	0	0	0	0	49	59	59	25	35	35	3	3	3	4
2618	7.5	1	2	4	3.5	4	4	4	0	0	0	0	0	0	0	0	0	0	0	0	0	0	0	0	0	56	58	46	25	27	15	4	4	4	4
2619	7.5	1	2	5	3.5	3.5	3.5	3.5	3.5	0	0	0	0	0	0	0	0	0	0	0	0	0	0	0	0	64	64	0	25	25	0	0	5	5	4
2620	7.5	1	2	6	3	3	3.5	3.5	3.5	3.5	0	0	0	0	0	0	0	0	0	0	0	0	0	0	0	61	61	0	15	15	0	0	6	6	4
2621	7.5	1	2	7	3	3	3	3	3	3.5	3.5	0	0	0	0	0	0	0	0	0	0	0	0	0	0	64	64	0	10	10	0	0	7	7	4
2622	7.5	1	2	8	2.5	3	3	3	3	3	3	3	0	0	0	0	0	0	0	0	0	0	0	0	0	66	0	0	5	0	0	0	0	8	4
2623	7	3	2	1	9	0	0	0	0	0	0	0	0	0	0	0	0	0	0	0	0	0	0	0	0	34	44	59	25	35	50	1	1	1	4
2624	7	3	2	2	6.5	7	0	0	0	0	0	0	0	0	0	0	0	0	0	0	0	0	0	0	0	41	51	66	25	35	50	2	2	2	4
2625	7	3	2	3	5	5.5	6	0	0	0	0	0	0	0	0	0	0	0	0	0	0	0	0	0	0	48	58	73	25	35	50	3	3	3	4
2626	7	3	2	4	4.5	4.5	5	5	0	0	0	0	0	0	0	0	0	0	0	0	0	0	0	0	0	55	65	75	25	35	45	4	4	4	4
2627	7	3	2	5	4	4.5	4.5	4.5	5	0	0	0	0	0	0	0	0	0	0	0	0	0	0	0	0	62	72	67	25	35	30	5	5	5	4
2628	7	3	2	6	3.5	3.5	4	4	4	4.5	0	0	0	0	0	0	0	0	0	0	0	0	0	0	0	69	79	0	25	35	0	0	6	6	4
2629	7	3	2	7	3	3.5	3.5	3.5	3.5	4	4	0	0	0	0	0	0	0	0	0	0	0	0	0	0	76	86	0	25	35	0	0	7	7	4
2630	7	3	2	8	3	3	3	3.5	3.5	3.5	3.5	4	0	0	0	0	0	0	0	0	0	0	0	0	0	83	88	0	25	30	0	0	8	8	4
2631	7	3	2	9	3	3	3	3	3	3.5	3.5	3.5	3.5	0	0	0	0	0	0	0	0	0	0	0	0	90	0	0	25	0	0	0	0	9	4
2632	7	2	2	1	8.5	0	0	0	0	0	0	0	0	0	0	0	0	0	0	0	0	0	0	0	0	34	44	59	25	35	50	1	1	1	4
2633	7	2	2	2	5.5	6	0	0	0	0	0	0	0	0	0	0	0	0	0	0	0	0	0	0	0	41	51	66	25	35	50	2	2	2	4
2634	7	2	2	3	4.5	5	5	0	0	0	0	0	0	0	0	0	0	0	0	0	0	0	0	0	0	48	58	63	25	35	40	3	3	3	4
2635	7	2	2	4	4	4	4.5	4.5	0	0	0	0	0	0	0	0	0	0	0	0	0	0	0	0	0	55	65	60	25	35	30	4	4	4	4
2636	7	2	2	5	3.5	3.5	4	4	4	0	0	0	0	0	0	0	0	0	0	0	0	0	0	0	0	62	67	52	25	30	15	5	5	5	4
2637	7	2	2	6	3.5	3.5	3.5	3.5	3.5	3.5	0	0	0	0	0	0	0	0	0	0	0	0	0	0	0	69	69	0	25	25	0	0	6	6	4
2638	7	2	2	7	3	3	3	3	3.5	3.5	3.5	0	0	0	0	0	0	0	0	0	0	0	0	0	0	76	71	0	25	20	0	0	7	7	4
2639	7	2	2	8	3	3	3	3	3	3	3.5	3.5	0	0	0	0	0	0	0	0	0	0	0	0	0	73	68	0	15	10	0	0	8	8	4
2640	7	2	2	9	2.5	3	3	3	3	3	3	3	3.5	0	0	0	0	0	0	0	0	0	0	0	0	75	0	0	10	0	0	0	0	9	4
2641	7	1	2	1	7	0	0	0	0	0	0	0	0	0	0	0	0	0	0	0	0	0	0	0	0	34	44	59	25	35	50	1	1	1	4
2642	7	1	2	2	5	5	0	0	0	0	0	0	0	0	0	0	0	0	0	0	0	0	0	0	0	41	51	66	25	35	50	2	2	2	4
2643	7	1	2	3	4	4.5	4.5	0	0	0	0	0	0	0	0	0	0	0	0	0	0	0	0	0	0	48	58	58	25	35	35	3	3	3	4
2644	7	1	2	4	3.5	4	4	4	0	0	0	0	0	0	0	0	0	0	0	0	0	0	0	0	0	55	60	50	25	30	20	4	4	4	4
2645	7	1	2	5	3.5	3.5	3.5	3.5	3.5	0	0	0	0	0	0	0	0	0	0	0	0	0	0	0	0	62	62	0	25	25	0	0	5	5	4
2646	7	1	2	6	3	3	3.5	3.5	3.5	3.5	0	0	0	0	0	0	0	0	0	0	0	0	0	0	0	59	59	0	15	15	0	0	6	6	4
2647	7	1	2	7	3	3	3	3	3	3.5	3.5	0	0	0	0	0	0	0	0	0	0	0	0	0	0	61	61	0	10	10	0	0	7	7	4
2648	7	1	2	8	2.5	3	3	3	3	3	3	3	0	0	0	0	0	0	0	0	0	0	0	0	0	68	0	0	10	0	0	0	0	8	4
2649	6.5	3	2	1	9	0	0	0	0	0	0	0	0	0	0	0	0	0	0	0	0	0	0	0	0	34	44	59	25	35	50	1	1	1	4
2650	6.5	3	2	2	6.5	7	0	0	0	0	0	0	0	0	0	0	0	0	0	0	0	0	0	0	0	40	50	65	25	35	50	2	2	2	4
2651	6.5	3	2	3	5	5.5	5.5	0	0	0	0	0	0	0	0	0	0	0	0	0	0	0	0	0	0	47	57	72	25	35	50	3	3	3	4
2652	6.5	3	2	4	4.5	4.5	4.5	5	0	0	0	0	0	0	0	0	0	0	0	0	0	0	0	0	0	53	63	78	25	35	50	4	4	4	4
2653	6.5	3	2	5	4	4	4	4.5	5	0	0	0	0	0	0	0	0	0	0	0	0	0	0	0	0	60	70	75	25	35	40	5	5	5	4
2654	6.5	3	2	6	3.5	3.5	4	4	4	4.5	0	0	0	0	0	0	0	0	0	0	0	0	0	0	0	66	76	0	25	35	0	0	6	6	4
2655	6.5	3	2	7	3	3.5	3.5	3.5	3.5	4	4	0	0	0	0	0	0	0	0	0	0	0	0	0	0	73	83	0	25	35	0	0	7	7	4
2656	6.5	3	2	8	3	3	3.5	3.5	3.5	3.5	3.5	3.5	0	0	0	0	0	0	0	0	0	0	0	0	0	79	84	0	25	30	0	0	8	8	4
2657	6.5	3	2	9	3	3	3	3	3	3.5	3.5	3.5	3.5	0	0	0	0	0	0	0	0	0	0	0	0	86	0	0	25	0	0	0	0	9	4
2658	6.5	2	2	1	8	0	0	0	0	0	0	0	0	0	0	0	0	0	0	0	0	0	0	0	0	34	44	59	25	35	50	1	1	1	4
2659	6.5	2	2	2	5.5	6	0	0	0	0	0	0	0	0	0	0	0	0	0	0	0	0	0	0	0	40	50	65	25	35	50	2	2	2	4
2660	6.5	2	2	3	4.5	4.5	5	0	0	0	0	0	0	0	0	0	0	0	0	0	0	0	0	0	0	47	57	67	25	35	45	3	3	3	4
2661	6.5	2	2	4	4	4	4.5	4.5	0	0	0	0	0	0	0	0	0	0	0	0	0	0	0	0	0	53	63	63	25	35	35	4	4	4	4
2662	6.5	2	2	5	3.5	3.5	3.5	4	4	0	0	0	0	0	0	0	0	0	0	0	0	0	0	0	0	60	70	55	25	35	20	5	5	5	4
2663	6.5	2	2	6	3.5	3.5	3.5	3.5	3.5	3.5	0	0	0	0	0	0	0	0	0	0	0	0	0	0	0	66	71	0	25	30	0	0	6	6	4
2664	6.5	2	2	7	3	3	3	3	3.5	3.5	3.5	0	0	0	0	0	0	0	0	0	0	0	0	0	0	73	73	0	25	25	0	0	7	7	4
2665	6.5	2	2	8	3	3	3	3	3	3	3.5	3.5	0	0	0	0	0	0	0	0	0	0	0	0	0	69	64	0	15	10	0	0	8	8	4
2666	6.5	2	2	9	2.5	3	3	3	3	3	3	3	3.5	0	0	0	0	0	0	0	0	0	0	0	0	71	0	0	10	0	0	0	0	9	4
2667	6.5	1	2	1	7	0	0	0	0	0	0	0	0	0	0	0	0	0	0	0	0	0	0	0	0	34	44	59	25	35	50	1	1	1	4
2668	6.5	1	2	2	5	5	0	0	0	0	0	0	0	0	0	0	0	0	0	0	0	0	0	0	0	40	50	65	25	35	50	2	2	2	4
2669	6.5	1	2	3	4	4.5	4.5	0	0	0	0	0	0	0	0	0	0	0	0	0	0	0	0	0	0	47	57	57	25	35	35	3	3	3	4
2670	6.5	1	2	4	3.5	4	4	4	0	0	0	0	0	0	0	0	0	0	0	0	0	0	0	0	0	53	58	53	25	30	25	4	4	4	4
2671	6.5	1	2	5	3.5	3.5	3.5	3.5	3.5	0	0	0	0	0	0	0	0	0	0	0	0	0	0	0	0	60	60	40	25	25	5	5	5	5	4
2672	6.5	1	2	6	3	3	3.5	3.5	3.5	3.5	0	0	0	0	0	0	0	0	0	0	0	0	0	0	0	56	56	0	15	15	0	0	6	6	4
2673	6.5	1	2	7	3	3	3	3	3	3.5	3.5	0	0	0	0	0	0	0	0	0	0	0	0	0	0	58	58	0	10	10	0	0	7	7	4
2674	6.5	1	2	8	2.5	3	3	3	3	3	3	3	0	0	0	0	0	0	0	0	0	0	0	0	0	64	0	0	10	0	0	0	0	8	4
2675	6	3	2	1	9	0	0	0	0	0	0	0	0	0	0	0	0	0	0	0	0	0	0	0	0	34	44	59	25	35	50	1	1	1	4
2676	6	3	2	2	7	7	0	0	0	0	0	0	0	0	0	0	0	0	0	0	0	0	0	0	0	40	50	65	25	35	50	2	2	2	4
2677	6	3	2	3	5.5	5.5	5.5	0	0	0	0	0	0	0	0	0	0	0	0	0	0	0	0	0	0	46	56	71	25	35	50	3	3	3	4
2678	6	3	2	4	4.5	4.5	4.5	5	0	0	0	0	0	0	0	0	0	0	0	0	0	0	0	0	0	52	62	77	25	35	50	4	4	4	4
2679	6	3	2	5	4	4	4.5	4.5	4.5	0	0	0	0	0	0	0	0	0	0	0	0	0	0	0	0	58	68	73	25	35	40	5	5	5	4
2680	6	3	2	6	3.5	4	4	4	4	4.5	0	0	0	0	0	0	0	0	0	0	0	0	0	0	0	64	74	0	25	35	0	0	6	6	4
2681	6	3	2	7	3.5	3.5	3.5	3.5	3.5	4	4	0	0	0	0	0	0	0	0	0	0	0	0	0	0	70	80	0	25	35	0	0	7	7	4
2682	6	3	2	8	3	3	3	3.5	3.5	3.5	3.5	4	0	0	0	0	0	0	0	0	0	0	0	0	0	76	86	0	25	35	0	0	8	8	4
2683	6	3	2	9	3	3	3	3	3	3.5	3.5	3.5	3.5	0	0	0	0	0	0	0	0	0	0	0	0	82	0	0	25	0	0	0	0	9	4
2684	6	2	2	1	8	0	0	0	0	0	0	0	0	0	0	0	0	0	0	0	0	0	0	0	0	34	44	59	25	35	50	1	1	1	4
2685	6	2	2	2	5.5	6	0	0	0	0	0	0	0	0	0	0	0	0	0	0	0	0	0	0	0	40	50	65	25	35	50	2	2	2	4
2686	6	2	2	3	4.5	4.5	5	0	0	0	0	0	0	0	0	0	0	0	0	0	0	0	0	0	0	46	56	66	25	35	45	3	3	3	4
2687	6	2	2	4	4	4	4.5	4.5	0	0	0	0	0	0	0	0	0	0	0	0	0	0	0	0	0	52	62	62	25	35	35	4	4	4	4
2688	6	2	2	5	3.5	3.5	3.5	4	4	0	0	0	0	0	0	0	0	0	0	0	0	0	0	0	0	58	68	58	25	35	25	5	5	5	4
2689	6	2	2	6	3	3.5	3.5	3.5	3.5	3.5	0	0	0	0	0	0	0	0	0	0	0	0	0	0	0	64	69	0	25	30	0	0	6	6	4
2690	6	2	2	7	3	3	3	3	3.5	3.5	3.5	0	0	0	0	0	0	0	0	0	0	0	0	0	0	70	70	0	25	25	0	0	7	7	4
2691	6	2	2	8	3	3	3	3	3	3	3.5	3.5	0	0	0	0	0	0	0	0	0	0	0	0	0	69	69	0	18	18	0	0	8	8	4
2692	6	2	2	9	2.5	3	3	3	3	3	3	3	3.5	0	0	0	0	0	0	0	0	0	0	0	0	69	0	0	12	0	0	0	0	9	4
2693	6	1	2	1	7	0	0	0	0	0	0	0	0	0	0	0	0	0	0	0	0	0	0	0	0	34	44	59	25	35	50	1	1	1	4
2694	6	1	2	2	5	5	0	0	0	0	0	0	0	0	0	0	0	0	0	0	0	0	0	0	0	40	50	65	25	35	50	2	2	2	4
2695	6	1	2	3	4.5	4.5	4.5	0	0	0	0	0	0	0	0	0	0	0	0	0	0	0	0	0	0	46	56	56	25	35	35	3	3	3	4
2696	6	1	2	4	3.5	4	4	4	0	0	0	0	0	0	0	0	0	0	0	0	0	0	0	0	0	52	57	52	25	30	25	4	4	4	4
2697	6	1	2	5	3.5	3.5	3.5	3.5	3.5	0	0	0	0	0	0	0	0	0	0	0	0	0	0	0	0	58	58	43	25	25	10	5	5	5	4
2698	6	1	2	6	3	3	3.5	3.5	3.5	3.5	0	0	0	0	0	0	0	0	0	0	0	0	0	0	0	54	54	0	15	15	0	0	6	6	4
2699	6	1	2	7	3	3	3	3	3	3.5	3.5	0	0	0	0	0	0	0	0	0	0	0	0	0	0	55	55	0	10	10	0	0	7	7	4
2700	6	1	2	8	2.5	3	3	3	3	3	3	3	0	0	0	0	0	0	0	0	0	0	0	0	0	61	0	0	10	0	0	0	0	8	4
2701	5.5	3	2	1	9	0	0	0	0	0	0	0	0	0	0	0	0	0	0	0	0	0	0	0	0	34	44	59	25	35	50	1	1	1	4
2702	5.5	3	2	2	7	7	0	0	0	0	0	0	0	0	0	0	0	0	0	0	0	0	0	0	0	39	49	64	25	35	50	2	2	2	4
2703	5.5	3	2	3	5.5	5.5	5.5	0	0	0	0	0	0	0	0	0	0	0	0	0	0	0	0	0	0	45	55	70	25	35	50	3	3	3	4
2704	5.5	3	2	4	4.5	4.5	5	5	0	0	0	0	0	0	0	0	0	0	0	0	0	0	0	0	0	50	60	75	25	35	50	4	4	4	4
2705	5.5	3	2	5	4	4	4.5	4.5	4.5	0	0	0	0	0	0	0	0	0	0	0	0	0	0	0	0	56	66	76	25	35	45	5	5	5	4
2706	5.5	3	2	6	3.5	4	4	4	4	4.5	0	0	0	0	0	0	0	0	0	0	0	0	0	0	0	61	71	0	25	35	0	0	6	6	4
2707	5.5	3	2	7	3.5	3.5	3.5	3.5	3.5	4	4	0	0	0	0	0	0	0	0	0	0	0	0	0	0	67	77	0	25	35	0	0	7	7	4
2708	5.5	3	2	8	3	3	3	3.5	3.5	3.5	3.5	4	0	0	0	0	0	0	0	0	0	0	0	0	0	72	82	0	25	35	0	0	8	8	4
2709	5.5	3	2	9	3	3	3	3	3	3.5	3.5	3.5	3.5	0	0	0	0	0	0	0	0	0	0	0	0	78	0	0	25	0	0	0	0	9	4
2710	5.5	2	2	1	8	0	0	0	0	0	0	0	0	0	0	0	0	0	0	0	0	0	0	0	0	34	44	59	25	35	50	1	1	1	4
2711	5.5	2	2	2	5.5	5.5	0	0	0	0	0	0	0	0	0	0	0	0	0	0	0	0	0	0	0	39	49	64	25	35	50	2	2	2	4
2712	5.5	2	2	3	4.5	4.5	5	0	0	0	0	0	0	0	0	0	0	0	0	0	0	0	0	0	0	45	55	70	25	35	50	3	3	3	4
2713	5.5	2	2	4	4	4	4.5	4.5	0	0	0	0	0	0	0	0	0	0	0	0	0	0	0	0	0	50	60	65	25	35	40	4	4	4	4
2714	5.5	2	2	5	3.5	3.5	3.5	4	4	0	0	0	0	0	0	0	0	0	0	0	0	0	0	0	0	56	66	56	25	35	25	5	5	5	4
2715	5.5	2	2	6	3	3.5	3.5	3.5	3.5	3.5	0	0	0	0	0	0	0	0	0	0	0	0	0	0	0	61	71	0	25	35	0	0	6	6	4
2716	5.5	2	2	7	3	3	3	3	3.5	3.5	3.5	0	0	0	0	0	0	0	0	0	0	0	0	0	0	67	67	0	25	25	0	0	7	7	4
2717	5.5	2	2	8	3	3	3	3	3	3	3.5	3.5	0	0	0	0	0	0	0	0	0	0	0	0	0	67	67	0	20	20	0	0	8	8	4
2718	5.5	2	2	9	2.5	3	3	3	3	3	3	3	3.5	0	0	0	0	0	0	0	0	0	0	0	0	68	0	0	15	0	0	0	0	9	4
2719	5.5	1	2	1	7	0	0	0	0	0	0	0	0	0	0	0	0	0	0	0	0	0	0	0	0	34	44	59	25	35	50	1	1	1	4
2720	5.5	1	2	2	5	5	0	0	0	0	0	0	0	0	0	0	0	0	0	0	0	0	0	0	0	39	49	64	25	35	50	2	2	2	4
2721	5.5	1	2	3	4.5	4.5	4.5	0	0	0	0	0	0	0	0	0	0	0	0	0	0	0	0	0	0	45	55	55	25	35	35	3	3	3	4
2722	5.5	1	2	4	3.5	4	4	4	0	0	0	0	0	0	0	0	0	0	0	0	0	0	0	0	0	50	55	55	25	30	30	4	4	4	4
2723	5.5	1	2	5	3.5	3.5	3.5	3.5	3.5	0	0	0	0	0	0	0	0	0	0	0	0	0	0	0	0	56	56	46	25	25	15	5	5	5	4
2724	5.5	1	2	6	3	3	3.5	3.5	3.5	3.5	0	0	0	0	0	0	0	0	0	0	0	0	0	0	0	55	55	0	19	19	0	0	6	6	4
2725	5.5	1	2	7	3	3	3	3	3	3.5	3.5	0	0	0	0	0	0	0	0	0	0	0	0	0	0	57	57	0	15	15	0	0	7	7	4
2726	5.5	1	2	8	2.5	3	3	3	3	3	3	3	0	0	0	0	0	0	0	0	0	0	0	0	0	62	0	0	10	0	0	0	0	8	4
2727	5	3	2	1	9	0	0	0	0	0	0	0	0	0	0	0	0	0	0	0	0	0	0	0	0	34	44	59	25	35	50	1	1	1	4
2728	5	3	2	2	6.5	7	0	0	0	0	0	0	0	0	0	0	0	0	0	0	0	0	0	0	0	39	49	64	25	35	50	2	2	2	4
2729	5	3	2	3	5.5	5.5	5.5	0	0	0	0	0	0	0	0	0	0	0	0	0	0	0	0	0	0	44	54	69	25	35	50	3	3	3	4
2730	5	3	2	4	4.5	4.5	4.5	5	0	0	0	0	0	0	0	0	0	0	0	0	0	0	0	0	0	49	59	74	25	35	50	4	4	4	4
2731	5	3	2	5	4	4	4	4.5	4.5	0	0	0	0	0	0	0	0	0	0	0	0	0	0	0	0	54	64	74	25	35	45	5	5	5	4
2732	5	3	2	6	4	4	4	4	4	4.5	0	0	0	0	0	0	0	0	0	0	0	0	0	0	0	59	69	0	25	35	0	0	6	6	4
2733	5	3	2	7	3.5	3.5	3.5	3.5	3.5	4	4	0	0	0	0	0	0	0	0	0	0	0	0	0	0	64	74	0	25	35	0	0	7	7	4
2734	5	3	2	8	3	3	3.5	3.5	3.5	3.5	3.5	3.5	0	0	0	0	0	0	0	0	0	0	0	0	0	69	79	0	25	35	0	0	8	8	4
2735	5	3	2	9	3	3	3	3	3	3.5	3.5	3.5	3.5	0	0	0	0	0	0	0	0	0	0	0	0	74	0	0	25	0	0	0	0	9	4
2736	5	2	2	1	8	0	0	0	0	0	0	0	0	0	0	0	0	0	0	0	0	0	0	0	0	34	44	59	25	35	50	1	1	1	4
2737	5	2	2	2	5.5	6	0	0	0	0	0	0	0	0	0	0	0	0	0	0	0	0	0	0	0	39	49	64	25	35	50	2	2	2	4
2738	5	2	2	3	4.5	4.5	4.5	0	0	0	0	0	0	0	0	0	0	0	0	0	0	0	0	0	0	44	54	69	25	35	50	3	3	3	4
2739	5	2	2	4	4	4	4	4.5	0	0	0	0	0	0	0	0	0	0	0	0	0	0	0	0	0	49	59	64	25	35	40	4	4	4	4
2740	5	2	2	5	3.5	3.5	3.5	4	4	0	0	0	0	0	0	0	0	0	0	0	0	0	0	0	0	54	64	59	25	35	30	5	5	5	4
2741	5	2	2	6	3	3.5	3.5	3.5	3.5	3.5	0	0	0	0	0	0	0	0	0	0	0	0	0	0	0	59	69	0	25	35	0	0	6	6	4
2742	5	2	2	7	3	3	3	3	3.5	3.5	3.5	0	0	0	0	0	0	0	0	0	0	0	0	0	0	64	66	0	25	27	0	0	7	7	4
2743	5	2	2	8	3	3	3	3	3	3	3	3.5	0	0	0	0	0	0	0	0	0	0	0	0	0	69	69	0	25	25	0	0	8	8	4
2744	5	2	2	9	2.5	3	3	3	3	3	3	3	3	0	0	0	0	0	0	0	0	0	0	0	0	69	0	0	20	0	0	0	0	9	4
2745	5	1	2	1	7	0	0	0	0	0	0	0	0	0	0	0	0	0	0	0	0	0	0	0	0	34	44	59	25	35	50	1	1	1	4
2746	5	1	2	2	5	5	0	0	0	0	0	0	0	0	0	0	0	0	0	0	0	0	0	0	0	39	49	64	25	35	50	2	2	2	4
2747	5	1	2	3	4.5	4.5	4.5	0	0	0	0	0	0	0	0	0	0	0	0	0	0	0	0	0	0	44	54	54	25	35	35	3	3	3	4
2748	5	1	2	4	3.5	4	4	4	0	0	0	0	0	0	0	0	0	0	0	0	0	0	0	0	0	49	54	54	25	30	30	4	4	4	4
2749	5	1	2	5	3.5	3.5	3.5	3.5	3.5	0	0	0	0	0	0	0	0	0	0	0	0	0	0	0	0	54	57	44	25	28	15	5	5	5	4
2750	5	1	2	6	3	3	3.5	3.5	3.5	3.5	0	0	0	0	0	0	0	0	0	0	0	0	0	0	0	54	54	0	20	20	0	0	6	6	4
2751	5	1	2	7	3	3	3	3	3	3.5	3.5	0	0	0	0	0	0	0	0	0	0	0	0	0	0	54	54	0	15	15	0	0	7	7	4
2752	5	1	2	8	2.5	3	3	3	3	3	3	3	0	0	0	0	0	0	0	0	0	0	0	0	0	56	56	0	12	12	0	0	8	8	4
2753	4.5	3	2	1	9	0	0	0	0	0	0	0	0	0	0	0	0	0	0	0	0	0	0	0	0	35	45	59	25	35	50	1	1	1	4
2754	4.5	3	2	2	7	7.5	0	0	0	0	0	0	0	0	0	0	0	0	0	0	0	0	0	0	0	39	49	64	25	35	50	2	2	2	4
2755	4.5	3	2	3	5.5	6	6	0	0	0	0	0	0	0	0	0	0	0	0	0	0	0	0	0	0	43	53	68	25	35	50	3	3	3	4
2756	4.5	3	2	4	4.5	5	5	5.5	0	0	0	0	0	0	0	0	0	0	0	0	0	0	0	0	0	48	58	73	25	35	50	4	4	4	4
2757	4.5	3	2	5	4	4.5	4.5	4.5	4.5	0	0	0	0	0	0	0	0	0	0	0	0	0	0	0	0	52	62	77	25	35	50	5	5	5	4
2758	4.5	3	2	6	4	4	4	4	4.5	4.5	0	0	0	0	0	0	0	0	0	0	0	0	0	0	0	57	67	0	25	35	0	0	6	6	4
2759	4.5	3	2	7	3.5	3.5	4	4	4	4	4.5	0	0	0	0	0	0	0	0	0	0	0	0	0	0	61	71	0	25	35	0	0	7	7	4
2760	4.5	3	2	8	3	3.5	3.5	3.5	3.5	3.5	4	4	0	0	0	0	0	0	0	0	0	0	0	0	0	65	75	0	25	35	0	0	8	8	4
2761	4.5	3	2	9	3	3	3.5	3.5	3.5	3.5	3.5	3.5	4	0	0	0	0	0	0	0	0	0	0	0	0	70	0	0	25	0	0	0	0	9	4
2762	4.5	2	2	1	8	0	0	0	0	0	0	0	0	0	0	0	0	0	0	0	0	0	0	0	0	35	45	59	25	35	50	1	1	1	4
2763	4.5	2	2	2	5.5	5.5	0	0	0	0	0	0	0	0	0	0	0	0	0	0	0	0	0	0	0	39	49	63	25	35	50	2	2	2	4
2764	4.5	2	2	3	4.5	4.5	4.5	0	0	0	0	0	0	0	0	0	0	0	0	0	0	0	0	0	0	43	53	68	25	35	50	3	3	3	4
2765	4.5	2	2	4	4	4	4	4.5	0	0	0	0	0	0	0	0	0	0	0	0	0	0	0	0	0	48	58	87	25	35	45	4	4	4	4
2766	4.5	2	2	5	3.5	3.5	3.5	4	4	0	0	0	0	0	0	0	0	0	0	0	0	0	0	0	0	52	62	62	25	35	35	5	5	5	4
2767	4.5	2	2	6	3	3.5	3.5	3.5	3.5	3.5	0	0	0	0	0	0	0	0	0	0	0	0	0	0	0	57	66	0	25	35	0	0	6	6	4
2768	4.5	2	2	7	3	3	3	3	3.5	3.5	3.5	0	0	0	0	0	0	0	0	0	0	0	0	0	0	61	66	0	25	30	0	0	7	7	4
2769	4.5	2	2	8	3	3	3	3	3	3	3	3.5	0	0	0	0	0	0	0	0	0	0	0	0	0	65	65	0	25	25	0	0	8	8	4
2770	4.5	2	2	9	2.5	3	3	3	3	3	3	3	3	0	0	0	0	0	0	0	0	0	0	0	0	63	0	0	18	0	0	0	0	9	4
2771	4.5	1	2	1	7	0	0	0	0	0	0	0	0	0	0	0	0	0	0	0	0	0	0	0	0	35	45	59	25	35	50	1	1	1	4
2772	4.5	1	2	2	5	5	0	0	0	0	0	0	0	0	0	0	0	0	0	0	0	0	0	0	0	39	49	63	25	35	50	2	2	2	4
2773	4.5	1	2	3	4	4.5	4.5	0	0	0	0	0	0	0	0	0	0	0	0	0	0	0	0	0	0	43	53	58	25	35	40	3	3	3	4
2774	4.5	1	2	4	3.5	3.5	4	4	0	0	0	0	0	0	0	0	0	0	0	0	0	0	0	0	0	48	57	57	25	35	35	4	4	4	4
2775	4.5	1	2	5	3.5	3.5	3.5	3.5	3.5	0	0	0	0	0	0	0	0	0	0	0	0	0	0	0	0	52	57	47	25	30	20	5	5	5	4
2776	4.5	1	2	6	3	3	3	3	3.5	3.5	0	0	0	0	0	0	0	0	0	0	0	0	0	0	0	56	56	0	25	25	0	0	6	6	4
2777	4.5	1	2	7	3	3	3	3	3	3	3.5	0	0	0	0	0	0	0	0	0	0	0	0	0	0	65	56	0	20	20	0	0	7	7	4
2778	4.5	1	2	8	2.5	3	3	3	3	3	3	3	0	0	0	0	0	0	0	0	0	0	0	0	0	55	55	0	15	15	0	0	8	8	4
2779	4.5	1	2	9	2.5	2.5	2.5	3	3	3	3	3	3	0	0	0	0	0	0	0	0	0	0	0	0	55	0	0	10	0	0	0	0	9	4
2780	4	3	2	1	9	0	0	0	0	0	0	0	0	0	0	0	0	0	0	0	0	0	0	0	0	34	44	59	25	35	50	1	1	1	4
2781	4	3	2	2	6.5	7	0	0	0	0	0	0	0	0	0	0	0	0	0	0	0	0	0	0	0	38	48	63	25	35	50	2	2	2	4
2782	4	3	2	3	5.5	5.5	5.5	0	0	0	0	0	0	0	0	0	0	0	0	0	0	0	0	0	0	42	52	67	25	35	50	3	3	3	4
2783	4	3	2	4	4.5	4.5	5	5	0	0	0	0	0	0	0	0	0	0	0	0	0	0	0	0	0	46	56	71	25	35	50	4	4	4	4
2784	4	3	2	5	4	4	4	4	4.5	0	0	0	0	0	0	0	0	0	0	0	0	0	0	0	0	50	60	75	25	35	50	5	5	5	4
2785	4	3	2	6	3.5	3.5	4	4	4	4	0	0	0	0	0	0	0	0	0	0	0	0	0	0	0	54	64	0	25	35	0	0	6	6	4
2786	4	3	2	7	3.5	3.5	3.5	3.5	3.5	4	4	0	0	0	0	0	0	0	0	0	0	0	0	0	0	58	68	0	25	35	0	0	7	7	4
2787	4	3	2	8	3	3.5	3.5	3.5	3.5	3.5	3.5	3.5	0	0	0	0	0	0	0	0	0	0	0	0	0	62	72	0	25	35	0	0	8	8	4
2788	4	3	2	9	3	3	3	3	3.5	3.5	3.5	3.5	3.5	0	0	0	0	0	0	0	0	0	0	0	0	66	0	0	25	0	0	0	0	9	4
2789	4	2	2	1	8	0	0	0	0	0	0	0	0	0	0	0	0	0	0	0	0	0	0	0	0	34	44	59	25	35	50	1	1	1	4
2790	4	2	2	2	5.5	5.5	0	0	0	0	0	0	0	0	0	0	0	0	0	0	0	0	0	0	0	38	48	63	25	35	50	2	2	2	4
2791	4	2	2	3	4.5	4.5	4.5	0	0	0	0	0	0	0	0	0	0	0	0	0	0	0	0	0	0	42	52	67	25	35	50	3	3	3	4
2792	4	2	2	4	4	4	4	4.5	0	0	0	0	0	0	0	0	0	0	0	0	0	0	0	0	0	46	56	66	25	35	45	4	4	4	4
2793	4	2	2	5	3.5	3.5	3.5	4	4	0	0	0	0	0	0	0	0	0	0	0	0	0	0	0	0	50	60	60	25	35	35	5	5	5	4
2794	4	2	2	6	3	3.5	3.5	3.5	3.5	3.5	0	0	0	0	0	0	0	0	0	0	0	0	0	0	0	54	64	0	25	35	0	0	6	6	4
2795	4	2	2	7	3	3	3	3	3.5	3.5	3.5	0	0	0	0	0	0	0	0	0	0	0	0	0	0	58	63	0	25	30	0	0	7	7	4
2796	4	2	2	8	3	3	3	3	3	3	3	3.5	0	0	0	0	0	0	0	0	0	0	0	0	0	62	62	0	25	25	0	0	8	8	4
2797	4	2	2	9	2.5	3	3	3	3	3	3	3	3	0	0	0	0	0	0	0	0	0	0	0	0	61	0	0	20	0	0	0	0	9	4
2798	4	1	2	1	7	0	0	0	0	0	0	0	0	0	0	0	0	0	0	0	0	0	0	0	0	34	44	59	25	35	50	1	1	1	4
2799	4	1	2	2	5	5	0	0	0	0	0	0	0	0	0	0	0	0	0	0	0	0	0	0	0	38	48	63	25	35	50	2	2	2	4
2800	4	1	2	3	4	4.5	4.5	0	0	0	0	0	0	0	0	0	0	0	0	0	0	0	0	0	0	42	52	57	25	35	40	3	3	3	4
2801	4	1	2	4	3.5	3.5	4	4	0	0	0	0	0	0	0	0	0	0	0	0	0	0	0	0	0	46	56	56	25	35	35	4	4	4	4
2802	4	1	2	5	3.5	3.5	3.5	3.5	3.5	0	0	0	0	0	0	0	0	0	0	0	0	0	0	0	0	50	55	55	25	30	30	5	5	5	4
2803	4	1	2	6	3	3	3	3	3.5	3.5	0	0	0	0	0	0	0	0	0	0	0	0	0	0	0	54	59	0	25	30	0	0	6	6	4
2804	4	1	2	7	3	3	3	3	3	3	3.5	0	0	0	0	0	0	0	0	0	0	0	0	0	0	53	53	0	20	20	0	0	7	7	4
2805	4	1	2	8	2.5	3	3	3	3	3	3	3	0	0	0	0	0	0	0	0	0	0	0	0	0	52	52	0	15	15	0	0	8	8	4
2806	4	1	2	9	2.5	2.5	2.5	3	3	3	3	3	3	0	0	0	0	0	0	0	0	0	0	0	0	51	0	0	10	0	0	0	0	9	4
2807	3.5	3	2	1	9	0	0	0	0	0	0	0	0	0	0	0	0	0	0	0	0	0	0	0	0	34	44	59	25	35	50	1	1	1	4
2808	3.5	3	2	2	6.5	7	0	0	0	0	0	0	0	0	0	0	0	0	0	0	0	0	0	0	0	37	47	62	25	35	50	2	2	2	4
2809	3.5	3	2	3	5.5	5.5	6	0	0	0	0	0	0	0	0	0	0	0	0	0	0	0	0	0	0	41	51	66	25	35	50	3	3	3	4
2810	3.5	3	2	4	4.5	4.5	5	5	0	0	0	0	0	0	0	0	0	0	0	0	0	0	0	0	0	44	54	69	25	35	50	4	4	4	4
2811	3.5	3	2	5	4	4	4	4.5	4.5	0	0	0	0	0	0	0	0	0	0	0	0	0	0	0	0	48	58	73	25	35	50	5	5	5	4
2812	3.5	3	2	6	3.5	3.5	4	4	4	4	0	0	0	0	0	0	0	0	0	0	0	0	0	0	0	51	61	0	25	35	0	0	6	6	4
2813	3.5	3	2	7	3.5	3.5	3.5	3.5	3.5	4	4	0	0	0	0	0	0	0	0	0	0	0	0	0	0	55	65	0	25	35	0	0	7	7	4
2814	3.5	3	2	8	3.5	3.5	3.5	3.5	3.5	3.5	3.5	3.5	0	0	0	0	0	0	0	0	0	0	0	0	0	58	68	0	25	35	0	0	8	8	4
2815	3.5	3	2	9	3	3	3	3	3	3.5	3.5	3.5	3.5	0	0	0	0	0	0	0	0	0	0	0	0	62	0	0	25	0	0	0	0	9	4
2816	3.5	2	2	1	8	0	0	0	0	0	0	0	0	0	0	0	0	0	0	0	0	0	0	0	0	34	44	59	25	35	50	1	1	1	4
2817	3.5	2	2	2	6	6	0	0	0	0	0	0	0	0	0	0	0	0	0	0	0	0	0	0	0	37	47	62	25	35	50	2	2	2	4
2818	3.5	2	2	3	4.5	4.5	5	0	0	0	0	0	0	0	0	0	0	0	0	0	0	0	0	0	0	41	51	66	25	35	50	3	3	3	4
2819	3.5	2	2	4	4	4	4	4	0	0	0	0	0	0	0	0	0	0	0	0	0	0	0	0	0	44	54	69	25	35	50	4	4	4	4
2820	3.5	2	2	5	3.5	3.5	3.5	4	4	0	0	0	0	0	0	0	0	0	0	0	0	0	0	0	0	48	58	63	25	35	40	5	5	5	4
2821	3.5	2	2	6	3	3	3.5	3.5	3.5	3.5	0	0	0	0	0	0	0	0	0	0	0	0	0	0	0	51	61	0	25	35	0	0	6	6	4
2822	3.5	2	2	7	3	3	3	3.5	3.5	3.5	3.5	0	0	0	0	0	0	0	0	0	0	0	0	0	0	55	60	0	25	30	0	0	7	7	4
2823	3.5	2	2	8	3	3	3	3	3	3	3.5	3.5	0	0	0	0	0	0	0	0	0	0	0	0	0	58	58	0	25	25	0	0	8	8	4
2824	3.5	2	2	9	2.5	3	3	3	3	3	3	3	3	0	0	0	0	0	0	0	0	0	0	0	0	57	0	0	20	0	0	0	0	9	4
2825	3.5	1	2	1	7	0	0	0	0	0	0	0	0	0	0	0	0	0	0	0	0	0	0	0	0	34	44	59	25	35	50	1	1	1	4
2826	3.5	1	2	2	5	5	0	0	0	0	0	0	0	0	0	0	0	0	0	0	0	0	0	0	0	37	47	62	25	35	50	2	2	2	4
2827	3.5	1	2	3	4	4.5	4.5	0	0	0	0	0	0	0	0	0	0	0	0	0	0	0	0	0	0	41	51	56	25	35	40	3	3	3	4
2828	3.5	1	2	4	3.5	3.5	4	4	0	0	0	0	0	0	0	0	0	0	0	0	0	0	0	0	0	44	54	54	25	35	35	4	4	4	4
2829	3.5	1	2	5	3.5	3.5	3.5	3.5	3.5	0	0	0	0	0	0	0	0	0	0	0	0	0	0	0	0	48	53	53	25	30	30	5	5	5	4
2830	3.5	1	2	6	3	3	3	3	3.5	3.5	0	0	0	0	0	0	0	0	0	0	0	0	0	0	0	51	56	0	25	30	0	0	6	6	4
2831	3.5	1	2	7	3	3	3	3	3	3	3.5	0	0	0	0	0	0	0	0	0	0	0	0	0	0	50	50	0	20	20	0	0	7	7	4
2832	3.5	1	2	8	2.5	3	3	3	3	3	3	3	0	0	0	0	0	0	0	0	0	0	0	0	0	50	50	0	17	17	0	0	8	8	4
2833	3.5	1	2	9	2.5	2.5	2.5	3	3	3	3	3	3	0	0	0	0	0	0	0	0	0	0	0	0	49	0	0	12	0	0	0	0	9	4
2834	3	3	2	1	9	0	0	0	0	0	0	0	0	0	0	0	0	0	0	0	0	0	0	0	0	34	44	59	25	35	50	1	1	1	4
2835	3	3	2	2	7	7	0	0	0	0	0	0	0	0	0	0	0	0	0	0	0	0	0	0	0	37	47	62	25	35	50	2	2	2	4
2836	3	3	2	3	5.5	5.5	5.5	0	0	0	0	0	0	0	0	0	0	0	0	0	0	0	0	0	0	40	50	65	25	35	50	3	3	3	4
2837	3	3	2	4	4.5	4.5	5	5	0	0	0	0	0	0	0	0	0	0	0	0	0	0	0	0	0	43	53	68	25	35	50	4	4	4	4
2838	3	3	2	5	4	4	4	4.5	4.5	0	0	0	0	0	0	0	0	0	0	0	0	0	0	0	0	46	56	71	25	35	50	5	5	5	4
2839	3	3	2	6	3.5	3.5	3.5	4	4	4	0	0	0	0	0	0	0	0	0	0	0	0	0	0	0	49	59	0	25	35	0	0	6	6	4
2840	3	3	2	7	3.5	3.5	3.5	3.5	3.5	3.5	4	0	0	0	0	0	0	0	0	0	0	0	0	0	0	52	62	0	25	35	0	0	7	7	4
2841	3	3	2	8	3	3	3.5	3.5	3.5	3.5	3.5	3.5	0	0	0	0	0	0	0	0	0	0	0	0	0	55	65	0	25	35	0	0	8	8	4
2842	3	3	2	9	3	3	3	3	3.5	3.5	3.5	3.5	3.5	0	0	0	0	0	0	0	0	0	0	0	0	58	0	0	25	0	0	0	0	9	4
2843	3	2	2	1	8	0	0	0	0	0	0	0	0	0	0	0	0	0	0	0	0	0	0	0	0	34	44	59	25	35	50	1	1	1	4
2844	3	2	2	2	6	6	0	0	0	0	0	0	0	0	0	0	0	0	0	0	0	0	0	0	0	37	47	62	25	35	50	2	2	2	4
2845	3	2	2	3	4.5	4.5	5	0	0	0	0	0	0	0	0	0	0	0	0	0	0	0	0	0	0	40	50	65	25	35	50	3	3	3	4
2846	3	2	2	4	4	4	4	4	0	0	0	0	0	0	0	0	0	0	0	0	0	0	0	0	0	43	53	68	25	35	50	4	4	4	4
2847	3	2	2	5	3.5	3.5	3.5	4	4	0	0	0	0	0	0	0	0	0	0	0	0	0	0	0	0	46	56	56	25	35	40	5	5	5	4
2848	3	2	2	6	3	3	3.5	3.5	3.5	3.5	0	0	0	0	0	0	0	0	0	0	0	0	0	0	0	49	59	0	25	35	0	0	6	6	4
2849	3	2	2	7	3	3	3	3.5	3.5	3.5	3.5	0	0	0	0	0	0	0	0	0	0	0	0	0	0	52	57	0	25	30	0	0	7	7	4
2850	3	2	2	8	3	3	3	3	3	3.5	3.5	3.5	0	0	0	0	0	0	0	0	0	0	0	0	0	55	55	0	25	25	0	0	8	8	4
2851	3	2	2	9	3	3	3	3	3	3	3	3	3.5	0	0	0	0	0	0	0	0	0	0	0	0	53	0	0	20	0	0	0	0	9	4
2852	3	1	2	1	7	0	0	0	0	0	0	0	0	0	0	0	0	0	0	0	0	0	0	0	0	34	44	59	25	35	50	1	1	1	4
2853	3	1	2	2	5	5	0	0	0	0	0	0	0	0	0	0	0	0	0	0	0	0	0	0	0	37	47	62	25	35	50	2	2	2	4
2854	3	1	2	3	4	4.5	4.5	0	0	0	0	0	0	0	0	0	0	0	0	0	0	0	0	0	0	40	50	55	25	35	40	3	3	3	4
2855	3	1	2	4	3.5	3.5	4	4	0	0	0	0	0	0	0	0	0	0	0	0	0	0	0	0	0	43	53	58	25	35	40	4	4	4	4
2856	3	1	2	5	3.5	3.5	3.5	3.5	3.5	0	0	0	0	0	0	0	0	0	0	0	0	0	0	0	0	46	56	56	25	35	35	5	5	5	4
2857	3	1	2	6	3	3	3	3	3.5	3.5	0	0	0	0	0	0	0	0	0	0	0	0	0	0	0	49	54	0	25	30	0	0	6	6	4
2858	3	1	2	7	3	3	3	3	3	3	3.5	0	0	0	0	0	0	0	0	0	0	0	0	0	0	52	52	0	25	25	0	0	7	7	4
2859	3	1	2	8	2.5	3	3	3	3	3	3	3	0	0	0	0	0	0	0	0	0	0	0	0	0	50	50	0	20	20	0	0	8	8	4
2860	3	1	2	9	2.5	2.5	2.5	3	3	3	3	3	3	0	0	0	0	0	0	0	0	0	0	0	0	48	0	0	15	0	0	0	0	9	4
2861	2.5	3	2	1	9	0	0	0	0	0	0	0	0	0	0	0	0	0	0	0	0	0	0	0	0	34	44	59	25	35	50	1	1	1	4
2862	2.5	3	2	2	7	7	0	0	0	0	0	0	0	0	0	0	0	0	0	0	0	0	0	0	0	36	46	61	25	35	50	2	2	2	4
2863	2.5	3	2	3	5.5	5.5	5.5	0	0	0	0	0	0	0	0	0	0	0	0	0	0	0	0	0	0	39	49	64	25	35	50	3	3	3	4
2864	2.5	3	2	4	4.5	5	5	5	0	0	0	0	0	0	0	0	0	0	0	0	0	0	0	0	0	41	51	66	25	35	50	4	4	4	4
2865	2.5	3	2	5	4	4	4.5	4.5	4.5	0	0	0	0	0	0	0	0	0	0	0	0	0	0	0	0	44	54	69	25	35	50	5	5	5	4
2866	2.5	3	2	6	3.5	3.5	4	4	4	4	0	0	0	0	0	0	0	0	0	0	0	0	0	0	0	46	56	0	25	35	0	0	6	6	4
2867	2.5	3	2	7	3.5	3.5	3.5	3.5	3.5	3.5	4	0	0	0	0	0	0	0	0	0	0	0	0	0	0	49	59	0	25	35	0	0	7	7	4
2868	2.5	3	2	8	3.5	3.5	3.5	3.5	3.5	3.5	3.5	3.5	0	0	0	0	0	0	0	0	0	0	0	0	0	51	61	0	25	35	0	0	8	8	4
2869	2.5	3	2	9	3	3	3	3.5	3.5	3.5	3.5	3.5	3.5	0	0	0	0	0	0	0	0	0	0	0	0	54	0	0	25	0	0	0	0	9	4
2870	2.5	2	2	1	8	0	0	0	0	0	0	0	0	0	0	0	0	0	0	0	0	0	0	0	0	34	44	59	25	35	50	1	1	1	4
2871	2.5	2	2	2	5.5	6	0	0	0	0	0	0	0	0	0	0	0	0	0	0	0	0	0	0	0	36	46	61	25	35	50	2	2	2	4
2872	2.5	2	2	3	4.5	4.5	5	0	0	0	0	0	0	0	0	0	0	0	0	0	0	0	0	0	0	39	49	64	25	35	50	3	3	3	4
2873	2.5	2	2	4	4	4	4	4	0	0	0	0	0	0	0	0	0	0	0	0	0	0	0	0	0	41	51	66	25	35	50	4	4	4	4
2874	2.5	2	2	5	3.5	3.5	3.5	4	4	0	0	0	0	0	0	0	0	0	0	0	0	0	0	0	0	44	54	64	25	35	45	5	5	5	4
2875	2.5	2	2	6	3	3	3.5	3.5	3.5	3.5	0	0	0	0	0	0	0	0	0	0	0	0	0	0	0	46	56	0	25	35	0	0	6	6	4
2876	2.5	2	2	7	3	3	3	3	3.5	3.5	3.5	0	0	0	0	0	0	0	0	0	0	0	0	0	0	49	59	0	25	35	0	0	7	7	4
2877	2.5	2	2	8	3	3	3	3	3	3	3.5	3.5	0	0	0	0	0	0	0	0	0	0	0	0	0	51	56	0	25	30	0	0	8	8	4
2878	2.5	2	2	9	3	3	3	3	3	3	3	3	3	0	0	0	0	0	0	0	0	0	0	0	0	54	0	0	25	0	0	0	0	9	4
2879	2.5	1	2	1	7	0	0	0	0	0	0	0	0	0	0	0	0	0	0	0	0	0	0	0	0	34	44	59	25	35	50	1	1	1	4
2880	2.5	1	2	2	5	5	0	0	0	0	0	0	0	0	0	0	0	0	0	0	0	0	0	0	0	36	46	61	25	35	50	2	2	2	4
2881	2.5	1	2	3	4	4.5	4.5	0	0	0	0	0	0	0	0	0	0	0	0	0	0	0	0	0	0	39	49	59	25	35	45	3	3	3	4
2882	2.5	1	2	4	3.5	3.5	4	4	0	0	0	0	0	0	0	0	0	0	0	0	0	0	0	0	0	41	51	56	25	35	40	4	4	4	4
2883	2.5	1	2	5	3.5	3.5	3.5	3.5	3.5	0	0	0	0	0	0	0	0	0	0	0	0	0	0	0	0	44	54	54	25	35	35	5	5	5	4
2884	2.5	1	2	6	3	3	3	3	3.5	3.5	0	0	0	0	0	0	0	0	0	0	0	0	0	0	0	46	51	0	25	30	0	0	6	6	4
2885	2.5	1	2	7	3	3	3	3	3	3	3	0	0	0	0	0	0	0	0	0	0	0	0	0	0	49	49	0	25	25	0	0	7	7	4
2886	2.5	1	2	8	2.5	3	3	3	3	3	3	3	0	0	0	0	0	0	0	0	0	0	0	0	0	46	46	0	20	20	0	0	8	8	4
2887	2.5	1	2	9	2.5	2.5	3	3	3	3	3	3	3	0	0	0	0	0	0	0	0	0	0	0	0	44	0	0	15	0	0	0	0	9	4
2888	12	3	4	1	7	0	0	0	0	0	0	0	0	0	0	0	0	0	0	0	0	0	0	0	0	43	53	68	25	35	50	1	1	1	4
2889	12	3	4	2	5	5	0	0	0	0	0	0	0	0	0	0	0	0	0	0	0	0	0	0	0	56	66	71	25	35	40	2	2	2	4
2890	12	3	4	3	4	4	4.5	0	0	0	0	0	0	0	0	0	0	0	0	0	0	0	0	0	0	67	72	0	25	30	0	0	3	3	4
2891	12	3	4	4	3.5	4	4	4	0	0	0	0	0	0	0	0	0	0	0	0	0	0	0	0	0	69	67	0	15	13	0	0	4	4	4
2892	12	2	4	1	5.5	0	0	0	0	0	0	0	0	0	0	0	0	0	0	0	0	0	0	0	0	43	53	68	25	35	50	1	1	1	4
2893	12	2	4	2	4.5	4.5	0	0	0	0	0	0	0	0	0	0	0	0	0	0	0	0	0	0	0	50	50	50	20	20	20	2	2	2	4
2894	12	2	4	3	4	4	4	0	0	0	0	0	0	0	0	0	0	0	0	0	0	0	0	0	0	54	54	0	12	12	0	0	3	3	4
2895	12	2	4	4	3.5	3.5	3.5	3.5	0	0	0	0	0	0	0	0	0	0	0	0	0	0	0	0	0	61	0	0	7	0	0	0	0	4	4
2896	12	1	4	1	5	0	0	0	0	0	0	0	0	0	0	0	0	0	0	0	0	0	0	0	0	43	53	63	25	35	45	1	1	1	4
2897	12	1	4	2	4	4	0	0	0	0	0	0	0	0	0	0	0	0	0	0	0	0	0	0	0	50	50	38	20	20	8	2	2	2	4
2898	12	1	4	3	3.5	3.5	3.5	0	0	0	0	0	0	0	0	0	0	0	0	0	0	0	0	0	0	52	47	0	10	5	0	0	3	3	4
2899	11.5	3	4	1	7	0	0	0	0	0	0	0	0	0	0	0	0	0	0	0	0	0	0	0	0	43	53	68	25	35	50	1	1	1	4
2900	11.5	3	4	2	5	5	0	0	0	0	0	0	0	0	0	0	0	0	0	0	0	0	0	0	0	55	65	70	25	35	40	2	2	2	4
2901	11.5	3	4	3	4	4	4.5	0	0	0	0	0	0	0	0	0	0	0	0	0	0	0	0	0	0	66	71	0	25	30	0	0	3	3	4
2902	11.5	3	4	4	3.5	4	4	4	0	0	0	0	0	0	0	0	0	0	0	0	0	0	0	0	0	68	68	0	15	15	0	0	4	4	4
2903	11.5	2	4	1	5.5	0	0	0	0	0	0	0	0	0	0	0	0	0	0	0	0	0	0	0	0	43	53	68	25	35	50	1	1	1	4
2904	11.5	2	4	2	4.5	4.5	0	0	0	0	0	0	0	0	0	0	0	0	0	0	0	0	0	0	0	50	50	50	20	20	20	2	2	2	4
2905	11.5	2	4	3	4	4	4	0	0	0	0	0	0	0	0	0	0	0	0	0	0	0	0	0	0	53	53	0	12	12	0	0	3	3	4
2906	11.5	2	4	4	3.5	3.5	3.5	3.5	0	0	0	0	0	0	0	0	0	0	0	0	0	0	0	0	0	61	0	0	8	0	0	0	0	4	4
2907	11.5	1	4	1	5	0	0	0	0	0	0	0	0	0	0	0	0	0	0	0	0	0	0	0	0	43	53	63	25	35	45	1	1	1	4
2908	11.5	1	4	2	4	4	0	0	0	0	0	0	0	0	0	0	0	0	0	0	0	0	0	0	0	50	50	40	20	20	10	2	2	2	4
2909	11.5	1	4	3	3.5	3.5	3.5	0	0	0	0	0	0	0	0	0	0	0	0	0	0	0	0	0	0	51	49	0	10	8	0	0	3	3	4
2910	11	3	4	1	7	0	0	0	0	0	0	0	0	0	0	0	0	0	0	0	0	0	0	0	0	43	53	68	25	35	50	1	1	1	4
2911	11	3	4	2	5	5	0	0	0	0	0	0	0	0	0	0	0	0	0	0	0	0	0	0	0	54	64	69	25	35	40	2	2	2	4
2912	11	3	4	3	4	4	4.5	0	0	0	0	0	0	0	0	0	0	0	0	0	0	0	0	0	0	65	70	0	25	30	0	0	3	3	4
2913	11	3	4	4	3.5	4	4	4	0	0	0	0	0	0	0	0	0	0	0	0	0	0	0	0	0	66	66	0	15	15	0	0	4	4	4
2914	11	2	4	1	5.5	0	0	0	0	0	0	0	0	0	0	0	0	0	0	0	0	0	0	0	0	43	53	68	25	35	50	1	1	1	4
2915	11	2	4	2	4.5	4.5	0	0	0	0	0	0	0	0	0	0	0	0	0	0	0	0	0	0	0	49	49	49	20	20	20	2	2	2	4
2916	11	2	4	3	4	4	4	0	0	0	0	0	0	0	0	0	0	0	0	0	0	0	0	0	0	55	55	0	15	15	0	0	3	3	4
2917	11	2	4	4	3.5	3.5	3.5	3.5	0	0	0	0	0	0	0	0	0	0	0	0	0	0	0	0	0	61	0	0	10	0	0	0	0	4	4
2918	11	1	4	1	5	0	0	0	0	0	0	0	0	0	0	0	0	0	0	0	0	0	0	0	0	43	53	63	25	35	45	1	1	1	4
2919	11	1	4	2	4	4	0	0	0	0	0	0	0	0	0	0	0	0	0	0	0	0	0	0	0	49	49	45	20	20	16	2	2	2	4
2920	11	1	4	3	3.5	3.5	3.5	0	0	0	0	0	0	0	0	0	0	0	0	0	0	0	0	0	0	52	50	0	12	10	0	0	3	3	4
2921	11	1	4	4	3	3	3	3	0	0	0	0	0	0	0	0	0	0	0	0	0	0	0	0	0	56	0	0	5	0	0	0	0	4	4
2922	10.5	3	4	1	7	0	0	0	0	0	0	0	0	0	0	0	0	0	0	0	0	0	0	0	0	43	53	68	25	35	50	1	1	1	4
2923	10.5	3	4	2	5	5	0	0	0	0	0	0	0	0	0	0	0	0	0	0	0	0	0	0	0	54	64	69	25	35	40	2	2	2	4
2924	10.5	3	4	3	4	4	4.5	0	0	0	0	0	0	0	0	0	0	0	0	0	0	0	0	0	0	64	69	0	25	30	0	0	3	3	4
2925	10.5	3	4	4	3.5	4	4	4	0	0	0	0	0	0	0	0	0	0	0	0	0	0	0	0	0	65	65	0	15	15	0	0	4	4	4
2926	10.5	2	4	1	5.5	0	0	0	0	0	0	0	0	0	0	0	0	0	0	0	0	0	0	0	0	43	53	68	25	35	50	1	1	1	4
2927	10.5	2	4	2	4.5	4.5	0	0	0	0	0	0	0	0	0	0	0	0	0	0	0	0	0	0	0	49	49	49	20	20	20	2	2	2	4
2928	10.5	2	4	3	4	4	4	0	0	0	0	0	0	0	0	0	0	0	0	0	0	0	0	0	0	54	54	0	15	15	0	0	3	3	4
2929	10.5	2	4	4	3.5	3.5	3.5	3.5	0	0	0	0	0	0	0	0	0	0	0	0	0	0	0	0	0	60	0	0	10	0	0	0	0	4	4
2930	10.5	1	4	1	5	0	0	0	0	0	0	0	0	0	0	0	0	0	0	0	0	0	0	0	0	43	53	63	25	35	45	1	1	1	4
2931	10.5	1	4	2	4	4	0	0	0	0	0	0	0	0	0	0	0	0	0	0	0	0	0	0	0	49	49	45	20	20	16	2	2	2	4
2932	10.5	1	4	3	3.5	3.5	3.5	0	0	0	0	0	0	0	0	0	0	0	0	0	0	0	0	0	0	51	51	0	12	12	0	0	3	3	4
2933	10.5	1	4	4	3	3	3	3	0	0	0	0	0	0	0	0	0	0	0	0	0	0	0	0	0	58	0	0	8	0	0	0	0	4	4
2934	10	3	4	1	7	0	0	0	0	0	0	0	0	0	0	0	0	0	0	0	0	0	0	0	0	43	53	68	25	35	50	1	1	1	4
2935	10	3	4	2	5	5	0	0	0	0	0	0	0	0	0	0	0	0	0	0	0	0	0	0	0	53	63	68	25	35	40	2	2	2	4
2936	10	3	4	3	4	4	4.5	0	0	0	0	0	0	0	0	0	0	0	0	0	0	0	0	0	0	63	68	0	25	30	0	0	3	3	4
2937	10	3	4	4	3.5	4	4	4	0	0	0	0	0	0	0	0	0	0	0	0	0	0	0	0	0	65	65	0	17	17	0	0	4	4	4
2938	10	2	4	1	5.5	0	0	0	0	0	0	0	0	0	0	0	0	0	0	0	0	0	0	0	0	43	53	68	25	35	50	1	1	1	4
2939	10	2	4	2	4.5	4.5	0	0	0	0	0	0	0	0	0	0	0	0	0	0	0	0	0	0	0	48	48	48	20	20	20	2	2	2	4
2940	10	2	4	3	4	4	4	0	0	0	0	0	0	0	0	0	0	0	0	0	0	0	0	0	0	53	53	0	15	15	0	0	3	3	4
2941	10	2	4	4	3.5	3.5	3.5	3.5	0	0	0	0	0	0	0	0	0	0	0	0	0	0	0	0	0	58	0	0	10	0	0	0	0	4	4
2942	10	1	4	1	5	0	0	0	0	0	0	0	0	0	0	0	0	0	0	0	0	0	0	0	0	43	53	63	25	35	45	1	1	1	4
2943	10	1	4	2	4	4	0	0	0	0	0	0	0	0	0	0	0	0	0	0	0	0	0	0	0	48	48	46	20	20	18	2	2	2	4
2944	10	1	4	3	3.5	3.5	3.5	0	0	0	0	0	0	0	0	0	0	0	0	0	0	0	0	0	0	50	50	0	12	12	0	0	3	3	4
2945	10	1	4	4	3	3	3	3	0	0	0	0	0	0	0	0	0	0	0	0	0	0	0	0	0	58	0	0	10	0	0	0	0	4	4
2946	9.5	3	4	1	7	0	0	0	0	0	0	0	0	0	0	0	0	0	0	0	0	0	0	0	0	43	53	68	25	35	50	1	1	1	4
2947	9.5	3	4	2	5	5	0	0	0	0	0	0	0	0	0	0	0	0	0	0	0	0	0	0	0	53	63	68	25	35	40	2	2	2	4
2948	9.5	3	4	3	4	4	4.5	0	0	0	0	0	0	0	0	0	0	0	0	0	0	0	0	0	0	63	68	0	25	30	0	0	3	3	4
2949	9.5	3	4	4	3.5	4	4	4	0	0	0	0	0	0	0	0	0	0	0	0	0	0	0	0	0	63	63	0	17	17	0	0	4	4	4
2950	9.5	2	4	1	5.5	0	0	0	0	0	0	0	0	0	0	0	0	0	0	0	0	0	0	0	0	43	53	68	25	35	50	1	1	1	4
2951	9.5	2	4	2	4.5	4.5	0	0	0	0	0	0	0	0	0	0	0	0	0	0	0	0	0	0	0	48	48	48	20	20	20	2	2	2	4
2952	9.5	2	4	3	4	4	4	0	0	0	0	0	0	0	0	0	0	0	0	0	0	0	0	0	0	52	52	0	15	15	0	0	3	3	4
2953	9.5	2	4	4	3.5	3.5	3.5	3.5	0	0	0	0	0	0	0	0	0	0	0	0	0	0	0	0	0	57	52	0	10	5	0	0	4	4	4
2954	9.5	1	4	1	5	0	0	0	0	0	0	0	0	0	0	0	0	0	0	0	0	0	0	0	0	43	53	63	25	35	45	1	1	1	4
2955	9.5	1	4	2	4	4	0	0	0	0	0	0	0	0	0	0	0	0	0	0	0	0	0	0	0	48	48	46	20	20	18	2	2	2	4
2956	9.5	1	4	3	3.5	3.5	3.5	0	0	0	0	0	0	0	0	0	0	0	0	0	0	0	0	0	0	57	57	0	12	12	0	0	3	3	4
2957	9.5	1	4	4	3	3	3	3	0	0	0	0	0	0	0	0	0	0	0	0	0	0	0	0	0	57	0	0	10	0	0	0	0	4	4
2958	9	3	4	1	7	0	0	0	0	0	0	0	0	0	0	0	0	0	0	0	0	0	0	0	0	43	53	68	25	35	50	1	1	1	4
2959	9	3	4	2	5	5	0	0	0	0	0	0	0	0	0	0	0	0	0	0	0	0	0	0	0	52	62	67	25	35	40	2	2	2	4
2960	9	3	4	3	4	4	4.5	0	0	0	0	0	0	0	0	0	0	0	0	0	0	0	0	0	0	61	66	0	25	30	0	0	3	3	4
2961	9	3	4	4	3.5	4	4	4	0	0	0	0	0	0	0	0	0	0	0	0	0	0	0	0	0	65	65	0	20	20	0	0	4	4	4
2962	9	2	4	1	5.5	0	0	0	0	0	0	0	0	0	0	0	0	0	0	0	0	0	0	0	0	43	53	68	25	35	50	1	1	1	4
2963	9	2	4	2	4.5	4.5	0	0	0	0	0	0	0	0	0	0	0	0	0	0	0	0	0	0	0	47	47	47	20	20	20	2	2	2	4
2964	9	2	4	3	3.5	4	4	0	0	0	0	0	0	0	0	0	0	0	0	0	0	0	0	0	0	51	51	0	15	15	0	0	3	3	4
2965	9	2	4	4	3.5	3.5	3.5	3.5	0	0	0	0	0	0	0	0	0	0	0	0	0	0	0	0	0	55	50	0	10	5	0	0	4	4	4
2966	9	1	4	1	5	0	0	0	0	0	0	0	0	0	0	0	0	0	0	0	0	0	0	0	0	43	53	63	25	35	45	1	1	1	4
2967	9	1	4	2	4	4	0	0	0	0	0	0	0	0	0	0	0	0	0	0	0	0	0	0	0	47	47	45	20	20	18	2	2	2	4
2968	9	1	4	3	3.5	3.5	3.5	0	0	0	0	0	0	0	0	0	0	0	0	0	0	0	0	0	0	48	48	0	12	12	0	0	3	3	4
2969	9	1	4	4	3	3	3	3	0	0	0	0	0	0	0	0	0	0	0	0	0	0	0	0	0	55	0	0	10	0	0	0	0	4	4
2970	8.5	3	4	1	7	0	0	0	0	0	0	0	0	0	0	0	0	0	0	0	0	0	0	0	0	43	53	68	25	35	50	1	1	1	4
2971	8.5	3	4	2	5	5	0	0	0	0	0	0	0	0	0	0	0	0	0	0	0	0	0	0	0	51	61	66	25	35	40	2	2	2	4
2972	8.5	3	4	3	4	4	4.5	0	0	0	0	0	0	0	0	0	0	0	0	0	0	0	0	0	0	60	65	0	25	30	0	0	3	3	4
2973	8.5	3	4	4	3.5	4	4	4	0	0	0	0	0	0	0	0	0	0	0	0	0	0	0	0	0	63	63	0	20	20	0	0	4	4	4
2974	8.5	2	4	1	5.5	0	0	0	0	0	0	0	0	0	0	0	0	0	0	0	0	0	0	0	0	43	53	68	25	35	50	1	1	1	4
2975	8.5	2	4	2	4.5	4.5	0	0	0	0	0	0	0	0	0	0	0	0	0	0	0	0	0	0	0	46	46	46	20	20	20	2	2	2	4
2976	8.5	2	4	3	3.5	4	4	0	0	0	0	0	0	0	0	0	0	0	0	0	0	0	0	0	0	50	50	0	15	15	0	0	3	3	4
2977	8.5	2	4	4	3.5	3.5	3.5	3.5	0	0	0	0	0	0	0	0	0	0	0	0	0	0	0	0	0	53	50	0	10	7	0	0	4	4	4
2978	8.5	1	4	1	5	0	0	0	0	0	0	0	0	0	0	0	0	0	0	0	0	0	0	0	0	43	53	63	25	35	45	1	1	1	4
2979	8.5	1	4	2	4	4	0	0	0	0	0	0	0	0	0	0	0	0	0	0	0	0	0	0	0	46	46	46	20	20	20	2	2	2	4
2980	8.5	1	4	3	3.5	3.5	3.5	0	0	0	0	0	0	0	0	0	0	0	0	0	0	0	0	0	0	49	49	0	14	14	0	0	3	3	4
2981	8.5	1	4	4	3	3	3	3	0	0	0	0	0	0	0	0	0	0	0	0	0	0	0	0	0	53	0	0	10	0	0	0	0	4	4
2982	8	3	4	1	7	0	0	0	0	0	0	0	0	0	0	0	0	0	0	0	0	0	0	0	0	43	53	68	25	35	50	1	1	1	4
2983	8	3	4	2	5	5	0	0	0	0	0	0	0	0	0	0	0	0	0	0	0	0	0	0	0	51	61	71	25	35	45	2	2	2	4
2984	8	3	4	3	4	4	4.5	0	0	0	0	0	0	0	0	0	0	0	0	0	0	0	0	0	0	59	69	0	25	35	0	0	3	3	4
2985	8	3	4	4	3.5	4	4	4	0	0	0	0	0	0	0	0	0	0	0	0	0	0	0	0	0	62	62	0	20	20	0	0	4	4	4
2986	8	2	4	1	5.5	0	0	0	0	0	0	0	0	0	0	0	0	0	0	0	0	0	0	0	0	43	53	68	25	35	50	1	1	1	4
2987	8	2	4	2	4.5	4.5	0	0	0	0	0	0	0	0	0	0	0	0	0	0	0	0	0	0	0	51	51	51	25	25	25	2	2	2	4
2988	8	2	4	3	3.5	4	4	0	0	0	0	0	0	0	0	0	0	0	0	0	0	0	0	0	0	49	49	0	15	15	0	0	3	3	4
2989	8	2	4	4	3	3.5	3.5	3.5	0	0	0	0	0	0	0	0	0	0	0	0	0	0	0	0	0	52	52	0	10	10	0	0	4	4	4
2990	8	1	4	1	5	0	0	0	0	0	0	0	0	0	0	0	0	0	0	0	0	0	0	0	0	43	53	63	25	35	45	1	1	1	4
2991	8	1	4	2	4	4	0	0	0	0	0	0	0	0	0	0	0	0	0	0	0	0	0	0	0	48	48	48	22	22	22	2	2	2	4
2992	8	1	4	3	3.5	3.5	3.5	0	0	0	0	0	0	0	0	0	0	0	0	0	0	0	0	0	0	49	49	0	15	15	0	0	3	3	4
2993	8	1	4	4	3	3	3	3	0	0	0	0	0	0	0	0	0	0	0	0	0	0	0	0	0	52	0	0	10	0	0	0	0	4	4
2994	7.5	3	4	1	7	0	0	0	0	0	0	0	0	0	0	0	0	0	0	0	0	0	0	0	0	43	53	68	25	35	50	1	1	1	4
2995	7.5	3	4	2	5	5	0	0	0	0	0	0	0	0	0	0	0	0	0	0	0	0	0	0	0	50	60	70	25	35	45	2	2	2	4
2996	7.5	3	4	3	4	4	4.5	0	0	0	0	0	0	0	0	0	0	0	0	0	0	0	0	0	0	58	68	0	25	35	0	0	3	3	4
2997	7.5	3	4	4	3.5	4	4	4	0	0	0	0	0	0	0	0	0	0	0	0	0	0	0	0	0	60	60	0	20	20	0	0	4	4	4
2998	7.5	2	4	1	5.5	0	0	0	0	0	0	0	0	0	0	0	0	0	0	0	0	0	0	0	0	43	53	68	25	35	50	1	1	1	4
2999	7.5	2	4	2	4.5	4.5	0	0	0	0	0	0	0	0	0	0	0	0	0	0	0	0	0	0	0	51	51	51	25	25	25	2	2	2	4
3000	7.5	2	4	3	3.5	4	4	0	0	0	0	0	0	0	0	0	0	0	0	0	0	0	0	0	0	49	49	0	15	15	0	0	3	3	4
3001	7.5	2	4	4	3	3.5	3.5	3.5	0	0	0	0	0	0	0	0	0	0	0	0	0	0	0	0	0	52	52	0	10	10	0	0	4	4	4
3002	7.5	1	4	1	5	0	0	0	0	0	0	0	0	0	0	0	0	0	0	0	0	0	0	0	0	43	53	63	25	35	45	1	1	1	4
3003	7.5	1	4	2	4	4	0	0	0	0	0	0	0	0	0	0	0	0	0	0	0	0	0	0	0	47	47	47	22	22	22	2	2	2	4
3004	7.5	1	4	3	3.5	3.5	3.5	0	0	0	0	0	0	0	0	0	0	0	0	0	0	0	0	0	0	48	48	0	15	15	0	0	3	3	4
3005	7.5	1	4	4	3	3	3	3	0	0	0	0	0	0	0	0	0	0	0	0	0	0	0	0	0	50	45	0	10	5	0	0	4	4	4
3006	7	3	4	1	7	0	0	0	0	0	0	0	0	0	0	0	0	0	0	0	0	0	0	0	0	43	53	68	25	35	50	1	1	1	4
3007	7	3	4	2	5	5	0	0	0	0	0	0	0	0	0	0	0	0	0	0	0	0	0	0	0	50	60	70	25	35	45	2	2	2	4
3008	7	3	4	3	4	4	4.5	0	0	0	0	0	0	0	0	0	0	0	0	0	0	0	0	0	0	58	68	0	25	35	0	0	3	3	4
3009	7	3	4	4	3.5	4	4	4	0	0	0	0	0	0	0	0	0	0	0	0	0	0	0	0	0	60	60	0	20	20	0	0	4	4	4
3010	7	2	4	1	5.5	0	0	0	0	0	0	0	0	0	0	0	0	0	0	0	0	0	0	0	0	43	53	68	25	35	50	1	1	1	4
3011	7	2	4	2	4.5	4.5	0	0	0	0	0	0	0	0	0	0	0	0	0	0	0	0	0	0	0	50	50	50	25	25	25	2	2	2	4
3012	7	2	4	3	3.5	4	4	0	0	0	0	0	0	0	0	0	0	0	0	0	0	0	0	0	0	47	47	0	15	15	0	0	3	3	4
3013	7	2	4	4	3	3.5	3.5	3.5	0	0	0	0	0	0	0	0	0	0	0	0	0	0	0	0	0	51	51	0	12	12	0	0	4	4	4
3014	7	1	4	1	5	0	0	0	0	0	0	0	0	0	0	0	0	0	0	0	0	0	0	0	0	43	53	63	25	35	45	1	1	1	4
3015	7	1	4	2	4	4	0	0	0	0	0	0	0	0	0	0	0	0	0	0	0	0	0	0	0	47	47	47	22	22	22	2	2	2	4
3016	7	1	4	3	3.5	3.5	3.5	0	0	0	0	0	0	0	0	0	0	0	0	0	0	0	0	0	0	47	47	0	15	15	0	0	3	3	4
3017	7	1	4	4	3	3	3	3	0	0	0	0	0	0	0	0	0	0	0	0	0	0	0	0	0	51	47	0	12	8	0	0	4	4	4
3018	6.5	3	4	1	7	0	0	0	0	0	0	0	0	0	0	0	0	0	0	0	0	0	0	0	0	43	53	68	25	35	50	1	1	1	4
3019	6.5	3	4	2	5	5	0	0	0	0	0	0	0	0	0	0	0	0	0	0	0	0	0	0	0	49	59	69	25	35	45	2	2	2	4
3020	6.5	3	4	3	4	4	4.5	0	0	0	0	0	0	0	0	0	0	0	0	0	0	0	0	0	0	56	66	0	25	35	0	0	3	3	4
3021	6.5	3	4	4	3.5	4	4	4	0	0	0	0	0	0	0	0	0	0	0	0	0	0	0	0	0	59	59	0	22	22	0	0	4	4	4
3022	6.5	2	4	1	5.5	0	0	0	0	0	0	0	0	0	0	0	0	0	0	0	0	0	0	0	0	43	53	68	25	35	50	1	1	1	4
3023	6.5	2	4	2	4.5	4.5	0	0	0	0	0	0	0	0	0	0	0	0	0	0	0	0	0	0	0	49	49	49	25	25	25	2	2	2	4
3024	6.5	2	4	3	3.5	4	4	0	0	0	0	0	0	0	0	0	0	0	0	0	0	0	0	0	0	46	46	0	15	15	0	0	3	3	4
3025	6.5	2	4	4	3	3.5	3.5	3.5	0	0	0	0	0	0	0	0	0	0	0	0	0	0	0	0	0	49	49	0	12	12	0	0	4	4	4
3026	6.5	1	4	1	5	0	0	0	0	0	0	0	0	0	0	0	0	0	0	0	0	0	0	0	0	43	53	63	25	35	45	1	1	1	4
3027	6.5	1	4	2	4	4	0	0	0	0	0	0	0	0	0	0	0	0	0	0	0	0	0	0	0	46	46	46	22	22	22	2	2	2	4
3028	6.5	1	4	3	3.5	3.5	3.5	0	0	0	0	0	0	0	0	0	0	0	0	0	0	0	0	0	0	46	46	0	15	15	0	0	3	3	4
3029	6.5	1	4	4	3	3	3	3	0	0	0	0	0	0	0	0	0	0	0	0	0	0	0	0	0	49	49	0	12	12	0	0	4	4	4
3030	6	3	4	1	7	0	0	0	0	0	0	0	0	0	0	0	0	0	0	0	0	0	0	0	0	43	53	68	25	35	50	1	1	1	4
3031	6	3	4	2	5	5	0	0	0	0	0	0	0	0	0	0	0	0	0	0	0	0	0	0	0	49	59	69	25	35	45	2	2	2	4
3032	6	3	4	3	4	4	4.5	0	0	0	0	0	0	0	0	0	0	0	0	0	0	0	0	0	0	55	65	0	25	35	0	0	3	3	4
3033	6	3	4	4	3.5	4	4	4	0	0	0	0	0	0	0	0	0	0	0	0	0	0	0	0	0	58	58	0	22	22	0	0	4	4	4
3034	6	2	4	1	5.5	0	0	0	0	0	0	0	0	0	0	0	0	0	0	0	0	0	0	0	0	43	53	68	25	35	50	1	1	1	4
3035	6	2	4	2	4.5	4.5	0	0	0	0	0	0	0	0	0	0	0	0	0	0	0	0	0	0	0	49	49	49	25	25	25	2	2	2	4
3036	6	2	4	3	3.5	4	4	0	0	0	0	0	0	0	0	0	0	0	0	0	0	0	0	0	0	45	45	0	15	15	0	0	3	3	4
3037	6	2	4	4	3	3.5	3.5	3.5	0	0	0	0	0	0	0	0	0	0	0	0	0	0	0	0	0	48	48	0	12	12	0	0	4	4	4
3038	6	1	4	1	5	0	0	0	0	0	0	0	0	0	0	0	0	0	0	0	0	0	0	0	0	43	53	63	25	35	45	1	1	1	4
3039	6	1	4	2	4	4	0	0	0	0	0	0	0	0	0	0	0	0	0	0	0	0	0	0	0	46	46	46	22	22	22	2	2	2	4
3040	6	1	4	3	3	3.5	3.5	0	0	0	0	0	0	0	0	0	0	0	0	0	0	0	0	0	0	45	45	0	15	15	0	0	3	3	4
3041	6	1	4	4	3	3	3	3	0	0	0	0	0	0	0	0	0	0	0	0	0	0	0	0	0	51	51	0	12	12	0	0	4	4	4
3042	5.5	3	4	1	7	0	0	0	0	0	0	0	0	0	0	0	0	0	0	0	0	0	0	0	0	43	53	68	25	35	50	1	1	1	4
3043	5.5	3	4	2	5	5	0	0	0	0	0	0	0	0	0	0	0	0	0	0	0	0	0	0	0	48	58	68	25	35	45	2	2	2	4
3044	5.5	3	4	3	4	4	4.5	0	0	0	0	0	0	0	0	0	0	0	0	0	0	0	0	0	0	54	64	0	25	35	0	0	3	3	4
3045	5.5	3	4	4	3.5	4	4	4	0	0	0	0	0	0	0	0	0	0	0	0	0	0	0	0	0	56	56	0	22	22	0	0	4	4	4
3046	5.5	2	4	1	5.5	0	0	0	0	0	0	0	0	0	0	0	0	0	0	0	0	0	0	0	0	43	53	68	25	35	50	1	1	1	4
3047	5.5	2	4	2	4.5	4.5	0	0	0	0	0	0	0	0	0	0	0	0	0	0	0	0	0	0	0	48	48	48	25	25	25	2	2	2	4
3048	5.5	2	4	3	3.5	4	4	0	0	0	0	0	0	0	0	0	0	0	0	0	0	0	0	0	0	45	45	0	16	16	0	0	3	3	4
3049	5.5	2	4	4	3	3.5	3.5	3.5	0	0	0	0	0	0	0	0	0	0	0	0	0	0	0	0	0	46	46	0	12	12	0	0	4	4	4
3050	5.5	1	4	1	5	0	0	0	0	0	0	0	0	0	0	0	0	0	0	0	0	0	0	0	0	43	53	63	25	35	45	1	1	1	4
3051	5.5	1	4	2	4	4	0	0	0	0	0	0	0	0	0	0	0	0	0	0	0	0	0	0	0	45	45	45	22	22	22	2	2	2	4
3052	5.5	1	4	3	3	3.5	3.5	0	0	0	0	0	0	0	0	0	0	0	0	0	0	0	0	0	0	45	45	0	16	16	0	0	3	3	4
3053	5.5	1	4	4	3	3	3	3	0	0	0	0	0	0	0	0	0	0	0	0	0	0	0	0	0	46	46	0	12	12	0	0	4	4	4
3054	5	3	4	1	7	0	0	0	0	0	0	0	0	0	0	0	0	0	0	0	0	0	0	0	0	43	53	68	25	35	50	1	1	1	4
3055	5	3	4	2	5	5	0	0	0	0	0	0	0	0	0	0	0	0	0	0	0	0	0	0	0	48	58	68	25	35	45	2	2	2	4
3056	5	3	4	3	4	4	4.5	0	0	0	0	0	0	0	0	0	0	0	0	0	0	0	0	0	0	53	63	0	25	35	0	0	3	3	4
3057	5	3	4	4	3.5	4	4	4	0	0	0	0	0	0	0	0	0	0	0	0	0	0	0	0	0	58	58	0	25	25	0	0	4	4	4
3058	5	2	4	1	5.5	0	0	0	0	0	0	0	0	0	0	0	0	0	0	0	0	0	0	0	0	43	53	68	25	35	50	1	1	1	4
3059	5	2	4	2	4.5	4.5	0	0	0	0	0	0	0	0	0	0	0	0	0	0	0	0	0	0	0	51	53	53	25	27	27	2	2	2	4
3060	5	2	4	3	3.5	4	4	0	0	0	0	0	0	0	0	0	0	0	0	0	0	0	0	0	0	44	44	0	16	16	0	0	3	3	4
3061	5	2	4	4	3	3.5	3.5	3.5	0	0	0	0	0	0	0	0	0	0	0	0	0	0	0	0	0	45	45	0	12	12	0	0	4	4	4
3062	5	1	4	1	5	0	0	0	0	0	0	0	0	0	0	0	0	0	0	0	0	0	0	0	0	43	53	63	25	35	45	1	1	1	4
3063	5	1	4	2	4	4	0	0	0	0	0	0	0	0	0	0	0	0	0	0	0	0	0	0	0	45	45	45	22	22	22	2	2	2	4
3064	5	1	4	3	3	3.5	3.5	0	0	0	0	0	0	0	0	0	0	0	0	0	0	0	0	0	0	44	44	0	16	16	0	0	3	3	4
3065	5	1	4	4	3	3	3	3	0	0	0	0	0	0	0	0	0	0	0	0	0	0	0	0	0	45	45	0	12	12	0	0	4	4	4
3066	4.5	3	4	1	7	0	0	0	0	0	0	0	0	0	0	0	0	0	0	0	0	0	0	0	0	43	53	68	25	35	50	1	1	1	4
3067	4.5	3	4	2	5	5	0	0	0	0	0	0	0	0	0	0	0	0	0	0	0	0	0	0	0	47	57	67	25	35	45	2	2	2	4
3068	4.5	3	4	3	4	4	4.5	0	0	0	0	0	0	0	0	0	0	0	0	0	0	0	0	0	0	52	62	0	25	35	0	0	3	3	4
3069	4.5	3	4	4	3.5	3.5	4	4	0	0	0	0	0	0	0	0	0	0	0	0	0	0	0	0	0	56	61	0	25	30	0	0	4	4	4
3070	4.5	2	4	1	5.5	0	0	0	0	0	0	0	0	0	0	0	0	0	0	0	0	0	0	0	0	43	53	68	25	35	50	1	1	1	4
3071	4.5	2	4	2	4	4.5	0	0	0	0	0	0	0	0	0	0	0	0	0	0	0	0	0	0	0	47	52	52	25	30	30	2	2	2	4
3072	4.5	2	4	3	3.5	4	4	0	0	0	0	0	0	0	0	0	0	0	0	0	0	0	0	0	0	43	43	0	16	16	0	0	3	3	4
3073	4.5	2	4	4	3	3.5	3.5	3.5	0	0	0	0	0	0	0	0	0	0	0	0	0	0	0	0	0	44	44	0	13	13	0	0	4	4	4
3074	4.5	1	4	1	5	0	0	0	0	0	0	0	0	0	0	0	0	0	0	0	0	0	0	0	0	43	53	63	25	35	45	1	1	1	4
3075	4.5	1	4	2	4	4	0	0	0	0	0	0	0	0	0	0	0	0	0	0	0	0	0	0	0	44	44	44	22	22	22	2	2	2	4
3076	4.5	1	4	3	3	3.5	3.5	0	0	0	0	0	0	0	0	0	0	0	0	0	0	0	0	0	0	43	43	0	16	16	0	0	3	3	4
3077	4.5	1	4	4	3	3	3	3	0	0	0	0	0	0	0	0	0	0	0	0	0	0	0	0	0	43	43	0	12	12	0	0	4	4	4
3078	4	3	4	1	7	0	0	0	0	0	0	0	0	0	0	0	0	0	0	0	0	0	0	0	0	43	53	68	25	35	50	1	1	1	4
3079	4	3	4	2	5	5	0	0	0	0	0	0	0	0	0	0	0	0	0	0	0	0	0	0	0	47	57	67	25	35	45	2	2	2	4
3080	4	3	4	3	4	4	4.5	0	0	0	0	0	0	0	0	0	0	0	0	0	0	0	0	0	0	51	61	0	25	35	0	0	3	3	4
3081	4	3	4	4	3.5	3.5	4	4	0	0	0	0	0	0	0	0	0	0	0	0	0	0	0	0	0	55	60	0	25	30	0	0	4	4	4
3082	4	2	4	1	5.5	0	0	0	0	0	0	0	0	0	0	0	0	0	0	0	0	0	0	0	0	43	53	68	25	35	50	1	1	1	4
3083	4	2	4	2	4	4.5	0	0	0	0	0	0	0	0	0	0	0	0	0	0	0	0	0	0	0	47	52	52	25	30	30	2	2	2	4
3084	4	2	4	3	3.5	4	4	0	0	0	0	0	0	0	0	0	0	0	0	0	0	0	0	0	0	42	42	0	16	16	0	0	3	3	4
3085	4	2	4	4	3	3.5	3.5	3.5	0	0	0	0	0	0	0	0	0	0	0	0	0	0	0	0	0	43	43	0	13	13	0	0	4	4	4
3086	4	1	4	1	5	0	0	0	0	0	0	0	0	0	0	0	0	0	0	0	0	0	0	0	0	43	53	63	25	35	45	1	1	1	4
3087	4	1	4	2	4	4	0	0	0	0	0	0	0	0	0	0	0	0	0	0	0	0	0	0	0	44	44	44	22	22	22	2	2	2	4
3088	4	1	4	3	3	3.5	3.5	0	0	0	0	0	0	0	0	0	0	0	0	0	0	0	0	0	0	42	42	0	16	16	0	0	3	3	4
3089	4	1	4	4	3	3	3	3	0	0	0	0	0	0	0	0	0	0	0	0	0	0	0	0	0	43	43	0	13	13	0	0	4	4	4
3090	3.5	3	4	1	7	0	0	0	0	0	0	0	0	0	0	0	0	0	0	0	0	0	0	0	0	43	53	68	25	35	50	1	1	1	4
3091	3.5	3	4	2	5	5	0	0	0	0	0	0	0	0	0	0	0	0	0	0	0	0	0	0	0	46	56	66	25	35	45	2	2	2	4
3092	3.5	3	4	3	4	4	4.5	0	0	0	0	0	0	0	0	0	0	0	0	0	0	0	0	0	0	50	60	0	25	35	0	0	3	3	4
3093	3.5	3	4	4	3.5	3.5	4	4	0	0	0	0	0	0	0	0	0	0	0	0	0	0	0	0	0	53	58	0	25	30	0	0	4	4	4
3094	3.5	2	4	1	5.5	0	0	0	0	0	0	0	0	0	0	0	0	0	0	0	0	0	0	0	0	43	53	68	25	35	50	1	1	1	4
3095	3.5	2	4	2	4	4.5	0	0	0	0	0	0	0	0	0	0	0	0	0	0	0	0	0	0	0	46	53	53	25	32	32	2	2	2	4
3096	3.5	2	4	3	3.5	4	4	0	0	0	0	0	0	0	0	0	0	0	0	0	0	0	0	0	0	42	42	0	17	17	0	0	3	3	4
3097	3.5	2	4	4	3	3.5	3.5	3.5	0	0	0	0	0	0	0	0	0	0	0	0	0	0	0	0	0	43	43	0	15	15	0	0	4	4	4
3098	3.5	1	4	1	5	0	0	0	0	0	0	0	0	0	0	0	0	0	0	0	0	0	0	0	0	43	53	63	25	35	45	1	1	1	4
3099	3.5	1	4	2	4	4	0	0	0	0	0	0	0	0	0	0	0	0	0	0	0	0	0	0	0	43	43	43	22	22	22	2	2	2	4
3100	3.5	1	4	3	3	3.5	3.5	0	0	0	0	0	0	0	0	0	0	0	0	0	0	0	0	0	0	42	42	0	17	17	0	0	3	3	4
3101	3.5	1	4	4	3	3	3	3	0	0	0	0	0	0	0	0	0	0	0	0	0	0	0	0	0	41	41	0	13	13	0	0	4	4	4
3102	3	3	4	1	7	0	0	0	0	0	0	0	0	0	0	0	0	0	0	0	0	0	0	0	0	43	53	68	25	35	50	1	1	1	4
3103	3	3	4	2	5	5	0	0	0	0	0	0	0	0	0	0	0	0	0	0	0	0	0	0	0	46	56	71	25	35	50	2	2	2	4
3104	3	3	4	3	4	4	4.5	0	0	0	0	0	0	0	0	0	0	0	0	0	0	0	0	0	0	49	59	0	25	35	0	0	3	3	4
3105	3	3	4	4	3.5	3.5	4	4	0	0	0	0	0	0	0	0	0	0	0	0	0	0	0	0	0	52	57	0	25	30	0	0	4	4	4
3106	3	2	4	1	5.5	0	0	0	0	0	0	0	0	0	0	0	0	0	0	0	0	0	0	0	0	43	53	68	25	35	50	1	1	1	4
3107	3	2	4	2	4	4.5	0	0	0	0	0	0	0	0	0	0	0	0	0	0	0	0	0	0	0	46	51	51	25	30	30	2	2	2	4
3108	3	2	4	3	3.5	3.5	4	0	0	0	0	0	0	0	0	0	0	0	0	0	0	0	0	0	0	44	44	0	20	20	0	0	3	3	4
3109	3	2	4	4	3	3.5	3.5	3.5	0	0	0	0	0	0	0	0	0	0	0	0	0	0	0	0	0	42	42	0	15	15	0	0	4	4	4
3110	3	1	4	1	5	0	0	0	0	0	0	0	0	0	0	0	0	0	0	0	0	0	0	0	0	43	53	63	25	35	45	1	1	1	4
3111	3	1	4	2	4	4	0	0	0	0	0	0	0	0	0	0	0	0	0	0	0	0	0	0	0	43	43	43	22	22	22	2	2	2	4
3112	3	1	4	3	3	3.5	3.5	0	0	0	0	0	0	0	0	0	0	0	0	0	0	0	0	0	0	42	42	0	18	18	0	0	3	3	4
3113	3	1	4	4	3	3	3	3	0	0	0	0	0	0	0	0	0	0	0	0	0	0	0	0	0	40	40	0	13	13	0	0	4	4	4
3114	2.5	3	4	1	7	0	0	0	0	0	0	0	0	0	0	0	0	0	0	0	0	0	0	0	0	43	53	68	25	35	50	1	1	1	4
3115	2.5	3	4	2	5	5	0	0	0	0	0	0	0	0	0	0	0	0	0	0	0	0	0	0	0	45	55	70	25	35	50	2	2	2	4
3116	2.5	3	4	3	4	4	4.5	0	0	0	0	0	0	0	0	0	0	0	0	0	0	0	0	0	0	48	58	0	25	35	0	0	3	3	4
3117	2.5	3	4	4	3.5	3.5	4	4	0	0	0	0	0	0	0	0	0	0	0	0	0	0	0	0	0	50	60	0	25	35	0	0	4	4	4
3118	2.5	2	4	1	5.5	0	0	0	0	0	0	0	0	0	0	0	0	0	0	0	0	0	0	0	0	43	53	68	25	35	50	1	1	1	4
3119	2.5	2	4	2	4	4.5	0	0	0	0	0	0	0	0	0	0	0	0	0	0	0	0	0	0	0	45	50	50	25	30	30	2	2	2	4
3120	2.5	2	4	3	3.5	3.5	4	0	0	0	0	0	0	0	0	0	0	0	0	0	0	0	0	0	0	45	45	0	22	22	0	0	3	3	4
3121	2.5	2	4	4	3	3.5	3.5	3.5	0	0	0	0	0	0	0	0	0	0	0	0	0	0	0	0	0	40	40	0	15	15	0	0	4	4	4
3122	2.5	1	4	1	5	0	0	0	0	0	0	0	0	0	0	0	0	0	0	0	0	0	0	0	0	43	53	63	25	35	45	1	1	1	4
3123	2.5	1	4	2	4	4	0	0	0	0	0	0	0	0	0	0	0	0	0	0	0	0	0	0	0	42	42	42	22	22	22	2	2	2	4
3124	2.5	1	4	3	3	3.5	3.5	0	0	0	0	0	0	0	0	0	0	0	0	0	0	0	0	0	0	43	43	0	20	20	0	0	3	3	4
3125	2.5	1	4	4	3	3	3	3	0	0	0	0	0	0	0	0	0	0	0	0	0	0	0	0	0	38	38	0	13	13	0	0	4	4	4
\.


--
-- Data for Name: sprinkler_sprinkler; Type: TABLE DATA; Schema: public; Owner: postgres
--

COPY public.sprinkler_sprinkler (id, name, diameter, mu, "Pmax", "Pmin", k0, k1, k2, k3, k4, k5, otv_type, "intensity_Pmax", "intensity_Pmin", groups, "S", thermal_lock, mounting_position, "K", k6, k7) FROM stdin;
41	ССН-12	\N	\N	1.000	0.100	0.2275	0.4050	0.2500	0.0000	0.0000	0.0000	water	0.88250	0.27050	{5,6}	5.3	sprinkler	vertical_down	0.470	0.0000	0.0000
56	СВН-10	\N	\N	1.000	0.050	0.0388	0.3073	-0.1043	0.0000	0.0000	0.0000	water	0.24180	0.05390	{1,2,3,4.1,5,6}	\N	sprinkler	vertical_down	0.350	0.0000	0.0000
113	ССН-15	\N	\N	1.000	0.100	0.0000	0.0000	0.2469	-0.8084	0.9916	0.3195	water	0.74960	0.00180	{5,6}	3.0	sprinkler	vertical_down	0.800	0.0000	0.0000
3	СВВ-10	\N	\N	1.000	0.050	0.0443	0.2881	-0.1118	0.0000	0.0000	0.0000	water	0.22060	0.05840	{1,2,3,4.1,5,6}	\N	sprinkler	vertical_up	0.350	0.0000	0.0000
43	ССВ-12	\N	\N	1.000	0.100	0.2075	0.5050	0.2500	0.0000	0.0000	0.0000	water	0.96250	0.26050	{5,6}	5.3	sprinkler	vertical_up	0.470	0.0000	0.0000
79	SU-К80	\N	\N	1.600	0.100	0.0432	0.5918	-1.2393	1.3763	-0.7466	0.1551	water	0.18820	0.09130	{1,2,3}	\N	drench	vertical_up	0.420	0.0000	0.0000
19	СОБР-25-Н	\N	\N	1.200	0.150	0.3343	2.6841	-1.7371	0.3632	0.0000	0.0000	foam	1.68140	0.69910	{3,4.1,4.2,5,6}	\N		vertical_down	1.910	0.0000	0.0000
17	СОБР-17-Н	\N	\N	1.200	0.150	0.2217	1.8789	-1.0973	0.2112	0.0000	0.0000	foam	1.26120	0.47960	{3,4.1,4.2,5,6}	\N		vertical_down	1.280	0.0000	0.0000
7	СВВ-15	\N	\N	1.000	0.050	0.0898	0.6313	-0.4705	0.1394	0.0000	0.0000	water	0.39000	0.12020	{1,2,3,4.1,5,6}	\N	sprinkler	vertical_up	0.770	0.0000	0.0000
8	СВВ-К160	\N	\N	1.000	0.050	0.1005	0.6217	-0.4451	0.1127	0.0000	0.0000	water	0.38980	0.13050	{1,2,3,4.1,5,6}	\N	sprinkler	vertical_up	0.840	0.0000	0.0000
21	СУУ-К80	\N	\N	1.000	0.050	-0.0343	1.2646	-3.8818	6.1108	-4.6728	1.3725	foam	0.15900	0.02000	{1,2,3,4.1,4.2,5,6}	\N	sprinkler	vertical_down	0.420	0.0000	0.0000
22	СУУ-12	\N	\N	1.000	0.050	-0.0101	1.2079	-3.5182	5.4094	-4.0163	1.1363	water	0.20900	0.04220	{1,2,3,4.1,4.2,5,6}	\N	sprinkler	vertical_down	0.470	0.0000	0.0000
13	СВК-12	\N	\N	1.000	0.050	0.0600	0.3447	-0.1376	0.0000	0.0000	0.0000	water	0.26710	0.07690	{1,2}	\N	sprinkler	vertical_down	\N	0.0000	0.0000
23	СУУ-К115	\N	\N	1.000	0.050	-0.0008	1.2568	-3.3921	4.8202	-3.3634	0.9082	water	0.22890	0.05410	{1,2,3,4.1,4.2,5,6}	\N	sprinkler	vertical_down	0.600	0.0000	0.0000
18	СОБР-17-В	\N	\N	1.200	0.100	0.2282	1.9797	-1.3801	0.3366	0.0000	0.0000	foam	1.19810	0.41270	{3,4.1,4.2,5,6}	\N		vertical_up	1.280	0.0000	0.0000
20	СОБР-25-В	\N	\N	1.200	0.150	0.3564	2.5773	-1.5944	0.2944	0.0000	0.0000	foam	1.66190	0.70810	{3,4.1,4.2,5,6}	\N		vertical_up	1.910	0.0000	0.0000
11	СВК-10	\N	\N	1.000	0.050	0.0388	0.3073	-0.1043	0.0000	0.0000	0.0000	water	0.24180	0.05390	{1,2}	\N	sprinkler	vertical_down	0.350	0.0000	0.0000
12	СВК-К80	\N	\N	1.000	0.050	0.0464	0.3257	-0.1209	0.0000	0.0000	0.0000	water	0.25120	0.06240	{1,2}	\N	sprinkler	vertical_down	0.420	0.0000	0.0000
14	СВК-К115	\N	\N	1.000	0.050	0.0679	0.3557	-0.1349	0.0000	0.0000	0.0000	water	0.28870	0.08530	{1,2}	\N	sprinkler	vertical_down	0.600	0.0000	0.0000
4	СВВ-К80	\N	\N	1.000	0.050	0.0479	0.3097	-0.1171	0.0000	0.0000	0.0000	water	0.24050	0.06310	{1,2,3,4.1,5,6}	\N	sprinkler	vertical_up	0.420	0.0000	0.0000
5	СВВ-12	\N	\N	1.000	0.050	0.0663	0.3099	-0.1279	0.0000	0.0000	0.0000	water	0.24830	0.08150	{1,2,3,4.1,5,6}	\N	sprinkler	vertical_up	0.470	0.0000	0.0000
6	СВВ-К115	\N	\N	1.000	0.050	0.0679	0.3557	-0.1349	0.0000	0.0000	0.0000	water	0.28870	0.08530	{1,2,3,4.1,5,6}	\N	sprinkler	vertical_up	0.600	0.0000	0.0000
15	СВН-15	\N	\N	1.000	0.050	0.0839	0.5429	-0.3916	0.1144	0.0000	0.0000	water	0.34960	0.11010	{1,2,3,4.1,5,6}	\N	sprinkler	vertical_down	0.770	0.0000	0.0000
16	СВН-К160	\N	\N	1.000	0.050	0.0988	0.6238	-0.4823	0.1395	0.0000	0.0000	water	0.37980	0.12880	{1,2,3,4.1,5,6}	\N	sprinkler	vertical_down	0.840	0.0000	0.0000
24	СУУ-15	\N	\N	1.000	0.050	0.1156	0.7500	-1.6924	1.7640	-0.6772	0.0000	foam	0.26000	0.14910	{1,2,3,4.1,4.2,5,6}	\N	sprinkler	vertical_down	0.770	0.0000	0.0000
25	СУУ-К160	\N	\N	1.000	0.150	0.1461	0.5939	-1.2693	1.2788	-0.4795	0.0000	foam	0.27000	0.21070	{1,2,3,4.1,4.2,5,6}	\N	sprinkler	vertical_down	0.840	0.0000	0.0000
27	СВУ-К57	\N	\N	1.000	0.050	-0.0110	0.7267	-1.8971	2.7266	-1.9395	0.5339	water	0.13960	0.02090	{1,2,3}	\N	sprinkler	vertical_down	0.300	0.0000	0.0000
28	СВУ-10	\N	\N	1.000	0.050	-0.0081	0.8244	-2.0685	2.8744	-1.9816	0.5290	water	0.16960	0.02830	{1,2,3}	\N	sprinkler	vertical_down	0.350	0.0000	0.0000
29	SSU-К80	\N	\N	1.600	0.150	0.0206	0.8910	-1.8874	2.0458	-1.0779	0.2182	foam	0.21790	0.11820	{1,2,3}	\N	sprinkler	vertical_up	0.420	0.0000	0.0000
30	SSP-К80	\N	\N	1.600	0.100	0.0147	0.5737	-1.1843	1.2757	-0.6751	0.1379	water	0.14770	0.06140	{1,2,3}	\N	sprinkler	vertical_down	0.420	0.0000	0.0000
31	SSU-К115	\N	\N	1.600	0.150	0.0021	1.3894	-3.1633	3.5809	-1.9378	0.3989	foam	0.27770	0.15050	{1,2,3}	\N	sprinkler	vertical_up	0.600	0.0000	0.0000
32	SSP-К115	\N	\N	1.600	0.100	0.0279	0.7763	-1.5903	1.6875	-0.8770	0.1760	water	0.20880	0.09120	{1,2,3}	\N	sprinkler	vertical_down	0.600	0.0000	0.0000
34	SSP-К115	\N	\N	1.600	0.150	-0.0238	1.4005	-3.1885	3.5833	-1.9247	0.3939	foam	0.24830	0.12570	{1,2,3}	\N	sprinkler	vertical_down	0.600	0.0000	0.0000
35	ОЭ-16	\N	\N	1.000	0.150	0.0301	0.3766	-0.2154	0.0591	0.0000	0.0000	water	0.25040	0.08190	{2,3,4.1,4.2,5,6}	\N	drench	vertical_down	0.280	0.0000	0.0000
36	ОЭ-25	\N	\N	1.000	0.150	0.1257	0.9508	-0.7681	0.2819	0.0000	0.0000	water	0.59030	0.25200	{2,3,4.1,4.2,5,6}	\N	drench	vertical_down	0.850	0.0000	0.0000
37	ОЦ-9	\N	\N	1.600	0.100	0.0112	0.1563	-0.0986	0.0235	0.0000	0.0000	water	0.10510	0.02590	{2,3,4.1,4.2,5,6}	\N	drench	vertical_down	0.130	0.0000	0.0000
38	ОЦ-12	\N	\N	1.600	0.100	0.0325	0.1977	-0.1440	0.0364	0.0000	0.0000	water	0.12930	0.05090	{2,3,4.1,4.2,5,6}	\N	drench	vertical_down	0.160	0.0000	0.0000
39	СУВ-К200	\N	\N	1.000	0.050	0.0691	1.2164	-0.9229	0.2480	0.0000	0.0000	water	0.61060	0.12760	{3,4.1,4.2,5,6}	\N	sprinkler	vertical_up	1.050	0.0000	0.0000
40	СУН-К200	\N	\N	1.000	0.050	0.0857	1.2360	-0.9033	0.2216	0.0000	0.0000	water	0.64000	0.14530	{3,4.1,4.2,5,6}	\N	sprinkler	vertical_down	1.050	0.0000	0.0000
114	ССВ-15	\N	\N	1.000	0.100	0.3287	0.3625	0.2950	0.7500	0.0000	0.0000	water	1.73620	0.36860	{5,6}	5.3	sprinkler	vertical_up	0.800	0.0000	0.0000
26	СВУ-8	\N	\N	1.000	0.050	-0.0214	0.6750	-1.8414	2.7990	-2.0918	0.6001	water	0.11950	0.00810	{1,2,3}	\N	sprinkler	vertical_down	0.240	0.0000	0.0000
44	ССВ-15	\N	\N	1.000	0.100	0.3287	1.1073	-0.8614	0.2657	0.0000	0.0000	water	0.84030	0.43110	{5,6}	3.0	sprinkler	vertical_up	0.800	0.0000	0.0000
47	ДВВ-10	\N	\N	1.000	0.050	0.0443	0.2881	-0.1118	0.0000	0.0000	0.0000	water	0.22060	0.05840	{1,2,3}	\N	drench	vertical_up	0.350	0.0000	0.0000
57	ДВН-К80	\N	\N	1.000	0.050	0.0464	0.3257	-0.1209	0.0000	0.0000	0.0000	water	0.25120	0.06240	{1,2,3}	\N	drench	vertical_down	0.420	0.0000	0.0000
59	СВН-12	\N	\N	1.000	0.050	0.0600	0.3447	-0.1376	0.0000	0.0000	0.0000	water	0.26710	0.07690	{1,2,3,4.1,5,6}	\N	sprinkler	vertical_down	0.470	0.0000	0.0000
60	ДВН-12	\N	\N	1.000	0.050	0.0600	0.3447	-0.1376	0.0000	0.0000	0.0000	water	0.26710	0.07690	{1,2,3}	\N	drench	vertical_down	0.470	0.0000	0.0000
62	ДВН-К115	\N	\N	1.000	0.050	0.0679	0.3557	-0.1349	0.0000	0.0000	0.0000	water	0.28870	0.08530	{1,2,3}	\N	drench	vertical_down	0.600	0.0000	0.0000
42	ССН-15	\N	\N	1.000	0.100	0.3625	0.2950	0.7500	0.0000	0.0000	0.0000	water	1.40750	0.39950	{5,6}	5.3	sprinkler	vertical_down	0.800	0.0000	0.0000
48	ДВВ-К80	\N	\N	1.000	0.050	0.0479	0.3097	-0.1171	0.0000	0.0000	0.0000	water	0.24050	0.06310	{1,2,3}	\N	drench	vertical_up	0.420	0.0000	0.0000
49	ДВВ-12	\N	\N	1.000	0.050	0.0663	0.3099	-0.1279	0.0000	0.0000	0.0000	water	0.24830	0.08150	{1,2,3}	\N	drench	vertical_up	0.470	0.0000	0.0000
50	ДВВ-К115	\N	\N	1.000	0.050	0.0679	0.3557	-0.1349	0.0000	0.0000	0.0000	water	0.28870	0.08530	{1,2,3}	\N	drench	vertical_up	0.600	0.0000	0.0000
51	ДВВ-15	\N	\N	1.000	0.050	0.0898	0.6313	-0.4705	0.1394	0.0000	0.0000	water	0.39000	0.12020	{1,2,3}	\N	drench	vertical_up	0.770	0.0000	0.0000
52	ДВВ-К160	\N	\N	1.000	0.050	0.1005	0.6217	-0.4451	0.1127	0.0000	0.0000	water	0.38980	0.13050	{1,2,3}	\N	drench	vertical_up	0.840	0.0000	0.0000
55	ДВН-10	\N	\N	1.000	0.050	0.0388	0.3073	-0.1043	0.0000	0.0000	0.0000	water	0.24180	0.05390	{1,2,3}	\N	drench	vertical_down	0.350	0.0000	0.0000
58	СВН-К80	\N	\N	1.000	0.050	0.0464	0.3257	-0.1209	0.0000	0.0000	0.0000	water	0.25120	0.06240	{1,2,3,4.1,5,6}	\N	sprinkler	vertical_down	0.420	0.0000	0.0000
61	СВН-К115	\N	\N	1.000	0.050	0.0679	0.3557	-0.1349	0.0000	0.0000	0.0000	water	0.28870	0.08530	{1,2,3,4.1,5,6}	\N	sprinkler	vertical_down	0.600	0.0000	0.0000
63	ДВН-15	\N	\N	1.000	0.050	0.0839	0.5429	-0.3916	0.1144	0.0000	0.0000	water	0.34960	0.11010	{1,2,3}	\N	drench	vertical_down	0.770	0.0000	0.0000
64	ДВН-К160	\N	\N	1.000	0.050	0.0988	0.6238	-0.4823	0.1395	0.0000	0.0000	water	0.37980	0.12880	{1,2,3}	\N	drench	vertical_down	0.840	0.0000	0.0000
65	ДУУ-К80	\N	\N	1.000	0.050	-0.0343	1.2646	-3.8818	6.1108	-4.6728	1.3725	foam	0.15900	0.02000	{1,2,3,4.1,4.2,5,6}	\N	drench	vertical_down	0.420	0.0000	0.0000
66	ДУУ-12	\N	\N	1.000	0.050	-0.0101	1.2079	-3.5182	5.4094	-4.0163	1.1363	water	0.20900	0.04220	{1,2,3,4.1,4.2,5,6}	\N	drench	vertical_down	0.470	0.0000	0.0000
67	ДУУ-К115	\N	\N	1.000	0.150	-0.0169	1.6773	-5.2109	8.1650	-6.1812	1.7957	foam	0.22900	0.14200	{1,2,3,4.1,4.2,5,6}	\N	drench	vertical_down	0.600	0.0000	0.0000
68	ДУУ-15	\N	\N	1.000	0.150	0.1156	0.7500	-1.6924	1.7640	-0.6772	0.0000	foam	0.26000	0.19560	{1,2,3,4.1,4.2,5,6}	\N	drench	vertical_down	0.770	0.0000	0.0000
69	ДУУ-К160	\N	\N	1.000	0.050	0.0042	1.9212	-5.9184	9.2800	-7.0370	2.0437	water	0.29370	0.08660	{1,2,3,4.1,4.2,5,6}	\N	drench	vertical_down	0.840	0.0000	0.0000
70	ДУУ-К80	\N	\N	1.000	0.050	-0.0131	1.0322	-2.8626	4.2927	-3.1334	0.8734	water	0.18920	0.03190	{1,2,3,4.1,4.2,5,6}	\N	drench	vertical_down	0.420	0.0000	0.0000
71	ДУУ-12	\N	\N	1.000	0.150	-0.0076	1.2957	-3.9449	6.0796	-4.5569	1.3174	foam	0.18330	0.11630	{1,2,3,4.1,4.2,5,6}	\N	drench	vertical_down	0.470	0.0000	0.0000
72	ДУУ-К115	\N	\N	1.000	0.050	-0.0008	1.2568	-3.3921	4.8202	-3.3634	0.9082	water	0.22890	0.05410	{1,2,3,4.1,4.2,5,6}	\N	drench	vertical_down	0.600	0.0000	0.0000
73	ДУУ-15	\N	\N	1.000	0.050	-0.0006	1.7027	-5.1591	7.9720	-5.9275	1.6816	water	0.26910	0.07260	{1,2,3,4.1,4.2,5,6}	\N	drench	vertical_down	0.770	0.0000	0.0000
74	ДУУ-К160	\N	\N	1.000	0.150	0.1461	0.5939	-1.2693	1.2788	-0.4795	0.0000	foam	0.27000	0.21070	{1,2,3,4.1,4.2,5,6}	\N	drench	vertical_down	0.840	0.0000	0.0000
75	ДВУ-8	\N	\N	1.000	0.050	-0.0214	0.6750	-1.8414	2.7990	-2.0918	0.6001	water	0.11950	0.00810	{1,2,3}	\N	drench	vertical_down	0.240	0.0000	0.0000
76	ДВУ-К57	\N	\N	1.000	0.050	-0.0110	0.7267	-1.8971	2.7266	-1.9395	0.5339	water	0.13960	0.02090	{1,2,3}	\N	drench	vertical_down	0.300	0.0000	0.0000
77	ДВУ-10	\N	\N	1.000	0.050	-0.0081	0.8244	-2.0685	2.8744	-1.9816	0.5290	water	0.16960	0.02830	{1,2,3}	\N	drench	vertical_down	0.350	0.0000	0.0000
78	SU-К80	\N	\N	1.600	0.150	0.0206	0.8910	-1.8874	2.0458	-1.0779	0.2182	foam	0.21790	0.11820	{1,2,3}	\N	drench	vertical_up	0.420	0.0000	0.0000
80	SSU-К80	\N	\N	1.600	0.100	0.0432	0.5918	-1.2393	1.3763	-0.7466	0.1551	water	0.18820	0.09130	{1,2,3}	\N	sprinkler	vertical_up	0.420	0.0000	0.0000
81	SP-К80	\N	\N	1.600	0.100	0.0147	0.5737	-1.1843	1.2757	-0.6751	0.1379	water	0.14770	0.06140	{1,2,3}	\N	drench	vertical_down	0.420	0.0000	0.0000
83	SU-К115	\N	\N	1.600	0.100	0.0303	0.9506	-2.0736	2.2696	-1.1990	0.2429	water	0.22840	0.10680	{1,2,3}	\N	drench	vertical_up	0.600	0.0000	0.0000
84	SSU-К115	\N	\N	1.600	0.100	0.0303	0.9506	-2.0736	2.2696	-1.1990	0.2429	water	0.22840	0.10680	{1,2,3}	\N	sprinkler	vertical_up	0.600	0.0000	0.0000
85	SU-К115	\N	\N	1.600	0.150	0.0021	1.3894	-3.1633	3.5809	-1.9378	0.3989	foam	0.27770	0.15050	{1,2,3}	\N	drench	vertical_up	0.600	0.0000	0.0000
86	SP-К115	\N	\N	1.600	0.150	-0.0238	1.4005	-3.1885	3.5833	-1.9247	0.3939	foam	0.24830	0.12570	{1,2,3}	\N	drench	vertical_down	0.600	0.0000	0.0000
87	SP-К115	\N	\N	1.600	0.100	0.0279	0.7763	-1.5903	1.6875	-0.8770	0.1760	water	0.20880	0.09120	{1,2,3}	\N	drench	vertical_down	0.600	0.0000	0.0000
88	ОЭ-16	\N	\N	1.000	0.150	0.0407	0.5405	-0.5051	0.1803	0.0000	0.0000	foam	0.25640	0.11100	{2,3,4.1,4.2,5,6}	\N	drench	vertical_down	0.280	0.0000	0.0000
94	CУВ-К200	\N	\N	1.000	0.150	0.1124	0.9585	-0.6439	0.1342	0.0000	0.0000	foam	0.56120	0.24210	{3,4.1,4.2,5,6}	\N		vertical_up	1.050	0.0000	0.0000
95	СУН-К200	\N	\N	1.000	0.150	0.1043	1.4740	-1.2731	0.4145	0.0000	0.0000	foam	0.71970	0.29820	{3,4.1,4.2,5,6}	\N	sprinkler	vertical_down	1.050	0.0000	0.0000
96	ДУН-К200	\N	\N	1.000	0.050	0.0857	1.2360	-0.9033	0.2216	0.0000	0.0000	water	0.64000	0.14530	{3,4.1,4.2,5,6}	\N	drench	vertical_down	1.050	0.0000	0.0000
97	ДУН-К200	\N	\N	1.000	0.150	0.1043	1.4740	-1.2731	0.4145	0.0000	0.0000	foam	0.71970	0.29820	{3,4.1,4.2,5,6}	\N	drench	vertical_down	1.050	0.0000	0.0000
98	СУУ-К115	\N	\N	1.000	0.150	-0.0169	1.6773	-5.2109	8.1650	-6.1812	1.7957	foam	0.22900	0.14200	{1,2,3,4.1,4.2,5,6}	\N	sprinkler	vertical_down	0.600	0.0000	0.0000
109	СУУ-12	\N	\N	1.000	0.150	-0.0076	1.2957	-3.9449	6.0796	-4.5569	1.3174	foam	0.18330	0.11630	{1,2,3,4.1,4.2,5,6}	\N	sprinkler	vertical_down	0.470	0.0000	0.0000
112	ССН-12	\N	\N	1.000	0.100	0.0000	0.0000	0.1209	-0.5346	0.7656	0.3079	water	0.65980	0.00080	{5,6}	3.0	sprinkler	vertical_down	0.470	0.0000	0.0000
115	ССВ-12	\N	\N	1.000	0.100	0.2646	1.0801	-0.9943	0.4004	0.0000	0.0000	water	0.75080	0.36310	{5,6}	3.0	sprinkler	vertical_up	0.470	0.0000	0.0000
89	ОЭ-25	\N	\N	1.000	0.150	0.1644	1.3681	-1.3274	0.4854	0.0000	0.0000	foam	0.69050	0.34140	{2,3,4.1,4.2,5,6}	\N	drench	vertical_down	0.850	0.0000	0.0000
90	ОЦ-9	\N	\N	1.600	0.150	0.0549	0.1140	-0.0725	0.0160	0.0000	0.0000	foam	0.11720	0.07040	{2,3,4.1,4.2,5,6}	\N	drench	vertical_down	0.130	0.0000	0.0000
91	ОЦ-12	\N	\N	1.600	0.150	0.0853	0.1209	-0.0967	0.0269	0.0000	0.0000	foam	0.14140	0.10140	{2,3,4.1,4.2,5,6}	\N	drench	vertical_down	0.160	0.0000	0.0000
92	ДУВ-К200	\N	\N	1.000	0.050	0.0691	1.2164	-0.9229	0.2480	0.0000	0.0000	water	0.61060	0.12760	{3,4.1,4.2,5,6}	\N	drench	vertical_up	1.050	0.0000	0.0000
93	ДУВ-К200	\N	\N	1.000	0.150	0.1124	0.9585	-0.6439	0.1342	0.0000	0.0000	foam	0.56120	0.24210	{3,4.1,4.2,5,6}	\N	drench	vertical_up	1.050	0.0000	0.0000
99	SP-К80	\N	\N	1.600	0.150	0.0091	0.8191	-1.7878	1.9880	-1.0666	0.2187	foam	0.18890	0.09790	{1,2,3}	\N	drench	vertical_down	0.420	0.0000	0.0000
100	SSP-К80	\N	\N	1.600	0.150	0.0091	0.8191	-1.7878	1.9880	-1.0666	0.2187	foam	0.18890	0.09790	{1,2,3}	\N	sprinkler	vertical_down	0.420	0.0000	0.0000
102	СОБР-17-Н	\N	\N	1.200	0.100	0.2481	0.6530	1.1766	-1.5342	0.5226	0.0000	water	1.15860	0.32370	{3,4.1,4.2,5,6}	\N		vertical_down	1.280	0.0000	0.0000
103	СОБР-17-В	\N	\N	1.200	0.100	0.1445	2.3194	-2.2376	1.1755	-0.2485	0.0000	water	1.22160	0.35520	{3,4.1,4.2,5,6}	\N		vertical_up	1.280	0.0000	0.0000
104	СОБР-25-Н	\N	\N	1.200	0.100	0.2344	2.3107	-2.3449	1.5212	-0.4151	0.0000	water	1.39850	0.44350	{3,4.1,4.2,5,6}	\N		vertical_down	1.910	0.0000	0.0000
105	СОБР-25-В	\N	\N	1.200	0.100	0.2963	3.4220	-4.7509	3.6300	-1.1160	0.0000	water	1.51990	0.59450	{3,4.1,4.2,5,6}	\N		vertical_up	1.910	0.0000	0.0000
106	СУУ-К80	\N	\N	1.000	0.050	-0.0131	1.0322	-2.8626	4.2927	-3.1334	0.8734	water	0.18920	0.03190	{1,2,3,4.1,4.2,5,6}	\N	sprinkler	vertical_down	0.420	0.0000	0.0000
107	СУУ-15	\N	\N	1.000	0.050	-0.0006	1.7027	-5.1591	7.9720	-5.9275	1.6816	water	0.26910	0.07260	{1,2,3,4.1,4.2,5,6}	\N	sprinkler	vertical_down	0.770	0.0000	0.0000
108	СУУ-К160	\N	\N	1.000	0.050	0.0042	1.9212	-5.9184	9.2800	-7.0370	2.0437	water	0.29370	0.08660	{1,2,3,4.1,4.2,5,6}	\N	sprinkler	vertical_down	0.840	0.0000	0.0000
\.


--
-- Data for Name: tubes_tubetype; Type: TABLE DATA; Schema: public; Owner: postgres
--

COPY public.tubes_tubetype (id, name) FROM stdin;
1	Стальные электросварные по ГОСТ 10704
2	Стальные водогазопроводные по ГОСТ 3262
\.


--
-- Data for Name: tubes_type; Type: TABLE DATA; Schema: public; Owner: postgres
--

COPY public.tubes_type (id, nom_size, ext_size, thickness, k_t, tube_type_id) FROM stdin;
1	15.0	18.0	2.0	0.0755	1
2	20.0	25.0	2.0	0.7500	1
3	25.0	32.0	2.2	3.4400	1
4	32.0	40.0	2.2	13.9700	1
5	40.0	45.0	2.2	28.7000	1
6	50.0	57.0	2.5	110.0000	1
7	65.0	76.0	2.8	572.0000	1
8	80.0	89.0	2.8	1429.0000	1
9	100.0	108.0	2.8	4322.0000	1
10	100.0	108.0	3.0	4231.0000	1
11	100.0	114.0	2.8	5872.0000	1
12	125.0	133.0	3.2	13530.0000	1
13	125.0	140.0	3.2	18070.0000	1
14	150.0	159.0	3.2	36920.0000	1
15	150.0	159.0	4.0	34880.0000	1
16	200.0	219.0	4.0	209900.0000	1
17	250.0	273.0	4.0	711300.0000	1
18	300.0	325.0	4.0	1856000.0000	1
19	350.0	377.0	5.0	4062000.0000	1
20	15.0	21.3	2.5	0.1800	2
21	20.0	26.8	2.5	0.9260	2
22	25.0	33.5	2.8	3.6500	2
23	32.0	42.3	2.8	16.5000	2
24	40.0	48.0	3.0	34.5000	2
25	50.0	60.0	3.0	135.0000	2
26	65.0	75.5	3.2	517.0000	2
27	80.0	88.5	3.5	1262.0000	2
28	90.0	101.0	3.5	2725.0000	2
29	100.0	114.0	4.0	5205.0000	2
30	125.0	140.0	4.0	16940.0000	2
31	150.0	165.0	4.0	43000.0000	2
\.


--
-- Data for Name: users_calculateresult; Type: TABLE DATA; Schema: public; Owner: postgres
--

COPY public.users_calculateresult (id, created_at, data, user_id) FROM stdin;
857c1d3a-8565-4873-be3c-eed7b054ede6	2025-12-17 08:20:00.58662+00	{"pipeDN": null, "branches": {"1": {"kt": "5872.0000", "results": {"P_total": 18.219253005440855, "Q_total": 8.011271200283327}}, "2": {"kt": ""}, "3": {"kt": ""}}, "feedPipe": {"kt": "4322.0000", "length": 3, "results": {"P_total": 18.263802149062666, "Q_total": 8.011271200283327}}, "pipeType": null, "kt_values": {"1": "5872.0000", "2": "", "3": ""}, "sprinkler": {"flow": "2.00 л/с", "type": "СУУ-12", "k_factor": "0.470 дм3/(с ‧ МПа0,5)", "pressure": "18.15 м"}, "timestamp": "2025-12-17T08:19:59.879Z", "formValues": {"otv": "water", "temp": "20", "group": "2", "height": "7.00"}, "connections": {}, "controlUnit": "Узел управления спринклерный водозаполненный «‎Шалтан»", "totalLosses": 18.263802149062666, "branchDetails": {"branch-1": {"kt": "5872.0000", "rows": [{"flow": "2.00", "name": "Ороситель 1а", "action": "-", "length": "-", "pressure": "18.15", "is_sprinkler": true, "pressure_loss": "-"}, {"flow": "2.00", "name": "Участок 1а-2а", "action": "-", "length": "1", "pressure": "18.15", "is_sprinkler": false, "pressure_loss": "0.001"}, {"flow": "2.00", "name": "Ороситель 2а", "action": "-", "length": "-", "pressure": "18.15", "is_sprinkler": true, "pressure_loss": "-"}, {"flow": "4.00", "name": "Участок 2а-3а", "action": "-", "length": "2", "pressure": "18.16", "is_sprinkler": false, "pressure_loss": "0.005"}, {"flow": "2.00", "name": "Ороситель 3а", "action": "-", "length": "-", "pressure": "18.16", "is_sprinkler": true, "pressure_loss": "-"}, {"flow": "6.01", "name": "Участок 3а-4а", "action": "-", "length": "3", "pressure": "18.18", "is_sprinkler": false, "pressure_loss": "0.018"}, {"flow": "2.00", "name": "Ороситель 4а", "action": "-", "length": "-", "pressure": "18.18", "is_sprinkler": true, "pressure_loss": "-"}, {"flow": "8.01", "name": "Участок 4а-5а", "action": "-", "length": "4", "pressure": "18.22", "is_sprinkler": false, "pressure_loss": "0.044"}, {"flow": "-", "name": "Ороситель 5а", "action": "-", "length": "-", "pressure": "-", "is_sprinkler": true, "pressure_loss": "-"}, {"flow": "-", "name": "Участок 5а-6а", "action": "-", "length": "-", "pressure": "-", "is_sprinkler": false, "pressure_loss": "-"}, {"flow": "8.01", "name": "Узел а-б", "action": "-", "length": "-", "pressure": "18.22", "is_sprinkler": false, "pressure_loss": "-"}], "branch_num": "а"}}, "branch_results": {"1": {"P_total": 18.219253005440855, "Q_total": 8.011271200283327}, "feed-pipe": {"P_total": 18.263802149062666, "Q_total": 8.011271200283327}}, "installationType": "sprinkler_water"}	4
96022210-ef69-467e-8bd7-4bb1c2b0537d	2025-12-17 08:23:26.120487+00	{"pipeDN": null, "branches": {"1": {"kt": "28.7000", "results": {"P_total": 21.868957073215196, "Q_total": 6.121147683315485}}, "2": {"kt": ""}, "3": {"kt": ""}}, "feedPipe": {"kt": "1429.0000", "length": 5, "results": {"P_total": 22.00005731450616, "Q_total": 6.121147683315485}}, "pipeType": null, "kt_values": {"1": "28.7000", "2": "", "3": ""}, "sprinkler": {"flow": "2.00 л/с", "type": "СУУ-12", "k_factor": "0.470 дм3/(с ‧ МПа0,5)", "pressure": "18.15 м"}, "timestamp": "2025-12-17T08:23:32.409Z", "formValues": {"otv": "water", "temp": "20", "group": "2", "height": "7.00"}, "connections": {}, "controlUnit": "Узел управления спринклерный водозаполненный «‎Шалтан»", "totalLosses": 22.00005731450616, "branchDetails": {"branch-1": {"kt": "28.7000", "rows": [{"flow": "2.00", "name": "Ороситель 1а", "action": "-", "length": "-", "pressure": "18.15", "is_sprinkler": true, "pressure_loss": "-"}, {"flow": "2.00", "name": "Участок 1а-2а", "action": "-", "length": "2.5", "pressure": "18.50", "is_sprinkler": false, "pressure_loss": "0.349"}, {"flow": "2.02", "name": "Ороситель 2а", "action": "-", "length": "-", "pressure": "18.50", "is_sprinkler": true, "pressure_loss": "-"}, {"flow": "4.02", "name": "Участок 2а-3а", "action": "-", "length": "2.5", "pressure": "19.91", "is_sprinkler": false, "pressure_loss": "1.410"}, {"flow": "2.10", "name": "Ороситель 3а", "action": "-", "length": "-", "pressure": "19.91", "is_sprinkler": true, "pressure_loss": "-"}, {"flow": "6.12", "name": "Участок 3а-4а", "action": "-", "length": "1.5", "pressure": "21.87", "is_sprinkler": false, "pressure_loss": "1.958"}, {"flow": "6.12", "name": "Узел а-б", "action": "-", "length": "-", "pressure": "21.87", "is_sprinkler": false, "pressure_loss": "-"}], "branch_num": "а"}}, "branch_results": {"1": {"P_total": 21.868957073215196, "Q_total": 6.121147683315485}, "feed-pipe": {"P_total": 22.00005731450616, "Q_total": 6.121147683315485}}, "installationType": "sprinkler_water"}	\N
4a190331-2d20-4b70-a04c-46b22231ffc0	2025-12-17 08:24:51.578668+00	{"pipeDN": null, "branches": {"1": {"kt": ""}, "2": {"kt": "110.0000", "results": {"P_total": 18.846724829608732, "Q_total": 6.0312091640327665}}}, "feedPipe": {"kt": "5205.0000", "length": 23, "results": {"P_total": 19.007461838551517, "Q_total": 6.0312091640327665}}, "pipeType": null, "kt_values": {"1": "", "2": "110.0000"}, "sprinkler": {"flow": "2.00 л/с", "type": "СУУ-12", "k_factor": "0.470 дм3/(с ‧ МПа0,5)", "pressure": "18.15 м"}, "timestamp": "2025-12-17T08:24:57.476Z", "formValues": {"otv": "water", "temp": "20", "group": "2", "height": "7.00"}, "connections": {}, "controlUnit": "Узел управления спринклерный прямоточный с устройством задержки", "totalLosses": 19.007461838551517, "branchDetails": {"branch-2": {"kt": "110.0000", "rows": [{"flow": "2.00", "name": "Ороситель 1б", "action": "-", "length": "-", "pressure": "18.15", "is_sprinkler": true, "pressure_loss": "-"}, {"flow": "2.00", "name": "Участок 1б-2б", "action": "-", "length": "2", "pressure": "18.22", "is_sprinkler": false, "pressure_loss": "0.073"}, {"flow": "2.01", "name": "Ороситель 2б", "action": "-", "length": "-", "pressure": "18.22", "is_sprinkler": true, "pressure_loss": "-"}, {"flow": "4.01", "name": "Участок 2б-3б", "action": "-", "length": "2", "pressure": "18.52", "is_sprinkler": false, "pressure_loss": "0.292"}, {"flow": "2.02", "name": "Ороситель 3б", "action": "-", "length": "-", "pressure": "18.52", "is_sprinkler": true, "pressure_loss": "-"}, {"flow": "6.03", "name": "Участок 3б-4б", "action": "-", "length": "1", "pressure": "18.85", "is_sprinkler": false, "pressure_loss": "0.331"}, {"flow": "6.03", "name": "Узел б-в", "action": "-", "length": "-", "pressure": "18.85", "is_sprinkler": false, "pressure_loss": "-"}], "branch_num": "б"}}, "branch_results": {"2": {"P_total": 18.846724829608732, "Q_total": 6.0312091640327665}, "feed-pipe": {"P_total": 19.007461838551517, "Q_total": 6.0312091640327665}}, "installationType": "sprinkler_water"}	\N
61e094e9-9a06-48be-a3a5-a1819b6211a6	2025-12-17 08:25:42.949769+00	{"pipeDN": null, "branches": {"1": {"kt": "28.7000", "results": {"P_total": 21.868957073215196, "Q_total": 6.121147683315485}}, "2": {"kt": "110.0000", "results": {"P_total": 18.846724829608732, "Q_total": 6.0312091640327665}}, "3": {"kt": ""}}, "feedPipe": {"kt": "1429.0000", "length": 5, "results": {"P_total": 77.90093960538417, "Q_total": 12.617962401912937}}, "pipeType": null, "kt_values": {"1": "28.7000", "2": "110.0000", "3": ""}, "sprinkler": {"flow": "2.00 л/с", "type": "СУУ-12", "k_factor": "0.470 дм3/(с ‧ МПа0,5)", "pressure": "18.15 м"}, "timestamp": "2025-12-17T08:25:49.240Z", "formValues": {"otv": "water", "temp": "20", "group": "2", "height": "7.00"}, "connections": {"connection-1": {"P_total": 77.34386131575475, "Q_total": 12.617962401912937}}, "controlUnit": "Узел управления спринклерный прямоточный с устройством задержки", "totalLosses": 77.90093960538417, "branchDetails": {"branch-1": {"kt": "28.7000", "rows": [{"flow": "2.00", "name": "Ороситель 1а", "action": "-", "length": "-", "pressure": "18.15", "is_sprinkler": true, "pressure_loss": "-"}, {"flow": "2.00", "name": "Участок 1а-2а", "action": "-", "length": "2.5", "pressure": "18.50", "is_sprinkler": false, "pressure_loss": "0.349"}, {"flow": "2.02", "name": "Ороситель 2а", "action": "-", "length": "-", "pressure": "18.50", "is_sprinkler": true, "pressure_loss": "-"}, {"flow": "4.02", "name": "Участок 2а-3а", "action": "-", "length": "2.5", "pressure": "19.91", "is_sprinkler": false, "pressure_loss": "1.410"}, {"flow": "2.10", "name": "Ороситель 3а", "action": "-", "length": "-", "pressure": "19.91", "is_sprinkler": true, "pressure_loss": "-"}, {"flow": "6.12", "name": "Участок 3а-4а", "action": "-", "length": "1.5", "pressure": "21.87", "is_sprinkler": false, "pressure_loss": "1.958"}, {"flow": "12.62", "name": "Узел а-б", "action": "-", "length": "10.0", "pressure": "77.34", "is_sprinkler": false, "pressure_loss": "55.47"}], "branch_num": "а"}, "branch-2": {"kt": "110.0000", "rows": [{"flow": "2.00", "name": "Ороситель 1б", "action": "-", "length": "-", "pressure": "18.15", "is_sprinkler": true, "pressure_loss": "-"}, {"flow": "2.00", "name": "Участок 1б-2б", "action": "-", "length": "2", "pressure": "18.22", "is_sprinkler": false, "pressure_loss": "0.073"}, {"flow": "2.01", "name": "Ороситель 2б", "action": "-", "length": "-", "pressure": "18.22", "is_sprinkler": true, "pressure_loss": "-"}, {"flow": "4.01", "name": "Участок 2б-3б", "action": "-", "length": "2", "pressure": "18.52", "is_sprinkler": false, "pressure_loss": "0.292"}, {"flow": "2.02", "name": "Ороситель 3б", "action": "-", "length": "-", "pressure": "18.52", "is_sprinkler": true, "pressure_loss": "-"}, {"flow": "6.03", "name": "Участок 3б-4б", "action": "-", "length": "1", "pressure": "18.85", "is_sprinkler": false, "pressure_loss": "0.331"}, {"flow": "6.03", "name": "Узел б-в", "action": "-", "length": "-", "pressure": "18.85", "is_sprinkler": false, "pressure_loss": "-"}], "branch_num": "б"}}, "branch_results": {"1": {"P_total": 21.868957073215196, "Q_total": 6.121147683315485}, "2": {"P_total": 18.846724829608732, "Q_total": 6.0312091640327665}, "feed-pipe": {"P_total": 77.90093960538417, "Q_total": 12.617962401912937}, "connection-1": {"P_total": 77.34386131575475, "Q_total": 12.617962401912937}}, "installationType": "sprinkler_water"}	\N
f00b6404-7370-45a0-809d-1f1966646d2c	2025-12-17 08:26:20.14613+00	{"pipeDN": null, "branches": {"1": {"kt": ""}, "2": {"kt": "110.0000", "results": {"P_total": 18.846724829608732, "Q_total": 6.0312091640327665}}}, "feedPipe": {"kt": "5205.0000", "length": 23, "results": {"P_total": 19.007461838551517, "Q_total": 6.0312091640327665}}, "pipeType": null, "kt_values": {"1": "", "2": "110.0000"}, "sprinkler": {"flow": "2.00 л/с", "type": "СУУ-12", "k_factor": "0.470 дм3/(с ‧ МПа0,5)", "pressure": "18.15 м"}, "timestamp": "2025-12-17T08:26:26.047Z", "formValues": {"otv": "water", "temp": "20", "group": "2", "height": "7.00"}, "connections": {}, "controlUnit": "Узел управления спринклерный прямоточный с устройством задержки", "totalLosses": 19.007461838551517, "branchDetails": {"branch-2": {"kt": "110.0000", "rows": [{"flow": "2.00", "name": "Ороситель 1б", "action": "-", "length": "-", "pressure": "18.15", "is_sprinkler": true, "pressure_loss": "-"}, {"flow": "2.00", "name": "Участок 1б-2б", "action": "-", "length": "2", "pressure": "18.22", "is_sprinkler": false, "pressure_loss": "0.073"}, {"flow": "2.01", "name": "Ороситель 2б", "action": "-", "length": "-", "pressure": "18.22", "is_sprinkler": true, "pressure_loss": "-"}, {"flow": "4.01", "name": "Участок 2б-3б", "action": "-", "length": "2", "pressure": "18.52", "is_sprinkler": false, "pressure_loss": "0.292"}, {"flow": "2.02", "name": "Ороситель 3б", "action": "-", "length": "-", "pressure": "18.52", "is_sprinkler": true, "pressure_loss": "-"}, {"flow": "6.03", "name": "Участок 3б-4б", "action": "-", "length": "1", "pressure": "18.85", "is_sprinkler": false, "pressure_loss": "0.331"}, {"flow": "6.03", "name": "Узел б-в", "action": "-", "length": "-", "pressure": "18.85", "is_sprinkler": false, "pressure_loss": "-"}], "branch_num": "б"}}, "branch_results": {"2": {"P_total": 18.846724829608732, "Q_total": 6.0312091640327665}, "feed-pipe": {"P_total": 19.007461838551517, "Q_total": 6.0312091640327665}}, "installationType": "sprinkler_water"}	\N
901fad1f-4519-4674-a3f0-d643d1ff04fd	2025-12-17 08:51:42.055106+00	{"pipeDN": null, "branches": {"1": {"kt": "28.7000", "results": {"P_total": 24.21115444724736, "Q_total": 6.143582216287529}}, "2": {"kt": "28.7000", "results": {"P_total": 44.5691818426437, "Q_total": 11.101846080592216}}}, "feedPipe": {"kt": "4322.0000", "length": 10, "results": {"P_total": 71.77156929569718, "Q_total": 19.437338414100097}}, "pipeType": null, "kt_values": {"1": "28.7000", "2": "28.7000"}, "sprinkler": {"flow": "2.00 л/с", "type": "СУУ-12", "k_factor": "0.470 дм3/(с ‧ МПа0,5)", "pressure": "18.15 м"}, "timestamp": "2025-12-17T08:51:47.882Z", "formValues": {"otv": "water", "temp": "20", "group": "2", "height": "7.00"}, "connections": {"connection-1": {"P_total": 70.8974135237762, "Q_total": 19.437338414100097}}, "controlUnit": "Узел управления спринклерный прямоточный с устройством задержки", "totalLosses": 71.77156929569718, "branchDetails": {"branch-1": {"kt": "28.7000", "rows": [{"flow": "2.00", "name": "Ороситель 1а", "action": "-", "length": "-", "pressure": "18.15", "is_sprinkler": true, "pressure_loss": "-"}, {"flow": "2.00", "name": "Участок 1а-2а", "action": "-", "length": "3", "pressure": "18.57", "is_sprinkler": false, "pressure_loss": "0.419"}, {"flow": "2.03", "name": "Ороситель 2а", "action": "-", "length": "-", "pressure": "18.57", "is_sprinkler": true, "pressure_loss": "-"}, {"flow": "4.03", "name": "Участок 2а-3а", "action": "-", "length": "3", "pressure": "20.27", "is_sprinkler": false, "pressure_loss": "1.696"}, {"flow": "2.12", "name": "Ороситель 3а", "action": "-", "length": "-", "pressure": "20.27", "is_sprinkler": true, "pressure_loss": "-"}, {"flow": "6.14", "name": "Участок 3а-4а", "action": "-", "length": "3", "pressure": "24.21", "is_sprinkler": false, "pressure_loss": "3.945"}, {"flow": "19.44", "name": "Узел а-б", "action": "-", "length": "2.0", "pressure": "70.90", "is_sprinkler": false, "pressure_loss": "26.33"}], "branch_num": "а"}, "branch-2": {"kt": "28.7000", "rows": [{"flow": "2.00", "name": "Ороситель 1б", "action": "-", "length": "-", "pressure": "18.15", "is_sprinkler": true, "pressure_loss": "-"}, {"flow": "2.00", "name": "Участок 1б-2б", "action": "-", "length": "3", "pressure": "18.57", "is_sprinkler": false, "pressure_loss": "0.419"}, {"flow": "2.03", "name": "Ороситель 2б", "action": "-", "length": "-", "pressure": "18.57", "is_sprinkler": true, "pressure_loss": "-"}, {"flow": "4.03", "name": "Участок 2б-3б", "action": "-", "length": "3", "pressure": "20.27", "is_sprinkler": false, "pressure_loss": "1.696"}, {"flow": "2.12", "name": "Ороситель 3б", "action": "-", "length": "-", "pressure": "20.27", "is_sprinkler": true, "pressure_loss": "-"}, {"flow": "6.14", "name": "Участок 3б-4б", "action": "-", "length": "3", "pressure": "24.21", "is_sprinkler": false, "pressure_loss": "3.945"}, {"flow": "2.31", "name": "Ороситель 4б", "action": "-", "length": "-", "pressure": "24.21", "is_sprinkler": true, "pressure_loss": "-"}, {"flow": "8.46", "name": "Участок 4б-5б", "action": "-", "length": "3", "pressure": "31.69", "is_sprinkler": false, "pressure_loss": "7.475"}, {"flow": "2.65", "name": "Ороситель 5б", "action": "-", "length": "-", "pressure": "31.69", "is_sprinkler": true, "pressure_loss": "-"}, {"flow": "11.10", "name": "Участок 5б-6б", "action": "-", "length": "3", "pressure": "44.57", "is_sprinkler": false, "pressure_loss": "12.883"}, {"flow": "11.10", "name": "Узел б-в", "action": "-", "length": "-", "pressure": "44.57", "is_sprinkler": false, "pressure_loss": "-"}], "branch_num": "б"}}, "branch_results": {"1": {"P_total": 24.21115444724736, "Q_total": 6.143582216287529}, "2": {"P_total": 44.5691818426437, "Q_total": 11.101846080592216}, "feed-pipe": {"P_total": 71.77156929569718, "Q_total": 19.437338414100097}, "connection-1": {"P_total": 70.8974135237762, "Q_total": 19.437338414100097}}, "installationType": "sprinkler_water"}	\N
d62420b4-92ef-4182-9705-6e9a306cdb7c	2025-12-17 08:55:45.945777+00	{"pipeDN": null, "branches": {"1": {"kt": "28.7000", "results": {"P_total": 24.21115444724736, "Q_total": 6.143582216287529}}, "2": {"kt": "28.7000", "results": {"P_total": 44.5691818426437, "Q_total": 11.101846080592216}}}, "feedPipe": {"kt": "4322.0000", "length": 10, "results": {"P_total": 71.77156929569718, "Q_total": 19.437338414100097}}, "pipeType": null, "kt_values": {"1": "28.7000", "2": "28.7000"}, "sprinkler": {"flow": "2.00 л/с", "type": "СУУ-12", "k_factor": "0.470 дм3/(с ‧ МПа0,5)", "pressure": "18.15 м"}, "timestamp": "2025-12-17T08:55:51.785Z", "formValues": {"otv": "water", "temp": "20", "group": "2", "height": "7.00"}, "connections": {"connection-1": {"P_total": 70.8974135237762, "Q_total": 19.437338414100097}}, "controlUnit": "Узел управления спринклерный прямоточный с устройством задержки", "totalLosses": 71.77156929569718, "branchDetails": {"branch-1": {"kt": "28.7000", "rows": [{"flow": "2.00", "name": "Ороситель 1а", "action": "-", "length": "-", "pressure": "18.15", "is_sprinkler": true, "pressure_loss": "-"}, {"flow": "2.00", "name": "Участок 1а-2а", "action": "-", "length": "3", "pressure": "18.57", "is_sprinkler": false, "pressure_loss": "0.419"}, {"flow": "2.03", "name": "Ороситель 2а", "action": "-", "length": "-", "pressure": "18.57", "is_sprinkler": true, "pressure_loss": "-"}, {"flow": "4.03", "name": "Участок 2а-3а", "action": "-", "length": "3", "pressure": "20.27", "is_sprinkler": false, "pressure_loss": "1.696"}, {"flow": "2.12", "name": "Ороситель 3а", "action": "-", "length": "-", "pressure": "20.27", "is_sprinkler": true, "pressure_loss": "-"}, {"flow": "6.14", "name": "Участок 3а-4а", "action": "-", "length": "3", "pressure": "24.21", "is_sprinkler": false, "pressure_loss": "3.945"}, {"flow": "19.44", "name": "Узел а-б", "action": "-", "length": "2.0", "pressure": "70.90", "is_sprinkler": false, "pressure_loss": "26.33"}], "branch_num": "а"}, "branch-2": {"kt": "28.7000", "rows": [{"flow": "2.00", "name": "Ороситель 1б", "action": "-", "length": "-", "pressure": "18.15", "is_sprinkler": true, "pressure_loss": "-"}, {"flow": "2.00", "name": "Участок 1б-2б", "action": "-", "length": "3", "pressure": "18.57", "is_sprinkler": false, "pressure_loss": "0.419"}, {"flow": "2.03", "name": "Ороситель 2б", "action": "-", "length": "-", "pressure": "18.57", "is_sprinkler": true, "pressure_loss": "-"}, {"flow": "4.03", "name": "Участок 2б-3б", "action": "-", "length": "3", "pressure": "20.27", "is_sprinkler": false, "pressure_loss": "1.696"}, {"flow": "2.12", "name": "Ороситель 3б", "action": "-", "length": "-", "pressure": "20.27", "is_sprinkler": true, "pressure_loss": "-"}, {"flow": "6.14", "name": "Участок 3б-4б", "action": "-", "length": "3", "pressure": "24.21", "is_sprinkler": false, "pressure_loss": "3.945"}, {"flow": "2.31", "name": "Ороситель 4б", "action": "-", "length": "-", "pressure": "24.21", "is_sprinkler": true, "pressure_loss": "-"}, {"flow": "8.46", "name": "Участок 4б-5б", "action": "-", "length": "3", "pressure": "31.69", "is_sprinkler": false, "pressure_loss": "7.475"}, {"flow": "2.65", "name": "Ороситель 5б", "action": "-", "length": "-", "pressure": "31.69", "is_sprinkler": true, "pressure_loss": "-"}, {"flow": "11.10", "name": "Участок 5б-6б", "action": "-", "length": "3", "pressure": "44.57", "is_sprinkler": false, "pressure_loss": "12.883"}, {"flow": "11.10", "name": "Узел б-в", "action": "-", "length": "-", "pressure": "44.57", "is_sprinkler": false, "pressure_loss": "-"}], "branch_num": "б"}}, "branch_results": {"1": {"P_total": 24.21115444724736, "Q_total": 6.143582216287529}, "2": {"P_total": 44.5691818426437, "Q_total": 11.101846080592216}, "feed-pipe": {"P_total": 71.77156929569718, "Q_total": 19.437338414100097}, "connection-1": {"P_total": 70.8974135237762, "Q_total": 19.437338414100097}}, "installationType": "sprinkler_water"}	\N
d8ddb2c5-3570-480d-aa8a-6afd0b05ddce	2025-12-17 08:59:41.341912+00	{"pipeDN": null, "branches": {"1": {"kt": "28.7000", "results": {"P_total": 24.21115444724736, "Q_total": 6.143582216287529}}, "2": {"kt": "28.7000", "results": {"P_total": 44.5691818426437, "Q_total": 11.101846080592216}}}, "feedPipe": {"kt": "4322.0000", "length": 10, "results": {"P_total": 71.77156929569718, "Q_total": 19.437338414100097}}, "pipeType": null, "kt_values": {"1": "28.7000", "2": "28.7000"}, "sprinkler": {"flow": "2.00 л/с", "type": "СУУ-12", "k_factor": "0.470 дм3/(с ‧ МПа0,5)", "pressure": "18.15 м"}, "timestamp": "2025-12-17T08:59:47.166Z", "formValues": {"otv": "water", "temp": "20", "group": "2", "height": "7.00"}, "connections": {"connection-1": {"P_total": 70.8974135237762, "Q_total": 19.437338414100097}}, "controlUnit": "Узел управления спринклерный прямоточный с устройством задержки", "totalLosses": 71.77156929569718, "branchDetails": {"branch-1": {"kt": "28.7000", "rows": [{"flow": "2.00", "name": "Ороситель 1а", "action": "-", "length": "-", "pressure": "18.15", "is_sprinkler": true, "pressure_loss": "-"}, {"flow": "2.00", "name": "Участок 1а-2а", "action": "-", "length": "3", "pressure": "18.57", "is_sprinkler": false, "pressure_loss": "0.419"}, {"flow": "2.03", "name": "Ороситель 2а", "action": "-", "length": "-", "pressure": "18.57", "is_sprinkler": true, "pressure_loss": "-"}, {"flow": "4.03", "name": "Участок 2а-3а", "action": "-", "length": "3", "pressure": "20.27", "is_sprinkler": false, "pressure_loss": "1.696"}, {"flow": "2.12", "name": "Ороситель 3а", "action": "-", "length": "-", "pressure": "20.27", "is_sprinkler": true, "pressure_loss": "-"}, {"flow": "6.14", "name": "Участок 3а-4а", "action": "-", "length": "3", "pressure": "24.21", "is_sprinkler": false, "pressure_loss": "3.945"}, {"flow": "19.44", "name": "Узел а-б", "action": "-", "length": "2.0", "pressure": "70.90", "is_sprinkler": false, "pressure_loss": "26.33"}], "branch_num": "а"}, "branch-2": {"kt": "28.7000", "rows": [{"flow": "2.00", "name": "Ороситель 1б", "action": "-", "length": "-", "pressure": "18.15", "is_sprinkler": true, "pressure_loss": "-"}, {"flow": "2.00", "name": "Участок 1б-2б", "action": "-", "length": "3", "pressure": "18.57", "is_sprinkler": false, "pressure_loss": "0.419"}, {"flow": "2.03", "name": "Ороситель 2б", "action": "-", "length": "-", "pressure": "18.57", "is_sprinkler": true, "pressure_loss": "-"}, {"flow": "4.03", "name": "Участок 2б-3б", "action": "-", "length": "3", "pressure": "20.27", "is_sprinkler": false, "pressure_loss": "1.696"}, {"flow": "2.12", "name": "Ороситель 3б", "action": "-", "length": "-", "pressure": "20.27", "is_sprinkler": true, "pressure_loss": "-"}, {"flow": "6.14", "name": "Участок 3б-4б", "action": "-", "length": "3", "pressure": "24.21", "is_sprinkler": false, "pressure_loss": "3.945"}, {"flow": "2.31", "name": "Ороситель 4б", "action": "-", "length": "-", "pressure": "24.21", "is_sprinkler": true, "pressure_loss": "-"}, {"flow": "8.46", "name": "Участок 4б-5б", "action": "-", "length": "3", "pressure": "31.69", "is_sprinkler": false, "pressure_loss": "7.475"}, {"flow": "2.65", "name": "Ороситель 5б", "action": "-", "length": "-", "pressure": "31.69", "is_sprinkler": true, "pressure_loss": "-"}, {"flow": "11.10", "name": "Участок 5б-6б", "action": "-", "length": "3", "pressure": "44.57", "is_sprinkler": false, "pressure_loss": "12.883"}, {"flow": "11.10", "name": "Узел б-в", "action": "-", "length": "-", "pressure": "44.57", "is_sprinkler": false, "pressure_loss": "-"}], "branch_num": "б"}}, "branch_results": {"1": {"P_total": 24.21115444724736, "Q_total": 6.143582216287529}, "2": {"P_total": 44.5691818426437, "Q_total": 11.101846080592216}, "feed-pipe": {"P_total": 71.77156929569718, "Q_total": 19.437338414100097}, "connection-1": {"P_total": 70.8974135237762, "Q_total": 19.437338414100097}}, "installationType": "sprinkler_water"}	\N
19063b6c-d7ce-45de-a382-85859973e190	2025-12-18 03:18:44.1242+00	{"pipeDN": null, "branches": {"1": {"kt": ""}}, "feedPipe": {"kt": "4322.0000", "length": 10, "results": {"P_total": 65.52947375616925, "Q_total": 11.480133190030232}}, "pipeType": null, "kt_values": {"1": ""}, "sprinkler": {"flow": "2.00 л/с", "type": "СУУ-12", "k_factor": "0.470 дм3/(с ‧ МПа0,5)", "pressure": "18.15 м"}, "timestamp": "2025-12-18T03:18:50.182Z", "formValues": {"otv": "water", "temp": "20", "group": "2", "height": "7.00"}, "connections": {"connection-1": {"P_total": 65.22453748115575, "Q_total": 11.480133190030232}}, "controlUnit": "Узел управления спринклерный водозаполненный «‎Шалтан»", "totalLosses": 65.52947375616925, "branchDetails": {}, "branch_results": {"feed-pipe": {"P_total": 65.52947375616925, "Q_total": 11.480133190030232}, "connection-1": {"P_total": 65.22453748115575, "Q_total": 11.480133190030232}}, "installationType": "sprinkler_water"}	\N
5da02074-1384-4195-803c-6ace60e12b33	2026-02-25 04:12:37.036305+00	{"pipeDN": null, "branches": {"1": {"kt": "572.0000", "results": {"P_total": 18.5374296531249, "Q_total": 10.031232667566202}}, "2": {"kt": ""}, "3": {"kt": ""}}, "feedPipe": {"kt": "13.9700", "length": 23, "results": {"P_total": 184.2059667404183, "Q_total": 10.031232667566202}}, "pipeType": null, "kt_values": {"1": "572.0000", "2": "", "3": ""}, "sprinkler": {"flow": "2.00", "type": "СУУ-12", "k_factor": "0.470", "pressure": "18.15"}, "timestamp": "2026-02-25T04:12:37.011Z", "formValues": {"otv": "water", "temp": "20", "group": "2", "height": "7.00"}, "connections": {"1": {"P_total": 18.5374296531249, "Q_total": 10.031232667566202}, "feed-pipe": {"P_total": 184.2059667404183, "Q_total": 10.031232667566202}}, "controlUnit": "Узел управления спринклерный прямоточный с устройством задержки", "totalLosses": 184.2059667404183, "branchDetails": {"branch-1": {"kt": "572.0000", "rows": [{"flow": "2.00", "name": "Ороситель 1а", "action": "-", "length": "-", "pressure": "18.15", "is_sprinkler": true, "pressure_loss": "-"}, {"flow": "2.00", "name": "Участок 1а-2а", "action": "-", "length": "1", "pressure": "-", "is_sprinkler": false, "pressure_loss": "0.007"}, {"flow": "2.00", "name": "Ороситель 2а", "action": "-", "length": "-", "pressure": "18.16", "is_sprinkler": true, "pressure_loss": "-"}, {"flow": "4.01", "name": "Участок 2а-3а", "action": "-", "length": "1", "pressure": "-", "is_sprinkler": false, "pressure_loss": "0.028"}, {"flow": "2.00", "name": "Ороситель 3а", "action": "-", "length": "-", "pressure": "18.19", "is_sprinkler": true, "pressure_loss": "-"}, {"flow": "6.01", "name": "Участок 3а-4а", "action": "-", "length": "1", "pressure": "-", "is_sprinkler": false, "pressure_loss": "0.063"}, {"flow": "2.01", "name": "Ороситель 4а", "action": "-", "length": "-", "pressure": "18.25", "is_sprinkler": true, "pressure_loss": "-"}, {"flow": "8.02", "name": "Участок 4а-5а", "action": "-", "length": "1", "pressure": "-", "is_sprinkler": false, "pressure_loss": "0.112"}, {"flow": "2.01", "name": "Ороситель 5а", "action": "-", "length": "-", "pressure": "18.36", "is_sprinkler": true, "pressure_loss": "-"}, {"flow": "10.03", "name": "Участок 5а-6а", "action": "-", "length": "1", "pressure": "-", "is_sprinkler": false, "pressure_loss": "0.176"}, {"flow": "10.03", "name": "Узел а", "action": "-", "length": "-", "pressure": "18.54", "is_sprinkler": false, "pressure_loss": "-"}], "branch_num": "а"}}, "branch_results": {"1": {"P_total": 18.5374296531249, "Q_total": 10.031232667566202}, "feed-pipe": {"P_total": 184.2059667404183, "Q_total": 10.031232667566202}}, "installationType": "sprinkler_water", "sprinklerChartImage": null, "controlUnitDesignation": "УУ-С65/1,6В-ВФ.04-«Прямоточный 100»"}	3
\.


--
-- Data for Name: users_user; Type: TABLE DATA; Schema: public; Owner: postgres
--

COPY public.users_user (id, password, last_login, is_superuser, username, email, is_staff, is_active, date_joined, first_name, last_name, parent_name) FROM stdin;
1	pbkdf2_sha256$390000$eypDe8J6TeqDmvBgeyt7CQ$5a43OgncDPHpA/ufZfpohH3N38Op+hdK93YbMGCsdXk=	2025-07-04 07:20:32.454336+00	t	buht	lev@larixon.com	t	t	2024-08-09 00:27:20.953983+00	\N	\N	\N
4	pbkdf2_sha256$390000$4egVO5bGkobUxN43trV9Xj$QG4Kt+RWpmmRqURccRHd4ykf9oUXXaB8N4Y7DtC3Mw4=	2025-12-17 02:13:03.391576+00	t	sasha	sasha@admin.ru	t	t	2025-07-04 07:19:25.208966+00	\N	\N	\N
3	pbkdf2_sha256$390000$FnYy3f8RgKJIdEhh5fDaoN$AFe5jSpu+NnT9yD7cH5S+1B43sjY6KjOCbfB3yR/3QQ=	2026-02-25 02:51:06.988713+00	t	admin	admin@admin.ru	t	t	2024-08-09 02:41:52.895303+00	\N	\N	\N
\.


--
-- Data for Name: users_user_groups; Type: TABLE DATA; Schema: public; Owner: postgres
--

COPY public.users_user_groups (id, user_id, group_id) FROM stdin;
\.


--
-- Data for Name: users_user_user_permissions; Type: TABLE DATA; Schema: public; Owner: postgres
--

COPY public.users_user_user_permissions (id, user_id, permission_id) FROM stdin;
\.


--
-- Name: auth_group_id_seq; Type: SEQUENCE SET; Schema: public; Owner: postgres
--

SELECT pg_catalog.setval('public.auth_group_id_seq', 1, false);


--
-- Name: auth_group_permissions_id_seq; Type: SEQUENCE SET; Schema: public; Owner: postgres
--

SELECT pg_catalog.setval('public.auth_group_permissions_id_seq', 1, false);


--
-- Name: auth_permission_id_seq; Type: SEQUENCE SET; Schema: public; Owner: postgres
--

SELECT pg_catalog.setval('public.auth_permission_id_seq', 60, true);


--
-- Name: django_admin_log_id_seq; Type: SEQUENCE SET; Schema: public; Owner: postgres
--

SELECT pg_catalog.setval('public.django_admin_log_id_seq', 435, true);


--
-- Name: django_content_type_id_seq; Type: SEQUENCE SET; Schema: public; Owner: postgres
--

SELECT pg_catalog.setval('public.django_content_type_id_seq', 15, true);


--
-- Name: django_migrations_id_seq; Type: SEQUENCE SET; Schema: public; Owner: postgres
--

SELECT pg_catalog.setval('public.django_migrations_id_seq', 44, true);


--
-- Name: main_seosettings_id_seq; Type: SEQUENCE SET; Schema: public; Owner: postgres
--

SELECT pg_catalog.setval('public.main_seosettings_id_seq', 1, false);


--
-- Name: management_node_controlunit_id_seq; Type: SEQUENCE SET; Schema: public; Owner: postgres
--

SELECT pg_catalog.setval('public.management_node_controlunit_id_seq', 27, true);


--
-- Name: management_node_controlunitname_id_seq; Type: SEQUENCE SET; Schema: public; Owner: postgres
--

SELECT pg_catalog.setval('public.management_node_controlunitname_id_seq', 8, true);


--
-- Name: python_logmessage_id_seq; Type: SEQUENCE SET; Schema: public; Owner: postgres
--

SELECT pg_catalog.setval('public.python_logmessage_id_seq', 1, false);


--
-- Name: python_otv_id_seq; Type: SEQUENCE SET; Schema: public; Owner: postgres
--

SELECT pg_catalog.setval('public.python_otv_id_seq', 3125, true);


--
-- Name: sprinkler_sprinkler_id_seq; Type: SEQUENCE SET; Schema: public; Owner: postgres
--

SELECT pg_catalog.setval('public.sprinkler_sprinkler_id_seq', 115, true);


--
-- Name: tubes_tubetype_id_seq; Type: SEQUENCE SET; Schema: public; Owner: postgres
--

SELECT pg_catalog.setval('public.tubes_tubetype_id_seq', 2, true);


--
-- Name: tubes_type_id_seq; Type: SEQUENCE SET; Schema: public; Owner: postgres
--

SELECT pg_catalog.setval('public.tubes_type_id_seq', 31, true);


--
-- Name: users_user_groups_id_seq; Type: SEQUENCE SET; Schema: public; Owner: postgres
--

SELECT pg_catalog.setval('public.users_user_groups_id_seq', 1, false);


--
-- Name: users_user_id_seq; Type: SEQUENCE SET; Schema: public; Owner: postgres
--

SELECT pg_catalog.setval('public.users_user_id_seq', 4, true);


--
-- Name: users_user_user_permissions_id_seq; Type: SEQUENCE SET; Schema: public; Owner: postgres
--

SELECT pg_catalog.setval('public.users_user_user_permissions_id_seq', 1, false);


--
-- Name: auth_group auth_group_name_key; Type: CONSTRAINT; Schema: public; Owner: postgres
--

ALTER TABLE ONLY public.auth_group
    ADD CONSTRAINT auth_group_name_key UNIQUE (name);


--
-- Name: auth_group_permissions auth_group_permissions_group_id_permission_id_0cd325b0_uniq; Type: CONSTRAINT; Schema: public; Owner: postgres
--

ALTER TABLE ONLY public.auth_group_permissions
    ADD CONSTRAINT auth_group_permissions_group_id_permission_id_0cd325b0_uniq UNIQUE (group_id, permission_id);


--
-- Name: auth_group_permissions auth_group_permissions_pkey; Type: CONSTRAINT; Schema: public; Owner: postgres
--

ALTER TABLE ONLY public.auth_group_permissions
    ADD CONSTRAINT auth_group_permissions_pkey PRIMARY KEY (id);


--
-- Name: auth_group auth_group_pkey; Type: CONSTRAINT; Schema: public; Owner: postgres
--

ALTER TABLE ONLY public.auth_group
    ADD CONSTRAINT auth_group_pkey PRIMARY KEY (id);


--
-- Name: auth_permission auth_permission_content_type_id_codename_01ab375a_uniq; Type: CONSTRAINT; Schema: public; Owner: postgres
--

ALTER TABLE ONLY public.auth_permission
    ADD CONSTRAINT auth_permission_content_type_id_codename_01ab375a_uniq UNIQUE (content_type_id, codename);


--
-- Name: auth_permission auth_permission_pkey; Type: CONSTRAINT; Schema: public; Owner: postgres
--

ALTER TABLE ONLY public.auth_permission
    ADD CONSTRAINT auth_permission_pkey PRIMARY KEY (id);


--
-- Name: django_admin_log django_admin_log_pkey; Type: CONSTRAINT; Schema: public; Owner: postgres
--

ALTER TABLE ONLY public.django_admin_log
    ADD CONSTRAINT django_admin_log_pkey PRIMARY KEY (id);


--
-- Name: django_content_type django_content_type_app_label_model_76bd3d3b_uniq; Type: CONSTRAINT; Schema: public; Owner: postgres
--

ALTER TABLE ONLY public.django_content_type
    ADD CONSTRAINT django_content_type_app_label_model_76bd3d3b_uniq UNIQUE (app_label, model);


--
-- Name: django_content_type django_content_type_pkey; Type: CONSTRAINT; Schema: public; Owner: postgres
--

ALTER TABLE ONLY public.django_content_type
    ADD CONSTRAINT django_content_type_pkey PRIMARY KEY (id);


--
-- Name: django_migrations django_migrations_pkey; Type: CONSTRAINT; Schema: public; Owner: postgres
--

ALTER TABLE ONLY public.django_migrations
    ADD CONSTRAINT django_migrations_pkey PRIMARY KEY (id);


--
-- Name: django_session django_session_pkey; Type: CONSTRAINT; Schema: public; Owner: postgres
--

ALTER TABLE ONLY public.django_session
    ADD CONSTRAINT django_session_pkey PRIMARY KEY (session_key);


--
-- Name: main_seosettings main_seosettings_pkey; Type: CONSTRAINT; Schema: public; Owner: postgres
--

ALTER TABLE ONLY public.main_seosettings
    ADD CONSTRAINT main_seosettings_pkey PRIMARY KEY (id);


--
-- Name: management_node_controlunit management_node_controlunit_pkey; Type: CONSTRAINT; Schema: public; Owner: postgres
--

ALTER TABLE ONLY public.management_node_controlunit
    ADD CONSTRAINT management_node_controlunit_pkey PRIMARY KEY (id);


--
-- Name: management_node_controlunitname management_node_controlunitname_pkey; Type: CONSTRAINT; Schema: public; Owner: postgres
--

ALTER TABLE ONLY public.management_node_controlunitname
    ADD CONSTRAINT management_node_controlunitname_pkey PRIMARY KEY (id);


--
-- Name: python_logmessage python_logmessage_pkey; Type: CONSTRAINT; Schema: public; Owner: postgres
--

ALTER TABLE ONLY public.python_logmessage
    ADD CONSTRAINT python_logmessage_pkey PRIMARY KEY (id);


--
-- Name: python_otv python_otv_pkey; Type: CONSTRAINT; Schema: public; Owner: postgres
--

ALTER TABLE ONLY public.python_otv
    ADD CONSTRAINT python_otv_pkey PRIMARY KEY (id);


--
-- Name: sprinkler_sprinkler sprinkler_sprinkler_pkey; Type: CONSTRAINT; Schema: public; Owner: postgres
--

ALTER TABLE ONLY public.sprinkler_sprinkler
    ADD CONSTRAINT sprinkler_sprinkler_pkey PRIMARY KEY (id);


--
-- Name: tubes_tubetype tubes_tubetype_pkey; Type: CONSTRAINT; Schema: public; Owner: postgres
--

ALTER TABLE ONLY public.tubes_tubetype
    ADD CONSTRAINT tubes_tubetype_pkey PRIMARY KEY (id);


--
-- Name: tubes_type tubes_type_pkey; Type: CONSTRAINT; Schema: public; Owner: postgres
--

ALTER TABLE ONLY public.tubes_type
    ADD CONSTRAINT tubes_type_pkey PRIMARY KEY (id);


--
-- Name: users_calculateresult users_calculateresults_pkey; Type: CONSTRAINT; Schema: public; Owner: postgres
--

ALTER TABLE ONLY public.users_calculateresult
    ADD CONSTRAINT users_calculateresults_pkey PRIMARY KEY (id);


--
-- Name: users_user_groups users_user_groups_pkey; Type: CONSTRAINT; Schema: public; Owner: postgres
--

ALTER TABLE ONLY public.users_user_groups
    ADD CONSTRAINT users_user_groups_pkey PRIMARY KEY (id);


--
-- Name: users_user_groups users_user_groups_user_id_group_id_b88eab82_uniq; Type: CONSTRAINT; Schema: public; Owner: postgres
--

ALTER TABLE ONLY public.users_user_groups
    ADD CONSTRAINT users_user_groups_user_id_group_id_b88eab82_uniq UNIQUE (user_id, group_id);


--
-- Name: users_user users_user_pkey; Type: CONSTRAINT; Schema: public; Owner: postgres
--

ALTER TABLE ONLY public.users_user
    ADD CONSTRAINT users_user_pkey PRIMARY KEY (id);


--
-- Name: users_user_user_permissions users_user_user_permissions_pkey; Type: CONSTRAINT; Schema: public; Owner: postgres
--

ALTER TABLE ONLY public.users_user_user_permissions
    ADD CONSTRAINT users_user_user_permissions_pkey PRIMARY KEY (id);


--
-- Name: users_user_user_permissions users_user_user_permissions_user_id_permission_id_43338c45_uniq; Type: CONSTRAINT; Schema: public; Owner: postgres
--

ALTER TABLE ONLY public.users_user_user_permissions
    ADD CONSTRAINT users_user_user_permissions_user_id_permission_id_43338c45_uniq UNIQUE (user_id, permission_id);


--
-- Name: users_user users_user_username_key; Type: CONSTRAINT; Schema: public; Owner: postgres
--

ALTER TABLE ONLY public.users_user
    ADD CONSTRAINT users_user_username_key UNIQUE (username);


--
-- Name: auth_group_name_a6ea08ec_like; Type: INDEX; Schema: public; Owner: postgres
--

CREATE INDEX auth_group_name_a6ea08ec_like ON public.auth_group USING btree (name varchar_pattern_ops);


--
-- Name: auth_group_permissions_group_id_b120cbf9; Type: INDEX; Schema: public; Owner: postgres
--

CREATE INDEX auth_group_permissions_group_id_b120cbf9 ON public.auth_group_permissions USING btree (group_id);


--
-- Name: auth_group_permissions_permission_id_84c5c92e; Type: INDEX; Schema: public; Owner: postgres
--

CREATE INDEX auth_group_permissions_permission_id_84c5c92e ON public.auth_group_permissions USING btree (permission_id);


--
-- Name: auth_permission_content_type_id_2f476e4b; Type: INDEX; Schema: public; Owner: postgres
--

CREATE INDEX auth_permission_content_type_id_2f476e4b ON public.auth_permission USING btree (content_type_id);


--
-- Name: django_admin_log_content_type_id_c4bce8eb; Type: INDEX; Schema: public; Owner: postgres
--

CREATE INDEX django_admin_log_content_type_id_c4bce8eb ON public.django_admin_log USING btree (content_type_id);


--
-- Name: django_admin_log_user_id_c564eba6; Type: INDEX; Schema: public; Owner: postgres
--

CREATE INDEX django_admin_log_user_id_c564eba6 ON public.django_admin_log USING btree (user_id);


--
-- Name: django_session_expire_date_a5c62663; Type: INDEX; Schema: public; Owner: postgres
--

CREATE INDEX django_session_expire_date_a5c62663 ON public.django_session USING btree (expire_date);


--
-- Name: django_session_session_key_c0390e0f_like; Type: INDEX; Schema: public; Owner: postgres
--

CREATE INDEX django_session_session_key_c0390e0f_like ON public.django_session USING btree (session_key varchar_pattern_ops);


--
-- Name: management_node_controlunit_control_unit_name_id_b7084b30; Type: INDEX; Schema: public; Owner: postgres
--

CREATE INDEX management_node_controlunit_control_unit_name_id_b7084b30 ON public.management_node_controlunit USING btree (control_unit_name_id);


--
-- Name: tubes_type_tube_type_id_392b3b62; Type: INDEX; Schema: public; Owner: postgres
--

CREATE INDEX tubes_type_tube_type_id_392b3b62 ON public.tubes_type USING btree (tube_type_id);


--
-- Name: users_calculateresults_user_id_e1a32400; Type: INDEX; Schema: public; Owner: postgres
--

CREATE INDEX users_calculateresults_user_id_e1a32400 ON public.users_calculateresult USING btree (user_id);


--
-- Name: users_user_groups_group_id_9afc8d0e; Type: INDEX; Schema: public; Owner: postgres
--

CREATE INDEX users_user_groups_group_id_9afc8d0e ON public.users_user_groups USING btree (group_id);


--
-- Name: users_user_groups_user_id_5f6f5a90; Type: INDEX; Schema: public; Owner: postgres
--

CREATE INDEX users_user_groups_user_id_5f6f5a90 ON public.users_user_groups USING btree (user_id);


--
-- Name: users_user_user_permissions_permission_id_0b93982e; Type: INDEX; Schema: public; Owner: postgres
--

CREATE INDEX users_user_user_permissions_permission_id_0b93982e ON public.users_user_user_permissions USING btree (permission_id);


--
-- Name: users_user_user_permissions_user_id_20aca447; Type: INDEX; Schema: public; Owner: postgres
--

CREATE INDEX users_user_user_permissions_user_id_20aca447 ON public.users_user_user_permissions USING btree (user_id);


--
-- Name: users_user_username_06e46fe6_like; Type: INDEX; Schema: public; Owner: postgres
--

CREATE INDEX users_user_username_06e46fe6_like ON public.users_user USING btree (username varchar_pattern_ops);


--
-- Name: auth_group_permissions auth_group_permissio_permission_id_84c5c92e_fk_auth_perm; Type: FK CONSTRAINT; Schema: public; Owner: postgres
--

ALTER TABLE ONLY public.auth_group_permissions
    ADD CONSTRAINT auth_group_permissio_permission_id_84c5c92e_fk_auth_perm FOREIGN KEY (permission_id) REFERENCES public.auth_permission(id) DEFERRABLE INITIALLY DEFERRED;


--
-- Name: auth_group_permissions auth_group_permissions_group_id_b120cbf9_fk_auth_group_id; Type: FK CONSTRAINT; Schema: public; Owner: postgres
--

ALTER TABLE ONLY public.auth_group_permissions
    ADD CONSTRAINT auth_group_permissions_group_id_b120cbf9_fk_auth_group_id FOREIGN KEY (group_id) REFERENCES public.auth_group(id) DEFERRABLE INITIALLY DEFERRED;


--
-- Name: auth_permission auth_permission_content_type_id_2f476e4b_fk_django_co; Type: FK CONSTRAINT; Schema: public; Owner: postgres
--

ALTER TABLE ONLY public.auth_permission
    ADD CONSTRAINT auth_permission_content_type_id_2f476e4b_fk_django_co FOREIGN KEY (content_type_id) REFERENCES public.django_content_type(id) DEFERRABLE INITIALLY DEFERRED;


--
-- Name: django_admin_log django_admin_log_content_type_id_c4bce8eb_fk_django_co; Type: FK CONSTRAINT; Schema: public; Owner: postgres
--

ALTER TABLE ONLY public.django_admin_log
    ADD CONSTRAINT django_admin_log_content_type_id_c4bce8eb_fk_django_co FOREIGN KEY (content_type_id) REFERENCES public.django_content_type(id) DEFERRABLE INITIALLY DEFERRED;


--
-- Name: django_admin_log django_admin_log_user_id_c564eba6_fk_users_user_id; Type: FK CONSTRAINT; Schema: public; Owner: postgres
--

ALTER TABLE ONLY public.django_admin_log
    ADD CONSTRAINT django_admin_log_user_id_c564eba6_fk_users_user_id FOREIGN KEY (user_id) REFERENCES public.users_user(id) DEFERRABLE INITIALLY DEFERRED;


--
-- Name: management_node_controlunit management_node_cont_control_unit_name_id_b7084b30_fk_managemen; Type: FK CONSTRAINT; Schema: public; Owner: postgres
--

ALTER TABLE ONLY public.management_node_controlunit
    ADD CONSTRAINT management_node_cont_control_unit_name_id_b7084b30_fk_managemen FOREIGN KEY (control_unit_name_id) REFERENCES public.management_node_controlunitname(id) DEFERRABLE INITIALLY DEFERRED;


--
-- Name: tubes_type tubes_type_tube_type_id_392b3b62_fk_tubes_tubetype_id; Type: FK CONSTRAINT; Schema: public; Owner: postgres
--

ALTER TABLE ONLY public.tubes_type
    ADD CONSTRAINT tubes_type_tube_type_id_392b3b62_fk_tubes_tubetype_id FOREIGN KEY (tube_type_id) REFERENCES public.tubes_tubetype(id) DEFERRABLE INITIALLY DEFERRED;


--
-- Name: users_calculateresult users_calculateresults_user_id_e1a32400_fk_users_user_id; Type: FK CONSTRAINT; Schema: public; Owner: postgres
--

ALTER TABLE ONLY public.users_calculateresult
    ADD CONSTRAINT users_calculateresults_user_id_e1a32400_fk_users_user_id FOREIGN KEY (user_id) REFERENCES public.users_user(id) DEFERRABLE INITIALLY DEFERRED;


--
-- Name: users_user_groups users_user_groups_group_id_9afc8d0e_fk_auth_group_id; Type: FK CONSTRAINT; Schema: public; Owner: postgres
--

ALTER TABLE ONLY public.users_user_groups
    ADD CONSTRAINT users_user_groups_group_id_9afc8d0e_fk_auth_group_id FOREIGN KEY (group_id) REFERENCES public.auth_group(id) DEFERRABLE INITIALLY DEFERRED;


--
-- Name: users_user_groups users_user_groups_user_id_5f6f5a90_fk_users_user_id; Type: FK CONSTRAINT; Schema: public; Owner: postgres
--

ALTER TABLE ONLY public.users_user_groups
    ADD CONSTRAINT users_user_groups_user_id_5f6f5a90_fk_users_user_id FOREIGN KEY (user_id) REFERENCES public.users_user(id) DEFERRABLE INITIALLY DEFERRED;


--
-- Name: users_user_user_permissions users_user_user_perm_permission_id_0b93982e_fk_auth_perm; Type: FK CONSTRAINT; Schema: public; Owner: postgres
--

ALTER TABLE ONLY public.users_user_user_permissions
    ADD CONSTRAINT users_user_user_perm_permission_id_0b93982e_fk_auth_perm FOREIGN KEY (permission_id) REFERENCES public.auth_permission(id) DEFERRABLE INITIALLY DEFERRED;


--
-- Name: users_user_user_permissions users_user_user_permissions_user_id_20aca447_fk_users_user_id; Type: FK CONSTRAINT; Schema: public; Owner: postgres
--

ALTER TABLE ONLY public.users_user_user_permissions
    ADD CONSTRAINT users_user_user_permissions_user_id_20aca447_fk_users_user_id FOREIGN KEY (user_id) REFERENCES public.users_user(id) DEFERRABLE INITIALLY DEFERRED;


--
-- PostgreSQL database dump complete
--

\unrestrict aQGB285nvv33nb2iKsUqDQI6DjBcfZ4BQhH5UyxyIKeRPJ8zXaxzPUDytMxcaQI

